Date,Symbol,Timeframe,Direction,Signal Price,Optimum Price,TP Price,Stop Loss Price,TP % (Signal),TP % (Optimum),SL % (Signal),SL % (Optimum),Current Price,Status,MessageID,Signal Validity Time,Optimum Validity Time,Signal Timestamp,Breakout Possibility,AlertSent
2025-10-24 9:47:20,VRSN.US,Daily,Long,237,225.04044,269.70609,213.13863,13.80%,19.85%,10.07%,5.29%,308,New,19a16795ae1e39ea,2025-11-01 20:00:00,2025-11-17 19:00:00,2025-10-23 20:00:00,21%,SKIPPED
2025-10-24 10:26:39,KLAC.US,4-hour,Short,1186.986,1297.01466,1083.6087,1352.35445,8.71%,16.45%,13.93%,4.27%,1977.22,New,19a169d5c8b0be09,2025-10-28 8:00:00,2025-11-07 7:00:00,2025-10-24 12:00:00,50%,SKIPPED
2025-10-24 10:49:29,UNP.US,1-hour,Long,217.78313,209.88837,224.82,206.61176,3.23%,7.11%,5.13%,1.56%,271.24,New,19a16b243e8c7447,2025-10-25 13:00:00,2025-10-27 11:00:00,2025-10-24 13:00:00,15%,SKIPPED
2025-10-24 11:08:14,ANET.US,1-hour,Short,155.2124,168.07713,148.48435,171.92615,4.33%,11.66%,10.77%,2.29%,159.34,New,19a16c36e6239afb,2025-10-25 14:00:00,2025-10-27 12:00:00,2025-10-24 14:00:00,10%,SKIPPED
2025-10-24 12:10:04,MU.US,1-hour,Short,217.31325,240.1925,203.63043,246.42759,6.30%,15.22%,13.40%,2.60%,877.87,New,19a16fc0a345ff9d,2025-10-25 15:00:00,2025-10-27 13:00:00,2025-10-24 15:00:00,40%,SKIPPED
2025-10-24 12:15:29,VRSN.US,4-hour,Long,227.01,220.38455,262.10348,211.81784,15.46%,18.93%,6.69%,3.89%,308,New,19a1700ffc8b4124,2025-10-28 8:00:00,2025-11-07 7:00:00,2025-10-24 12:00:00,51%,SKIPPED
2025-10-24 13:05:04,TMO.US,4-hour,Short,573.59,639.7026,541.93826,657.75281,5.52%,15.28%,14.67%,2.82%,447.3,New,19a172e675779179,2025-10-27 20:00:00,2025-11-04 19:00:00,2025-10-24 16:00:00,15%,SKIPPED
2025-10-24 13:05:04,LRCX.US,1-hour,Short,152.37,163.57485,145.07957,167.89027,4.78%,11.31%,10.19%,2.64%,315.08,New,19a172e675779179,2025-10-25 16:00:00,2025-10-27 14:00:00,2025-10-24 16:00:00,10%,SKIPPED
2025-10-24 13:05:04,KLAC.US,1-hour,Short,1185.77,1276.47853,1144.86043,1302.55643,3.45%,10.31%,9.85%,2.04%,1977.22,New,19a172e675779179,2025-10-25 16:00:00,2025-10-27 14:00:00,2025-10-24 16:00:00,30%,SKIPPED
2025-10-24 13:05:04,CRWD.US,1-hour,Short,525,555.6936,510.61174,567.08445,2.74%,8.11%,8.02%,2.05%,673.96,New,19a172e675779179,2025-10-25 16:00:00,2025-10-27 14:00:00,2025-10-24 16:00:00,30%,SKIPPED
2025-10-24 13:05:04,NAS100,1-hour,Short,25409.7,25665.38711,25220,25755.84689,0.75%,1.74%,1.36%,0.35%,#N/A,New,19a172e675779179,2025-10-24 23:00:00,2025-10-25 11:00:00,2025-10-24 16:00:00,42%,SKIPPED
2025-10-24 15:05:04,AVGO.US,1-hour,Short,355.09078,389.49553,345.63913,395.66998,2.66%,11.26%,11.43%,1.59%,423.21,New,19a179c43db25944,2025-10-25 18:00:00,2025-10-26 23:00:00,2025-10-24 18:00:00,5%,SKIPPED
2025-10-23 9:36:05,BSX.US,4-hour,Short,105.39,113.79895,98.07957,116.61286,6.94%,13.81%,10.65%,2.47%,57.69,New,19a1148b57ab0ad5,2025-10-29 8:00:00,2025-11-06 7:00:00,2025-10-23 12:00:00,14%,SKIPPED
2025-10-23 9:36:05,VRSN.US,1-hour,Long,249.23,240.56475,265.07826,235.82258,6.36%,10.19%,5.38%,1.97%,308,New,19a1148b57ab0ad5,2025-10-24 12:00:00,2025-10-26 10:00:00,2025-10-23 12:00:00,51%,SKIPPED
2025-10-23 9:57:34,ISRG.US,Daily,Short,538.72,585.04933,446.95609,611.00233,17.03%,23.60%,13.42%,4.44%,436.45,New,19a115c627b21c22,2025-10-31 20:00:00,2025-11-18 19:00:00,2025-10-22 20:00:00,14%,SKIPPED
2025-10-23 11:58:44,ORLY.US,1-hour,Long,94.13746,93.29929,100.7613,91.90232,7.04%,8.00%,2.37%,1.50%,88.09,New,19a11cb50711a46c,2025-10-24 14:00:00,2025-10-26 12:00:00,2025-10-23 14:00:00,64%,SKIPPED
2025-10-23 12:05:04,COP.US,1-hour,Short,90.89,93.91313,87.26174,95.3832,3.99%,7.08%,4.94%,1.57%,118.45,New,19a11d123742141c,2025-10-24 15:00:00,2025-10-26 13:00:00,2025-10-23 15:00:00,10%,SKIPPED
2025-10-23 12:05:04,XOM.US,1-hour,Short,116.38,119.08632,113.40826,120.43579,2.55%,4.77%,3.48%,1.13%,151.66,New,19a11d123742141c,2025-10-24 15:00:00,2025-10-26 13:00:00,2025-10-23 15:00:00,5%,SKIPPED
2025-10-23 14:05:04,ODFL.US,1-hour,Long,135.77,119.30361,141.27696,116.21918,4.06%,18.42%,14.40%,2.59%,214.99,New,19a123efb9066090,2025-10-24 17:00:00,2025-10-25 22:00:00,2025-10-23 17:00:00,5%,SKIPPED
2025-10-22 9:36:02,ISRG.US,4-hour,Short,546.04,568.58584,443.54609,604.6592,18.77%,21.99%,10.74%,6.34%,436.45,New,19a0c224bf767682,2025-10-28 8:00:00,2025-11-05 7:00:00,2025-10-22 12:00:00,35%,SKIPPED
2025-10-22 9:36:02,DXCM.US,1-hour,Short,70.01404,74.20382,67.51783,75.55317,3.57%,9.01%,7.91%,1.82%,72.64,New,19a0c224bf767682,2025-10-23 12:00:00,2025-10-27 10:00:00,2025-10-22 12:00:00,15%,SKIPPED
2025-10-22 10:35:17,BSX.US,1-hour,Short,104.6727,106.55895,99.78652,107.9507,4.67%,6.36%,3.13%,1.31%,57.69,New,19a0c5887bb42d62,2025-10-23 13:00:00,2025-10-27 11:00:00,2025-10-22 13:00:00,34%,SKIPPED
2025-10-22 13:09:17,MRVL.US,1-hour,Long,80.40508,71.78183,85.1487,69.53569,5.90%,18.62%,13.52%,3.13%,201.81,New,19a0ce5864b0dea1,2025-10-23 16:00:00,2025-10-27 14:00:00,2025-10-22 16:00:00,10%,SKIPPED
2025-10-22 14:05:02,TXN.US,1-hour,Long,166.41,153.68211,177.1487,148.84798,6.45%,15.27%,10.55%,3.15%,322.31,New,19a0d1892b58bca7,2025-10-23 17:00:00,2025-10-24 22:00:00,2025-10-22 17:00:00,33%,SKIPPED
2025-10-22 14:05:02,SYK.US,1-hour,Short,390.45,401.25344,379.75217,407.11363,2.74%,5.36%,4.27%,1.46%,311.44,New,19a0d1892b58bca7,2025-10-23 17:00:00,2025-10-24 22:00:00,2025-10-22 17:00:00,12%,SKIPPED
2025-10-22 14:05:02,ORCL.US,1-hour,Long,271.83,271.41794,279.03696,265.13151,2.65%,2.81%,2.46%,2.32%,192.09,New,19a0d1892b58bca7,2025-10-23 17:00:00,2025-10-24 22:00:00,2025-10-22 17:00:00,5%,SKIPPED
2025-10-21 9:36:15,DHR.US,Daily,Short,227.19,241.14448,200.79478,252.37575,11.62%,16.73%,11.09%,4.66%,172,New,19a06fc23799fb13,2025-10-31 20:00:00,2025-11-16 19:00:00,2025-10-20 20:00:00,15%,SKIPPED
2025-10-21 9:36:15,DHR.US,1-hour,Short,233.80357,236.84961,209.40043,241.92635,10.44%,11.59%,3.47%,2.14%,172,New,19a06fc23799fb13,2025-10-22 12:00:00,2025-10-26 10:00:00,2025-10-21 12:00:00,76%,SKIPPED
2025-10-21 9:36:15,ADBE.US,1-hour,Short,343.5,359.61171,334.73348,364.62599,2.55%,6.92%,6.15%,1.39%,242.3,New,19a06fc23799fb13,2025-10-22 12:00:00,2025-10-26 10:00:00,2025-10-21 12:00:00,5%,SKIPPED
2025-10-21 11:05:05,ACN.US,1-hour,Short,249,263.69597,239.13957,268.13585,3.96%,9.31%,7.69%,1.68%,178.21,New,19a074d7631f9cc0,2025-10-22 14:00:00,2025-10-26 12:00:00,2025-10-21 14:00:00,5%,SKIPPED
2025-10-21 11:10:45,DOCU.US,1-hour,Short,72.58274,76.85277,68.60913,78.42716,5.47%,10.73%,8.05%,2.05%,49.66,New,19a0752a52dce223,2025-10-22 14:00:00,2025-10-26 12:00:00,2025-10-21 14:00:00,10%,SKIPPED
2025-10-21 12:05:05,CRM.US,1-hour,Short,264.28,281.91265,249.83652,288.5678,5.47%,11.38%,9.19%,2.36%,181.53,New,19a0784668564536,2025-10-22 15:00:00,2025-10-26 13:00:00,2025-10-21 15:00:00,31%,SKIPPED
2025-10-21 12:05:05,CRWD.US,1-hour,Short,506.29,554.16506,489.46696,564.02005,3.32%,11.67%,11.40%,1.78%,673.96,New,19a0784668564536,2025-10-22 15:00:00,2025-10-26 13:00:00,2025-10-21 15:00:00,5%,SKIPPED
2025-10-21 12:05:05,AMZN.US,1-hour,Short,222.32,236.6116,215.40348,239.6513,3.11%,8.96%,7.80%,1.28%,263.72,New,19a0784668564536,2025-10-22 15:00:00,2025-10-26 13:00:00,2025-10-21 15:00:00,5%,SKIPPED
2025-10-21 12:05:05,BKNG.US,1-hour,Short,5196.6,5351.16698,5067.24783,5434.8306,2.49%,5.31%,4.58%,1.56%,164.23,New,19a0784668564536,2025-10-22 15:00:00,2025-10-26 13:00:00,2025-10-21 15:00:00,5%,SKIPPED
2025-10-21 13:05:05,PANW.US,1-hour,Short,214.24,231.01603,209.24913,234.16873,2.33%,9.42%,9.30%,1.36%,258.35,New,19a07bb520b68dd3,2025-10-22 16:00:00,2025-10-26 14:00:00,2025-10-21 16:00:00,5%,SKIPPED
2025-10-21 13:05:05,MRK.US,1-hour,Short,86.87,91.47326,85.23913,92.74748,1.88%,6.82%,6.77%,1.39%,120.9,New,19a07bb520b68dd3,2025-10-22 16:00:00,2025-10-26 14:00:00,2025-10-21 16:00:00,5%,SKIPPED
2025-10-21 14:05:50,NOW.US,1-hour,Short,940.87,1012.73862,910.55565,1027.9272,3.22%,10.09%,9.25%,1.50%,101.73,New,19a07f2f1b334fa9,2025-10-22 17:00:00,2025-10-25 22:00:00,2025-10-21 17:00:00,15%,SKIPPED
2025-10-21 15:05:20,ALGN.US,1-hour,Short,135.90568,147.16953,132.3413,149.79259,2.62%,10.08%,10.22%,1.78%,164.05,New,19a08296acc56ee3,2025-10-22 18:00:00,2025-10-25 23:00:00,2025-10-21 18:00:00,10%,SKIPPED
2025-10-21 15:05:20,FAST.US,1-hour,Short,43.32,47.11199,42.62522,47.61528,1.60%,9.52%,9.92%,1.07%,44.15,New,19a08296acc56ee3,2025-10-22 18:00:00,2025-10-25 23:00:00,2025-10-21 18:00:00,5%,SKIPPED
2025-10-20 10:05:04,ISRG.US,1-hour,Short,458.81648,472.41813,439.29391,479.34946,4.25%,7.01%,4.48%,1.47%,436.45,New,19a01f02740baf19,2025-10-23 13:00:00,2025-10-25 11:00:00,2025-10-20 13:00:00,12%,SKIPPED
2025-10-20 11:05:05,LULU.US,1-hour,Short,175.3,189.31153,166.70609,192.71133,4.90%,11.94%,9.93%,1.80%,127.25,New,19a022716047d69b,2025-10-23 14:00:00,2025-10-25 12:00:00,2025-10-20 14:00:00,5%,SKIPPED
2025-10-20 11:05:05,AAPL.US,1-hour,Short,261.57,269.4987,250.15826,273.6087,4.36%,7.18%,4.60%,1.53%,310.38,New,19a022716047d69b,2025-10-23 14:00:00,2025-10-25 12:00:00,2025-10-20 14:00:00,45%,SKIPPED
2025-10-20 11:45:14,LLY.US,1-hour,Long,799,748.51208,813.5013,735.23512,1.81%,8.68%,7.98%,1.77%,1078.43,New,19a024be04c8784e,2025-10-23 14:00:00,2025-10-25 12:00:00,2025-10-20 14:00:00,5%,SKIPPED
2025-10-20 12:05:04,ORCL.US,1-hour,Long,278.73,243.79759,299.51652,232.41176,7.46%,22.85%,16.62%,4.67%,192.09,New,19a025e05e43540c,2025-10-23 15:00:00,2025-10-25 13:00:00,2025-10-20 15:00:00,10%,SKIPPED
2025-10-20 13:05:03,GILD.US,1-hour,Short,122.94677,130.81401,120.51304,133.03586,1.98%,7.87%,8.21%,1.70%,135.26,New,19a0294f27ce4ba2,2025-10-23 16:00:00,2025-10-25 14:00:00,2025-10-20 16:00:00,15%,SKIPPED
2025-10-20 14:06:38,CTAS.US,1-hour,Short,192.64607,203.81282,187.79783,206.50411,2.52%,7.86%,7.19%,1.32%,171.17,New,19a02cd5795e2ef6,2025-10-23 17:00:00,2025-10-24 22:00:00,2025-10-20 17:00:00,5%,SKIPPED
2025-10-20 14:20:38,NAS100,1-hour,Short,25200.70073,25590.85118,24964.37826,25705.24084,0.94%,2.45%,2.00%,0.45%,#N/A,New,19a02da279d34256,2025-10-21 0:00:00,2025-10-21 12:00:00,2025-10-20 17:00:00,15%,SKIPPED
2025-10-20 15:56:38,KLAC.US,1-hour,Short,1156.44414,1249.83674,1106.73217,1277.07378,4.30%,11.45%,10.43%,2.18%,1977.22,New,19a033208f38ab9f,2025-10-23 18:00:00,2025-10-24 23:00:00,2025-10-20 18:00:00,30%,SKIPPED
2025-10-17 14:05:07,SBUX.US,1-hour,Short,85.37,86.78258,83.48826,89.04271,2.20%,3.80%,4.30%,2.60%,101.63,New,199f358dd6e60ef6,2025-10-18 17:00:00,2025-10-19 22:00:00,2025-10-17 17:00:00,5%,SKIPPED
2025-10-16 9:36:03,FAST.US,Daily,Long,42.03175,36.56701,46.97435,34.47396,11.76%,28.46%,17.98%,5.72%,44.15,New,199ed3c31c7b13c6,2025-10-24 20:00:00,2025-11-11 19:00:00,2025-10-15 20:00:00,10%,SKIPPED
2025-10-16 9:49:33,GOOGL.US,1-hour,Short,255.97744,263.80629,245.06391,268.18429,4.26%,7.10%,4.77%,1.66%,386.56,New,199ed4889eda0616,2025-10-17 12:00:00,2025-10-19 10:00:00,2025-10-16 12:00:00,15%,SKIPPED
2025-10-16 9:49:33,GOOG.US,1-hour,Short,256.79201,264.72774,245.85696,269.07213,4.26%,7.13%,4.78%,1.64%,382.55,New,199ed4889eda0616,2025-10-17 12:00:00,2025-10-19 10:00:00,2025-10-16 12:00:00,50%,SKIPPED
2025-10-16 10:21:33,AMD.US,1-hour,Short,240.79962,270.28659,225.1087,278.9723,6.52%,16.71%,15.85%,3.21%,488.34,New,199ed65d334278b2,2025-10-17 13:00:00,2025-10-19 11:00:00,2025-10-16 13:00:00,50%,SKIPPED
2025-10-16 11:05:18,BKNG.US,1-hour,Long,5038.5,4770.10624,5206.15826,4690.49022,3.33%,9.14%,6.91%,1.67%,164.23,New,199ed8de2f0c6b5d,2025-10-17 14:00:00,2025-10-19 12:00:00,2025-10-16 14:00:00,40%,SKIPPED
2025-10-16 14:05:03,LIN.US,1-hour,Long,444,426.69804,455.21522,421.43186,2.53%,6.68%,5.08%,1.23%,514.92,New,199ee3278fb0cf33,2025-10-17 17:00:00,2025-10-18 22:00:00,2025-10-16 17:00:00,42%,SKIPPED
2025-10-16 14:13:53,AMAT.US,Daily,Short,225.83,241.8369,205.53391,267.44793,8.99%,15.01%,18.43%,10.59%,448.93,New,199ee3a872f5c336,2025-10-24 20:00:00,2025-11-11 19:00:00,2025-10-15 20:00:00,10%,SKIPPED
2025-10-15 9:36:04,ASML.US,Daily,Short,1029.81,1038.06493,954.69652,1093.73678,7.29%,8.03%,6.21%,5.36%,1608.97,New,199e815d9f6069e0,2025-10-23 20:00:00,2025-11-10 19:00:00,2025-10-14 20:00:00,10%,SKIPPED
2025-10-15 9:36:04,COP.US,4-hour,Long,88.65,79.18387,92.75696,76.43885,4.63%,17.14%,13.77%,3.47%,118.45,New,199e815d9f6069e0,2025-10-21 8:00:00,2025-10-29 8:00:00,2025-10-15 12:00:00,5%,SKIPPED
2025-10-15 9:36:04,TJX.US,1-hour,Short,144.52938,149.7442,141.21957,151.61974,2.29%,5.69%,4.91%,1.25%,158.75,New,199e815d9f6069e0,2025-10-16 12:00:00,2025-10-20 10:00:00,2025-10-15 12:00:00,10%,SKIPPED
2025-10-15 9:36:04,HD.US,1-hour,Short,389.01,398.99495,380.39522,403.21507,2.21%,4.66%,3.65%,1.06%,309.75,New,199e815d9f6069e0,2025-10-16 12:00:00,2025-10-20 10:00:00,2025-10-15 12:00:00,5%,SKIPPED
2025-10-15 12:06:34,SBUX.US,1-hour,Short,82.87433,86.49009,80.25565,87.8158,3.16%,7.21%,5.96%,1.53%,101.63,New,199e89f9e9f49d99,2025-10-16 15:00:00,2025-10-20 13:00:00,2025-10-15 15:00:00,5%,SKIPPED
2025-10-15 14:05:04,KLAC.US,1-hour,Short,1077.62,1159.03924,1031.57522,1188.11582,4.27%,11.00%,10.25%,2.51%,1977.22,New,199e90c21b7ef21b,2025-10-16 17:00:00,2025-10-17 22:00:00,2025-10-15 17:00:00,5%,SKIPPED
2025-10-15 14:39:39,LRCX.US,1-hour,Short,143.64452,154.04248,138.44217,157.5628,3.62%,10.13%,9.69%,2.29%,315.08,New,199e92bc50cce7ac,2025-10-16 17:00:00,2025-10-17 22:00:00,2025-10-15 17:00:00,5%,SKIPPED
2025-10-14 9:36:04,CSCO.US,1-hour,Long,66.94028,64.34848,69.0787,63.25835,3.19%,7.35%,5.50%,1.69%,118.06,New,199e2ef762aa65c1,2025-10-15 12:00:00,2025-10-19 10:00:00,2025-10-14 12:00:00,10%,SKIPPED
2025-10-14 12:05:04,ANET.US,1-hour,Long,140.45,123.02869,153.07826,116.25902,8.99%,24.42%,17.22%,5.50%,159.34,New,199e377e6c8e8451,2025-10-15 15:00:00,2025-10-19 13:00:00,2025-10-14 15:00:00,5%,SKIPPED
2025-10-14 14:05:04,ROST.US,1-hour,Short,155.93,164.6824,151.85652,167.59397,2.61%,7.79%,7.48%,1.77%,234.24,New,199e3e5be0984e26,2025-10-15 17:00:00,2025-10-18 22:00:00,2025-10-14 17:00:00,5%,SKIPPED
2025-10-14 15:06:25,LOW.US,1-hour,Short,240.85455,248.44778,235.11957,251.18999,2.38%,5.36%,4.29%,1.10%,212.06,New,199e41de8eca3ec5,2025-10-15 18:00:00,2025-10-18 23:00:00,2025-10-14 18:00:00,5%,SKIPPED
2025-10-13 9:36:06,FAST.US,1-hour,Long,43.71822,43.22039,46.8987,42.39066,7.27%,8.51%,3.04%,1.92%,44.15,New,199ddc91e83e6d1c,2025-10-16 12:00:00,2025-10-18 10:00:00,2025-10-13 12:00:00,55%,SKIPPED
2025-10-13 9:36:06,ADI.US,1-hour,Long,226.66,214.61745,234.66043,210.6576,3.53%,9.34%,7.06%,1.85%,415.08,New,199ddc91e83e6d1c,2025-10-16 12:00:00,2025-10-18 10:00:00,2025-10-13 12:00:00,22%,SKIPPED
2025-10-13 9:36:06,TXN.US,1-hour,Long,172.53067,164.17143,177.93261,161.43204,3.13%,8.38%,6.43%,1.67%,322.31,New,199ddc91e83e6d1c,2025-10-16 12:00:00,2025-10-18 10:00:00,2025-10-13 12:00:00,35%,SKIPPED
2025-10-13 13:05:06,FAST.US,4-hour,Long,43.38,40.39225,47.61783,38.92621,9.77%,17.89%,10.27%,3.63%,44.15,New,199de8877dfc51b0,2025-10-18 20:00:00,2025-10-26 20:00:00,2025-10-13 16:00:00,28%,SKIPPED
2025-10-13 15:05:06,LLY.US,1-hour,Long,820.13,777.68846,842.5,765.1692,2.73%,8.33%,6.70%,1.61%,1078.43,New,199def6541106342,2025-10-16 18:00:00,2025-10-17 23:00:00,2025-10-13 18:00:00,5%,SKIPPED
2025-10-10 9:36:02,ORLY.US,4-hour,Long,100.04,91.99088,104.1813,89.488,4.14%,13.25%,10.55%,2.72%,88.09,New,199ce5d7d2750801,2025-10-14 8:00:00,2025-10-24 8:00:00,2025-10-10 12:00:00,10%,SKIPPED
2025-10-10 11:29:12,NAS100,1-hour,Long,24655.1,24595.67687,25112.86087,24493.35128,1.86%,2.10%,0.66%,0.42%,#N/A,New,199cebd9a9bbdb71,2025-10-10 21:00:00,2025-10-11 10:00:00,2025-10-10 14:00:00,21%,SKIPPED
2025-10-10 11:37:22,AMD.US,1-hour,Long,214.7284,209.17319,224.33826,199.91451,4.48%,7.25%,6.90%,4.43%,488.34,New,199cec516cca1858,2025-10-11 14:00:00,2025-10-13 12:00:00,2025-10-10 14:00:00,5%,SKIPPED
2025-10-10 12:05:02,COP.US,1-hour,Long,88.97,85.83172,93.00739,84.06884,4.54%,8.36%,5.51%,2.05%,118.45,New,199cede782556229,2025-10-11 15:00:00,2025-10-13 13:00:00,2025-10-10 15:00:00,30%,SKIPPED
2025-10-10 12:05:02,AAPL.US,1-hour,Long,247.77711,240.2795,255.53043,237.6997,3.13%,6.35%,4.07%,1.07%,310.38,New,199cede782556229,2025-10-11 15:00:00,2025-10-13 13:00:00,2025-10-10 15:00:00,19%,SKIPPED
2025-10-10 12:05:02,VRSN.US,1-hour,Long,260.32,249.90438,265.75478,246.43879,2.09%,6.34%,5.33%,1.39%,308,New,199cede782556229,2025-10-11 15:00:00,2025-10-13 13:00:00,2025-10-10 15:00:00,35%,SKIPPED
2025-10-10 13:05:02,SNPS.US,1-hour,Long,450.1,422.08696,478.67043,410.70671,6.35%,13.41%,8.75%,2.70%,535.38,New,199cf155a8b03934,2025-10-11 16:00:00,2025-10-13 14:00:00,2025-10-10 16:00:00,12%,SKIPPED
2025-10-10 13:05:02,CTAS.US,4-hour,Long,190.22,174.44507,200.62348,170.03067,5.47%,15.01%,10.61%,2.53%,171.17,New,199cf155a8b03934,2025-10-13 20:00:00,2025-10-21 20:00:00,2025-10-10 16:00:00,25%,SKIPPED
2025-10-10 13:05:02,SBUX.US,4-hour,Long,79.35,71.30267,83.31652,68.86555,5.00%,16.85%,13.21%,3.42%,101.63,New,199cf155a8b03934,2025-10-13 20:00:00,2025-10-21 20:00:00,2025-10-10 16:00:00,25%,SKIPPED
2025-10-10 13:26:12,ODFL.US,1-hour,Long,134.33006,123.70684,141.53348,120.55028,5.36%,14.41%,10.26%,2.55%,214.99,New,199cf28b84b13059,2025-10-11 16:00:00,2025-10-13 14:00:00,2025-10-10 16:00:00,10%,SKIPPED
2025-10-10 13:26:12,LOW.US,1-hour,Long,231.86514,226.76338,236.47826,224.49586,1.99%,4.28%,3.18%,1.00%,212.06,New,199cf28b84b13059,2025-10-11 16:00:00,2025-10-13 14:00:00,2025-10-10 16:00:00,15%,SKIPPED
2025-10-10 14:05:03,MCHP.US,1-hour,Long,61.68,56.71932,65.14913,55.09717,5.62%,14.86%,10.67%,2.86%,97.33,New,199cf4c4a872b040,2025-10-11 17:00:00,2025-10-12 22:00:00,2025-10-10 17:00:00,15%,SKIPPED
2025-10-10 14:05:03,LRCX.US,1-hour,Long,133.28072,126.42611,140.27217,123.50102,5.25%,10.95%,7.34%,2.31%,315.08,New,199cf4c4a872b040,2025-10-11 17:00:00,2025-10-12 22:00:00,2025-10-10 17:00:00,10%,SKIPPED
2025-10-10 14:05:03,NXPI.US,1-hour,Long,210.08,199.35277,220.24522,194.63306,4.84%,10.48%,7.35%,2.37%,327.75,New,199cf4c4a872b040,2025-10-11 17:00:00,2025-10-12 22:00:00,2025-10-10 17:00:00,17%,SKIPPED
2025-10-10 14:57:32,SWKS.US,1-hour,Long,70.1077,67.72976,74.11826,66.19763,5.72%,9.43%,5.58%,2.26%,81.81,New,199cf7c58a75abf4,2025-10-11 17:00:00,2025-10-12 22:00:00,2025-10-10 17:00:00,25%,SKIPPED
2025-10-10 14:57:32,UBER.US,1-hour,Long,93.95421,89.32926,97.19478,87.65193,3.45%,8.81%,6.71%,1.88%,70.58,New,199cf7c58a75abf4,2025-10-11 17:00:00,2025-10-12 22:00:00,2025-10-10 17:00:00,5%,SKIPPED
2025-10-10 15:05:02,ISRG.US,1-hour,Long,432.8,417.19626,443.62087,411.88272,2.50%,6.33%,4.83%,1.27%,436.45,New,199cf8334faecf38,2025-10-11 18:00:00,2025-10-12 23:00:00,2025-10-10 18:00:00,5%,SKIPPED
2025-10-10 15:05:02,ADBE.US,1-hour,Long,338,318.97872,346.03783,314.57652,2.38%,8.48%,6.93%,1.38%,242.3,New,199cf8334faecf38,2025-10-11 18:00:00,2025-10-12 23:00:00,2025-10-10 18:00:00,10%,SKIPPED
2025-10-10 15:31:02,ACN.US,1-hour,Long,241.71927,226.72528,249.72043,222.48352,3.31%,10.14%,7.96%,1.87%,178.21,New,199cf9b0698eff32,2025-10-11 18:00:00,2025-10-12 23:00:00,2025-10-10 18:00:00,5%,SKIPPED
2025-10-10 15:40:37,LIN.US,1-hour,Long,455.11,438.69365,463.67391,433.93724,1.88%,5.69%,4.65%,1.08%,514.92,New,199cfa3c6f93f964,2025-10-11 18:00:00,2025-10-12 23:00:00,2025-10-10 18:00:00,25%,SKIPPED
2025-10-10 16:01:52,NAS100,4-hour,Long,24207.92688,23904.08103,25007.4913,23680.51664,3.30%,4.62%,2.18%,0.94%,#N/A,New,199cfb746ce81311,2025-10-11 20:00:00,2025-10-13 20:00:00,2025-10-10 16:00:00,10%,SKIPPED
2025-10-09 9:36:09,JNJ.US,Daily,Short,189.38,202.69661,180.3387,207.97669,4.77%,11.03%,9.82%,2.60%,231.19,New,199c92fc1757329f,2025-10-17 20:00:00,2025-11-04 19:00:00,2025-10-08 20:00:00,20%,SKIPPED
2025-10-09 12:05:04,ANET.US,1-hour,Short,156.66,167.57143,151.67043,172.04815,3.18%,9.49%,9.82%,2.67%,159.34,New,199c9b81944c8ad6,2025-10-10 15:00:00,2025-10-12 13:00:00,2025-10-09 15:00:00,25%,SKIPPED
2025-10-09 13:53:09,VRSN.US,4-hour,Long,261.64637,242.79726,276.09348,235.56216,5.52%,13.71%,9.97%,2.98%,308,New,199ca1b0ced5f025,2025-10-12 20:00:00,2025-10-22 20:00:00,2025-10-09 16:00:00,10%,SKIPPED
2025-10-09 14:05:04,HD.US,1-hour,Long,379.24,369.39513,384.90087,366.32521,1.49%,4.20%,3.41%,0.83%,309.75,New,199ca25f33c88963,2025-10-10 17:00:00,2025-10-11 22:00:00,2025-10-09 17:00:00,20%,SKIPPED
2025-10-09 14:12:54,GOOG.US,1-hour,Long,240.93292,224.96023,246.39087,221.78362,2.27%,9.53%,7.95%,1.41%,382.55,New,199ca2d1ef333084,2025-10-10 17:00:00,2025-10-11 22:00:00,2025-10-09 17:00:00,5%,SKIPPED
2025-10-09 16:00:39,CTAS.US,1-hour,Long,191.3129,187.43055,197.30478,185.1472,3.13%,5.27%,3.22%,1.22%,171.17,New,199ca8fc8b1cff82,2025-10-10 18:00:00,2025-10-11 23:00:00,2025-10-09 18:00:00,45%,SKIPPED
2025-10-08 9:36:05,AMD.US,Daily,Short,211.39,240.7894,163.74739,257.5443,22.54%,32.00%,21.83%,6.96%,488.34,New,199c409537b9daa3,2025-10-16 20:00:00,2025-11-03 19:00:00,2025-10-07 20:00:00,17%,SKIPPED
2025-10-08 9:36:05,TMO.US,Daily,Short,535.02,614.17559,489.20783,641.58239,8.56%,20.35%,19.92%,4.46%,447.3,New,199c409537b9daa3,2025-10-16 20:00:00,2025-11-03 19:00:00,2025-10-07 20:00:00,5%,SKIPPED
2025-10-08 9:36:05,HD.US,Daily,Long,385.01,336.54904,410.12043,324.95033,6.52%,21.86%,15.60%,3.45%,309.75,New,199c409537b9daa3,2025-10-16 20:00:00,2025-11-03 19:00:00,2025-10-07 20:00:00,5%,SKIPPED
2025-10-08 9:36:05,NXPI.US,1-hour,Long,219.54,200.52833,227.97609,196.08819,3.84%,13.69%,10.68%,2.21%,327.75,New,199c409537b9daa3,2025-10-09 12:00:00,2025-10-13 10:00:00,2025-10-08 12:00:00,10%,SKIPPED
2025-10-08 9:36:05,ADI.US,1-hour,Long,233.75,220.07494,241.17609,216.15191,3.18%,9.59%,7.53%,1.78%,415.08,New,199c409537b9daa3,2025-10-09 12:00:00,2025-10-13 10:00:00,2025-10-08 12:00:00,15%,SKIPPED
2025-10-08 10:05:05,LRCX.US,1-hour,Long,139.32,130.1485,146.61391,126.25937,5.24%,12.65%,9.37%,2.99%,315.08,New,199c423e04919560,2025-10-09 13:00:00,2025-10-13 11:00:00,2025-10-08 13:00:00,5%,SKIPPED
2025-10-08 10:05:05,KLAC.US,1-hour,Long,1074.31,1010.07254,1116.79304,986.40116,3.95%,10.57%,8.18%,2.34%,1977.22,New,199c423e04919560,2025-10-09 13:00:00,2025-10-13 11:00:00,2025-10-08 13:00:00,5%,SKIPPED
2025-10-08 11:05:15,UNP.US,1-hour,Long,230.84,222.77456,235.01522,220.32461,1.81%,5.49%,4.56%,1.10%,271.24,New,199c45af7cc5095f,2025-10-09 14:00:00,2025-10-13 12:00:00,2025-10-08 14:00:00,10%,SKIPPED
2025-10-08 13:05:05,ADSK.US,1-hour,Long,309.46,293.87719,317.40652,288.99322,2.57%,8.01%,6.61%,1.66%,239.01,New,199c4c8abb3f4a59,2025-10-09 16:00:00,2025-10-13 14:00:00,2025-10-08 16:00:00,10%,SKIPPED
2025-10-08 15:05:00,CSCO.US,1-hour,Short,70.5,72.52507,68.88478,73.34692,2.29%,5.02%,4.04%,1.13%,118.06,New,199c53697e7d2e21,2025-10-09 18:00:00,2025-10-10 23:00:00,2025-10-08 18:00:00,19%,SKIPPED
2025-10-08 15:05:00,NAS100,1-hour,Short,25082.1,25379.98251,24926.3087,25461.00636,0.62%,1.79%,1.51%,0.32%,#N/A,New,199c53697e7d2e21,2025-10-09 1:00:00,2025-10-09 13:00:00,2025-10-08 18:00:00,15%,SKIPPED
2025-10-07 9:36:09,LLY.US,Daily,Short,843.5,932.06921,761.12609,970.56931,9.77%,18.34%,15.06%,4.13%,1078.43,New,199bee3045fe6342,2025-10-17 20:00:00,2025-11-02 19:00:00,2025-10-06 20:00:00,10%,SKIPPED
2025-10-07 9:36:09,MRK.US,Daily,Short,88.77,101.30986,83.12217,104.97734,6.36%,17.95%,18.26%,3.62%,120.9,New,199bee3045fe6342,2025-10-17 20:00:00,2025-11-02 19:00:00,2025-10-06 20:00:00,5%,SKIPPED
2025-10-07 9:36:09,LOW.US,1-hour,Long,240.7093,232.953,245.68696,230.29873,2.07%,5.47%,4.32%,1.14%,212.06,New,199bee3045fe6342,2025-10-08 12:00:00,2025-10-12 10:00:00,2025-10-07 12:00:00,10%,SKIPPED
2025-10-07 9:36:09,XOM.US,1-hour,Short,114.48443,119.33832,113,120.4134,1.30%,5.31%,5.18%,0.90%,151.66,New,199bee3045fe6342,2025-10-08 12:00:00,2025-10-12 10:00:00,2025-10-07 12:00:00,5%,SKIPPED
2025-10-07 9:53:34,DOCU.US,Daily,Long,70.39386,47.84095,79.29957,42.35192,12.65%,65.76%,39.84%,11.47%,49.66,New,199bef2f86c8c619,2025-10-17 20:00:00,2025-11-02 19:00:00,2025-10-06 20:00:00,5%,SKIPPED
2025-10-07 10:24:14,CSX.US,1-hour,Short,36.45411,36.68534,35.76609,37.07071,1.89%,2.51%,1.69%,1.05%,46.33,New,199bf0f1c02fbb9d,2025-10-08 13:00:00,2025-10-12 11:00:00,2025-10-07 13:00:00,25%,SKIPPED
2025-10-07 11:05:04,ORLY.US,1-hour,Long,100.9809,98.77688,103.95348,97.42113,2.94%,5.24%,3.53%,1.37%,88.09,New,199bf346e959b473,2025-10-08 14:00:00,2025-10-12 12:00:00,2025-10-07 14:00:00,12%,SKIPPED
2025-10-07 12:12:04,HD.US,1-hour,Long,386.3788,374.26365,392.24696,370.18976,1.52%,4.80%,4.19%,1.09%,309.75,New,199bf72b05a22c27,2025-10-08 15:00:00,2025-10-12 13:00:00,2025-10-07 15:00:00,10%,SKIPPED
2025-10-07 15:06:09,REGN.US,1-hour,Long,581.26,525.25082,593.61609,516.02767,2.13%,13.02%,11.22%,1.76%,641.79,New,199c011253def813,2025-10-08 18:00:00,2025-10-11 23:00:00,2025-10-07 18:00:00,5%,SKIPPED
2025-10-06 9:36:00,AMD.US,4-hour,Short,220.97,222.95251,161.83913,235.23142,26.76%,27.41%,6.45%,5.51%,488.34,New,199b9bc8924c718b,2025-10-12 8:00:00,2025-10-20 8:00:00,2025-10-06 12:00:00,72%,SKIPPED
2025-10-06 9:36:00,CSX.US,Daily,Short,36,40.80684,33.48957,42.12562,6.97%,17.93%,17.02%,3.23%,46.33,New,199b9bc8924c718b,2025-10-16 20:00:00,2025-11-01 20:00:00,2025-10-05 20:00:00,5%,SKIPPED
2025-10-06 10:05:05,MDT.US,1-hour,Short,97.91669,102.28614,95.49913,103.9623,2.47%,6.64%,6.17%,1.64%,77.69,New,199b9d72c1517dc4,2025-10-09 13:00:00,2025-10-11 11:00:00,2025-10-06 13:00:00,28%,SKIPPED
2025-10-06 10:05:05,ISRG.US,1-hour,Short,454.69,480.52832,444.41478,488.29948,2.26%,7.52%,7.39%,1.62%,436.45,New,199b9d72c1517dc4,2025-10-09 13:00:00,2025-10-11 11:00:00,2025-10-06 13:00:00,5%,SKIPPED
2025-10-06 12:05:05,SBUX.US,1-hour,Long,82.66957,77.56506,85.53565,76.12528,3.47%,10.28%,7.92%,1.86%,101.63,New,199ba4506c7c04a2,2025-10-09 15:00:00,2025-10-11 13:00:00,2025-10-06 15:00:00,10%,SKIPPED
2025-10-06 13:51:10,CRM.US,1-hour,Short,249.83985,258.80403,238.05957,262.06049,4.72%,8.02%,4.89%,1.26%,181.53,New,199baa624502e200,2025-10-09 16:00:00,2025-10-11 14:00:00,2025-10-06 16:00:00,12%,SKIPPED
2025-10-06 14:05:05,ABBV.US,1-hour,Long,228.71,213.93244,236.1613,209.36145,3.26%,10.39%,8.46%,2.14%,213.94,New,199bab2e11088670,2025-10-09 17:00:00,2025-10-10 22:00:00,2025-10-06 17:00:00,5%,SKIPPED
2025-10-06 15:05:20,ASML.US,1-hour,Short,1049.17,1055.64734,1032.09217,1071.1938,1.63%,2.23%,2.10%,1.47%,1608.97,New,199baea0bfa845c6,2025-10-09 18:00:00,2025-10-10 23:00:00,2025-10-06 18:00:00,30%,SKIPPED
2025-10-03 9:36:11,LOW.US,Daily,Long,246.5,217.03615,262.58783,208.64484,6.53%,20.99%,15.36%,3.87%,212.06,New,199aa499cc0688f6,2025-10-11 20:00:00,2025-10-27 20:00:00,2025-10-02 20:00:00,5%,SKIPPED
2025-10-03 9:53:21,AAPL.US,4-hour,Short,258.13,260.05897,251.8887,266.1677,2.42%,3.14%,3.11%,2.35%,310.38,New,199aa59545459857,2025-10-07 8:00:00,2025-10-17 8:00:00,2025-10-03 12:00:00,10%,SKIPPED
2025-10-03 9:58:51,MU.US,4-hour,Short,190.48758,208.93363,166.48783,218.4391,12.60%,20.32%,14.67%,4.55%,877.87,New,199aa5e5c27d9c1a,2025-10-07 8:00:00,2025-10-17 8:00:00,2025-10-03 12:00:00,54%,SKIPPED
2025-10-03 10:23:16,ALGN.US,1-hour,Short,133.52575,139.23201,126.64,141.82604,5.16%,9.04%,6.22%,1.86%,164.05,New,199aa74bc7326a36,2025-10-04 13:00:00,2025-10-06 11:00:00,2025-10-03 13:00:00,12%,SKIPPED
2025-10-03 12:05:06,MCHP.US,1-hour,Short,67.73084,71.98391,64.95087,73.60224,4.10%,9.77%,8.67%,2.25%,97.33,New,199aad1f5277c119,2025-10-04 15:00:00,2025-10-06 13:00:00,2025-10-03 15:00:00,5%,SKIPPED
2025-10-03 12:05:06,REGN.US,1-hour,Short,608.92,612.17506,592.42304,629.47087,2.71%,3.23%,3.37%,2.83%,641.79,New,199aad1f5277c119,2025-10-04 15:00:00,2025-10-06 13:00:00,2025-10-03 15:00:00,5%,SKIPPED
2025-10-03 13:05:01,AMAT.US,4-hour,Short,219.31,229.08741,203.86826,244.73126,7.04%,11.01%,11.59%,6.83%,448.93,New,199ab08ce5f50623,2025-10-06 20:00:00,2025-10-14 20:00:00,2025-10-03 16:00:00,20%,SKIPPED
2025-10-03 13:05:01,ASML.US,4-hour,Short,1036.37,1069.85077,966.0987,1123.42001,6.78%,9.70%,8.40%,5.01%,1608.97,New,199ab08ce5f50623,2025-10-06 20:00:00,2025-10-14 20:00:00,2025-10-03 16:00:00,24%,SKIPPED
2025-10-03 13:05:01,HD.US,4-hour,Long,396.5,375.57984,407.53783,368.36858,2.78%,8.51%,7.09%,1.92%,309.75,New,199ab08ce5f50623,2025-10-06 20:00:00,2025-10-14 20:00:00,2025-10-03 16:00:00,5%,SKIPPED
2025-10-03 13:36:21,META.US,4-hour,Long,714.34283,656.84822,748.8313,636.09476,4.83%,14.00%,10.95%,3.16%,607.92,New,199ab257dde6b785,2025-10-06 20:00:00,2025-10-14 20:00:00,2025-10-03 16:00:00,5%,SKIPPED
2025-10-03 14:25:42,ILMN.US,4-hour,Short,101.91626,121.85239,97.64,126.18781,4.20%,19.87%,23.82%,3.56%,145.37,New,199ab52ad05e16e6,2025-10-06 20:00:00,2025-10-14 20:00:00,2025-10-03 16:00:00,5%,SKIPPED
2025-10-02 9:36:02,TMO.US,4-hour,Short,526.95,571.77457,476.11348,591.47236,9.65%,16.73%,12.24%,3.45%,447.3,New,199a5231ee0748e7,2025-10-08 8:00:00,2025-10-16 8:00:00,2025-10-02 12:00:00,31%,SKIPPED
2025-10-02 9:36:02,ABBV.US,Daily,Short,240.51,251.25739,218.70522,260.02011,9.07%,12.96%,8.11%,3.49%,213.94,New,199a5231ee0748e7,2025-10-10 20:00:00,2025-10-28 20:00:00,2025-10-01 20:00:00,45%,SKIPPED
2025-10-02 9:36:02,MRVL.US,4-hour,Short,86.02,91.03784,78.24826,99.06637,9.03%,14.05%,15.17%,8.82%,201.81,New,199a5231ee0748e7,2025-10-08 8:00:00,2025-10-16 8:00:00,2025-10-02 12:00:00,30%,SKIPPED
2025-10-02 9:36:02,BIIB.US,4-hour,Short,154.74,175.08023,141.0713,180.22398,8.83%,19.42%,16.47%,2.94%,194.36,New,199a5231ee0748e7,2025-10-08 8:00:00,2025-10-16 8:00:00,2025-10-02 12:00:00,30%,SKIPPED
2025-10-02 9:36:02,ASML.US,1-hour,Short,1038.35,1057.22835,973.45609,1087.4337,6.25%,7.92%,4.73%,2.86%,1608.97,New,199a5231ee0748e7,2025-10-03 12:00:00,2025-10-05 10:00:00,2025-10-02 12:00:00,68%,SKIPPED
2025-10-02 9:36:02,CRM.US,1-hour,Long,233.59,233.29487,239.8813,229.22117,2.69%,2.82%,1.87%,1.75%,181.53,New,199a5231ee0748e7,2025-10-03 12:00:00,2025-10-05 10:00:00,2025-10-02 12:00:00,10%,SKIPPED
2025-10-02 9:36:02,HD.US,1-hour,Long,394.13,384.9783,403.69348,380.70826,2.43%,4.86%,3.41%,1.11%,309.75,New,199a5231ee0748e7,2025-10-03 12:00:00,2025-10-05 10:00:00,2025-10-02 12:00:00,27%,SKIPPED
2025-10-02 9:36:02,BKNG.US,1-hour,Long,5301.23,5299.11651,5414.62913,5220.8033,2.14%,2.18%,1.52%,1.48%,164.23,New,199a5231ee0748e7,2025-10-03 12:00:00,2025-10-05 10:00:00,2025-10-02 12:00:00,15%,SKIPPED
2025-10-02 10:05:02,AMAT.US,1-hour,Short,219.32527,228.4908,208.64304,233.31803,4.87%,8.69%,6.38%,2.11%,448.93,New,199a53da68dcdf48,2025-10-03 13:00:00,2025-10-05 11:00:00,2025-10-02 13:00:00,45%,SKIPPED
2025-10-02 11:35:47,META.US,1-hour,Long,719.41,713.40888,730.65217,701.64822,1.56%,2.42%,2.47%,1.65%,607.92,New,199a590bc113aa22,2025-10-03 14:00:00,2025-10-05 12:00:00,2025-10-02 14:00:00,10%,SKIPPED
2025-10-02 12:05:07,ORLY.US,1-hour,Long,104.57359,101.36389,106.80826,100.09927,2.14%,5.37%,4.28%,1.25%,88.09,New,199a5abaa85e5523,2025-10-03 15:00:00,2025-10-05 13:00:00,2025-10-02 15:00:00,5%,SKIPPED
2025-10-02 13:05:07,UBER.US,1-hour,Long,94.82662,90.03457,97.47652,88.58207,2.79%,8.27%,6.59%,1.61%,70.58,New,199a5e28bc3d4ff3,2025-10-03 16:00:00,2025-10-05 14:00:00,2025-10-02 16:00:00,10%,SKIPPED
2025-10-02 14:05:07,AMD.US,1-hour,Short,170.16,180.99181,163.54304,184.49081,3.89%,9.64%,8.42%,1.93%,488.34,New,199a619752f20ccd,2025-10-03 17:00:00,2025-10-04 22:00:00,2025-10-02 17:00:00,5%,SKIPPED
2025-09-30 9:36:11,UNP.US,Daily,Short,236,268.43654,221.99826,275.10363,5.93%,17.30%,16.57%,2.48%,271.24,New,1999ad68bbbb0261,2025-10-10 20:00:00,2025-10-26 20:00:00,2025-09-29 20:00:00,10%,SKIPPED
2025-09-30 9:36:11,LRCX.US,4-hour,Short,130.83,131.6807,126.28609,136.38981,3.47%,4.10%,4.25%,3.58%,315.08,New,1999ad68bbbb0261,2025-10-06 8:00:00,2025-10-14 8:00:00,2025-09-30 12:00:00,15%,SKIPPED
2025-09-30 9:36:11,AMZN.US,4-hour,Long,220.8634,199.08428,226.55174,193.39028,2.58%,13.80%,12.44%,2.86%,263.72,New,1999ad68bbbb0261,2025-10-06 8:00:00,2025-10-14 8:00:00,2025-09-30 12:00:00,5%,SKIPPED
2025-09-30 9:36:11,KLAC.US,4-hour,Short,1060,1073.46831,1037.60652,1110.28378,2.11%,3.34%,4.74%,3.43%,1977.22,New,1999ad68bbbb0261,2025-10-06 8:00:00,2025-10-14 8:00:00,2025-09-30 12:00:00,10%,SKIPPED
2025-09-30 9:44:26,TJX.US,1-hour,Short,144.38578,147.01428,141.87,148.18506,1.74%,3.50%,2.63%,0.80%,158.75,New,1999ade159fa48d5,2025-10-01 12:00:00,2025-10-05 10:00:00,2025-09-30 12:00:00,20%,SKIPPED
2025-09-30 10:08:11,MU.US,1-hour,Short,167.86902,179.29682,159.71348,183.1685,4.86%,10.92%,9.11%,2.16%,877.87,New,1999af3d2be77bbc,2025-10-01 13:00:00,2025-10-05 11:00:00,2025-09-30 13:00:00,5%,SKIPPED
2025-09-30 11:05:07,LRCX.US,1-hour,Short,133.63183,143.81623,129.41609,146.07556,3.15%,10.01%,9.31%,1.57%,315.08,New,1999b28074a73680,2025-10-01 14:00:00,2025-10-05 12:00:00,2025-09-30 14:00:00,45%,SKIPPED
2025-09-30 12:05:06,DOCU.US,1-hour,Long,74.86,72.93164,80.99087,70.68611,8.19%,11.05%,5.58%,3.08%,49.66,New,1999b5ee32b4e8bf,2025-10-01 15:00:00,2025-10-05 13:00:00,2025-09-30 15:00:00,19%,SKIPPED
2025-09-30 12:05:06,DHR.US,1-hour,Short,191.66,195.37107,184.32348,198.42712,3.83%,5.65%,3.53%,1.56%,172,New,1999b5ee32b4e8bf,2025-10-01 15:00:00,2025-10-05 13:00:00,2025-09-30 15:00:00,5%,SKIPPED
2025-09-30 12:25:46,ABBV.US,1-hour,Short,227.94832,236.65924,220.69087,239.40245,3.18%,6.75%,5.02%,1.16%,213.94,New,1999b71cdb42e2a5,2025-10-01 15:00:00,2025-10-05 13:00:00,2025-09-30 15:00:00,56%,SKIPPED
2025-09-30 13:05:01,CSX.US,4-hour,Short,35.48511,37.5868,33.60565,38.56833,5.30%,10.59%,8.69%,2.61%,46.33,New,1999b95c18364ae7,2025-10-05 20:00:00,2025-10-13 20:00:00,2025-09-30 16:00:00,10%,SKIPPED
2025-09-30 13:05:01,MRK.US,1-hour,Short,82.21,84.42531,78.69217,85.69195,4.28%,6.79%,4.24%,1.50%,120.9,New,1999b95c18364ae7,2025-10-01 16:00:00,2025-10-05 14:00:00,2025-09-30 16:00:00,5%,SKIPPED
2025-09-30 14:54:01,LLY.US,1-hour,Short,763.4,779.87812,725.12522,791.41599,5.01%,7.02%,3.67%,1.48%,1078.43,New,1999bf98344bd523,2025-10-01 17:00:00,2025-10-04 22:00:00,2025-09-30 17:00:00,10%,SKIPPED
2025-09-29 9:36:07,MRVL.US,Daily,Short,83.49,112.78588,70.91087,119.47364,15.07%,37.13%,43.10%,5.93%,201.81,New,19995b019b52ae96,2025-10-09 20:00:00,2025-10-25 20:00:00,2025-09-28 20:00:00,5%,SKIPPED
2025-09-29 9:36:07,COP.US,1-hour,Long,96.52784,95.59268,96.7613,94.03408,0.24%,1.22%,2.58%,1.63%,118.45,New,19995b019b52ae96,2025-10-02 12:00:00,2025-10-04 10:00:00,2025-09-29 12:00:00,5%,SKIPPED
2025-09-29 10:05:07,JNJ.US,1-hour,Short,180.13,186.61234,177.60652,188.03951,1.40%,4.83%,4.39%,0.76%,231.19,New,19995caa59c2f256,2025-10-02 13:00:00,2025-10-04 11:00:00,2025-09-29 13:00:00,15%,SKIPPED
2025-09-29 12:20:17,CSX.US,1-hour,Short,35.24097,36.73081,34.03217,37.22402,3.43%,7.35%,5.63%,1.34%,46.33,New,199964664b91861d,2025-10-02 15:00:00,2025-10-04 13:00:00,2025-09-29 15:00:00,5%,SKIPPED
2025-09-29 13:31:32,XOM.US,1-hour,Long,113.90087,109.05451,115.84217,107.76835,1.70%,6.22%,5.38%,1.18%,151.66,New,19996879e29f0b5d,2025-10-02 16:00:00,2025-10-04 14:00:00,2025-09-29 16:00:00,5%,SKIPPED
2025-09-29 14:20:27,ORLY.US,1-hour,Short,107.05361,111.26126,105.12087,112.49802,1.81%,5.52%,5.09%,1.11%,88.09,New,19996b468906d5b9,2025-10-02 17:00:00,2025-10-03 22:00:00,2025-09-29 17:00:00,5%,SKIPPED
2025-09-29 15:05:17,ACN.US,1-hour,Short,248.74,263.16875,238.78435,268.73114,4.00%,9.27%,8.04%,2.11%,178.21,New,19996dd7255e129f,2025-10-02 18:00:00,2025-10-03 23:00:00,2025-09-29 18:00:00,10%,SKIPPED
2025-09-26 9:36:11,AAPL.US,Daily,Short,254.5,276.55789,238.19739,285.82243,6.41%,13.87%,12.31%,3.35%,310.38,New,199863d145731741,2025-10-04 20:00:00,2025-10-23 20:00:00,2025-09-25 20:00:00,5%,SKIPPED
2025-09-26 9:36:11,TSLA.US,4-hour,Short,426.5,437.78834,414.46304,461.69813,2.82%,5.33%,8.25%,5.46%,429.35,New,199863d145731741,2025-09-30 8:00:00,2025-10-10 8:00:00,2025-09-26 12:00:00,5%,SKIPPED
2025-09-26 9:36:11,SWKS.US,4-hour,Short,79.17,93.38974,76.96522,96.72707,2.78%,17.59%,22.18%,3.57%,81.81,New,199863d145731741,2025-09-30 8:00:00,2025-10-10 8:00:00,2025-09-26 12:00:00,5%,SKIPPED
2025-09-26 10:11:21,IDXX.US,1-hour,Long,621.95,615.68222,630.1413,604.70132,1.32%,2.35%,2.77%,1.78%,555.4,New,199865d4da5b6c11,2025-09-27 13:00:00,2025-09-29 11:00:00,2025-09-26 13:00:00,5%,SKIPPED
2025-09-26 13:05:11,PG.US,4-hour,Long,152.18068,142.18911,155.81174,139.33443,2.39%,9.58%,8.44%,2.01%,143.82,New,19986fc6dc7793fa,2025-09-29 20:00:00,2025-10-07 20:00:00,2025-09-26 16:00:00,5%,SKIPPED
2025-10-27 10:05:06,GOOGL.US,1-hour,Short,265.16,279.4486,255.59174,283.92892,3.61%,8.54%,7.08%,1.60%,386.56,New,19a25fcb3f1417f7,2025-10-30 13:00:00,2025-11-01 11:00:00,2025-10-27 13:00:00,51%,SKIPPED
2025-10-27 10:05:06,GOOG.US,1-hour,Short,265.97343,280.08301,256.4813,284.49905,3.57%,8.43%,6.97%,1.58%,382.55,New,19a25fcb3f1417f7,2025-10-30 13:00:00,2025-11-01 11:00:00,2025-10-27 13:00:00,51%,SKIPPED
2025-10-27 10:05:06,AMZN.US,1-hour,Short,227.8,236.65876,221.30652,239.72264,2.85%,6.49%,5.23%,1.29%,263.72,New,19a25fcb3f1417f7,2025-10-30 13:00:00,2025-11-01 11:00:00,2025-10-27 13:00:00,10%,SKIPPED
2025-10-27 12:05:06,MRVL.US,1-hour,Short,88.49,96.7536,83.54435,99.24146,5.59%,13.65%,12.15%,2.57%,201.81,New,19a266a929972175,2025-10-30 15:00:00,2025-11-01 13:00:00,2025-10-27 15:00:00,5%,SKIPPED
2025-10-27 13:05:06,ADBE.US,4-hour,Short,356.02,405.13096,343.30087,415.05317,3.57%,15.26%,16.58%,2.45%,242.3,New,19a26a17d96fc24f,2025-11-01 20:00:00,2025-11-09 19:00:00,2025-10-27 16:00:00,5%,SKIPPED
2025-10-27 13:05:06,ASML.US,1-hour,Short,1053.24,1118.81187,1032.71609,1134.6925,1.95%,7.70%,7.73%,1.42%,1608.97,New,19a26a17d96fc24f,2025-10-30 16:00:00,2025-11-01 14:00:00,2025-10-27 16:00:00,5%,SKIPPED
2025-10-27 15:05:06,MSFT.US,1-hour,Short,533.49,550.8478,524.87609,555.67126,1.61%,4.71%,4.16%,0.88%,415.18,New,19a270f59253c3c8,2025-10-30 18:00:00,2025-10-31 23:00:00,2025-10-27 18:00:00,20%,SKIPPED
2025-10-27 15:26:36,AAPL.US,4-hour,Short,267.46826,285.14637,254.78826,292.38209,4.74%,10.65%,9.31%,2.54%,310.38,New,19a2723070f7d6aa,2025-11-01 20:00:00,2025-11-09 19:00:00,2025-10-27 16:00:00,50%,SKIPPED
2025-10-28 9:36:09,SWKS.US,1-hour,Short,87.00458,88.48029,74.99957,90.93982,13.80%,15.24%,4.52%,2.78%,81.81,New,19a2b08973908651,2025-10-29 12:00:00,2025-11-02 9:00:00,2025-10-28 12:00:00,67%,SKIPPED
2025-10-28 9:36:09,DXCM.US,4-hour,Short,69.9,83.19826,68.0387,85.51372,2.66%,18.22%,22.34%,2.78%,72.64,New,19a2b08973908651,2025-11-03 7:00:00,2025-11-11 7:00:00,2025-10-28 12:00:00,5%,SKIPPED
2025-10-28 9:52:14,REGN.US,1-hour,Short,631.8,634.74376,578.07174,645.97104,8.50%,8.93%,2.24%,1.77%,641.79,New,19a2b175367e28d0,2025-10-29 12:00:00,2025-11-02 9:00:00,2025-10-28 12:00:00,63%,SKIPPED
2025-10-28 14:11:04,META.US,1-hour,Short,756.04948,788.77543,744.38217,797.58222,1.54%,5.63%,5.49%,1.12%,607.92,New,19a2c04425f7d14a,2025-10-29 17:00:00,2025-11-01 22:00:00,2025-10-28 17:00:00,5%,SKIPPED
2025-10-28 15:05:04,MU.US,1-hour,Short,221.83,222.41843,216.9187,227.08715,2.21%,2.47%,2.37%,2.10%,877.87,New,19a2c35b5de3bec8,2025-10-29 18:00:00,2025-11-01 23:00:00,2025-10-28 18:00:00,15%,SKIPPED
2025-10-28 15:05:04,NAS100,1-hour,Short,26067,26165.5794,25882.43478,26237.9922,0.71%,1.08%,0.66%,0.28%,#N/A,New,19a2c35b5de3bec8,2025-10-29 1:00:00,2025-10-29 13:00:00,2025-10-28 18:00:00,51%,SKIPPED
2025-10-29 9:36:04,NVDA.US,4-hour,Short,209.82634,225.44339,184.4313,232.71328,12.10%,18.19%,10.91%,3.22%,213.56,New,19a302ed4501ee43,2025-11-04 7:00:00,2025-11-12 7:00:00,2025-10-29 12:00:00,66%,SKIPPED
2025-10-29 9:36:04,REGN.US,4-hour,Short,645,718.25975,581.61913,742.43015,9.83%,19.02%,15.11%,3.37%,641.79,New,19a302ed4501ee43,2025-11-04 7:00:00,2025-11-12 7:00:00,2025-10-29 12:00:00,31%,SKIPPED
2025-10-29 9:36:04,AMD.US,1-hour,Short,265.24,268.83426,253.85217,275.97686,4.29%,5.57%,4.05%,2.66%,488.34,New,19a302ed4501ee43,2025-10-30 12:00:00,2025-11-03 9:00:00,2025-10-29 12:00:00,50%,SKIPPED
2025-10-29 9:44:44,CRWD.US,4-hour,Short,540.62,614.13034,506.33565,634.39544,6.34%,17.55%,17.35%,3.30%,673.96,New,19a3036cd6743e86,2025-11-04 7:00:00,2025-11-12 7:00:00,2025-10-29 12:00:00,35%,SKIPPED
2025-10-29 9:44:44,KLAC.US,1-hour,Short,1240.66446,1252.1686,1194.99217,1271.34218,3.68%,4.57%,2.47%,1.53%,1977.22,New,19a3036cd6743e86,2025-10-30 12:00:00,2025-11-03 9:00:00,2025-10-29 12:00:00,56%,SKIPPED
2025-10-29 9:52:29,LRCX.US,1-hour,Short,161.246,163.15862,154.00522,166.34632,4.49%,5.61%,3.16%,1.95%,315.08,New,19a303ddbb7554d0,2025-10-30 12:00:00,2025-11-03 9:00:00,2025-10-29 12:00:00,50%,SKIPPED
2025-10-29 10:05:49,FAST.US,1-hour,Long,41.11995,39.89862,42.51348,39.33116,3.39%,6.55%,4.35%,1.42%,44.15,New,19a304a11ad95b03,2025-10-30 13:00:00,2025-11-03 10:00:00,2025-10-29 13:00:00,32%,SKIPPED
2025-10-29 11:05:09,ADBE.US,1-hour,Long,340.96,325.45304,355.68435,319.597,4.32%,9.29%,6.27%,1.80%,242.3,New,19a3080625f66fdf,2025-10-30 14:00:00,2025-11-03 11:00:00,2025-10-29 14:00:00,5%,SKIPPED
2025-10-29 11:30:34,CPRT.US,1-hour,Long,42.96569,42.01783,44.35217,41.50696,3.23%,5.56%,3.40%,1.22%,33.07,New,19a3097a9067d318,2025-10-30 14:00:00,2025-11-03 11:00:00,2025-10-29 14:00:00,52%,SKIPPED
2025-10-29 12:05:09,TXN.US,1-hour,Long,163.2,146.59983,168.27174,144.45559,3.11%,14.78%,11.49%,1.46%,322.31,New,19a30b75307fe0a5,2025-10-30 15:00:00,2025-11-03 12:00:00,2025-10-29 15:00:00,35%,SKIPPED
2025-10-29 12:05:09,LIN.US,1-hour,Long,434.04,425.28146,444.39391,421.14328,2.39%,4.49%,2.97%,0.97%,514.92,New,19a30b75307fe0a5,2025-10-30 15:00:00,2025-11-03 12:00:00,2025-10-29 15:00:00,46%,SKIPPED
2025-10-29 12:05:09,JNJ.US,1-hour,Long,185.04,181.87563,188.69217,179.8864,1.97%,3.75%,2.79%,1.09%,231.19,New,19a30b75307fe0a5,2025-10-30 15:00:00,2025-11-03 12:00:00,2025-10-29 15:00:00,15%,SKIPPED
2025-10-29 12:20:34,GOOGL.US,1-hour,Short,271.49,278.04342,265.89217,281.76786,2.06%,4.37%,3.79%,1.34%,386.56,New,19a30c571347f6a3,2025-10-30 15:00:00,2025-11-03 12:00:00,2025-10-29 15:00:00,47%,SKIPPED
2025-10-29 13:05:29,ADSK.US,1-hour,Long,301.98,282.16009,310.97087,277.67178,2.98%,10.21%,8.05%,1.59%,239.01,New,19a30eea325ea679,2025-10-30 16:00:00,2025-11-03 13:00:00,2025-10-29 16:00:00,5%,SKIPPED
2025-10-29 14:40:34,NXPI.US,1-hour,Long,203.89,189.94151,215.8813,184.41044,5.88%,13.66%,9.55%,2.91%,327.75,New,19a31459d27c9b65,2025-10-30 17:00:00,2025-10-31 22:00:00,2025-10-29 17:00:00,35%,SKIPPED
2025-10-29 14:46:34,SYK.US,1-hour,Long,367.5,351.60436,378.11565,347.27026,2.89%,7.54%,5.50%,1.23%,311.44,New,19a314b197c5ae12,2025-10-30 17:00:00,2025-10-31 22:00:00,2025-10-29 17:00:00,10%,SKIPPED
2025-10-29 15:05:04,GOOG.US,1-hour,Short,273.56,277.07645,268.21522,282.70276,1.95%,3.20%,3.34%,2.03%,382.55,New,19a315c134b6bf93,2025-10-30 18:00:00,2025-10-31 23:00:00,2025-10-29 18:00:00,42%,SKIPPED
2025-10-30 9:36:06,GOOGL.US,4-hour,Short,286.72,290.80931,257.15043,300.78789,10.31%,11.57%,4.91%,3.43%,386.56,New,19a35553a81ecb97,2025-11-05 7:00:00,2025-11-13 7:00:00,2025-10-30 12:00:00,62%,SKIPPED
2025-10-30 9:36:06,GOOG.US,4-hour,Short,287.01,291.60488,257.87609,301.51174,10.15%,11.57%,5.05%,3.40%,382.55,New,19a35553a81ecb97,2025-11-05 7:00:00,2025-11-13 7:00:00,2025-10-30 12:00:00,62%,SKIPPED
2025-10-30 9:36:06,LRCX.US,4-hour,Short,163.10749,181.01945,147.68435,188.45386,9.46%,18.42%,15.54%,4.11%,315.08,New,19a35553a81ecb97,2025-11-05 7:00:00,2025-11-13 7:00:00,2025-10-30 12:00:00,50%,SKIPPED
2025-10-30 9:36:06,LULU.US,1-hour,Long,168.0097,156.88498,177.71522,152.36958,5.78%,13.28%,9.31%,2.88%,127.25,New,19a35553a81ecb97,2025-10-31 12:00:00,2025-11-02 9:00:00,2025-10-30 12:00:00,10%,SKIPPED
2025-10-30 9:36:06,SBUX.US,1-hour,Long,81.3267,79.73026,85.92043,78.26331,5.65%,7.76%,3.77%,1.84%,101.63,New,19a35553a81ecb97,2025-10-31 12:00:00,2025-11-02 9:00:00,2025-10-30 12:00:00,14%,SKIPPED
2025-10-30 11:40:06,ORCL.US,1-hour,Long,259.80336,253.02291,278.6687,246.51586,7.26%,10.14%,5.11%,2.57%,192.09,New,19a35c6c048df0b0,2025-10-31 14:00:00,2025-11-02 11:00:00,2025-10-30 14:00:00,27%,SKIPPED
2025-10-30 11:40:06,MDT.US,1-hour,Long,90.98179,86.16348,92.98174,85.14067,2.20%,7.91%,6.42%,1.19%,77.69,New,19a35c6c048df0b0,2025-10-31 14:00:00,2025-11-02 11:00:00,2025-10-30 14:00:00,25%,SKIPPED
2025-10-31 9:38:18,ILMN.US,1-hour,Short,113.27,114.96322,98.11609,118.17946,13.38%,14.65%,4.33%,2.80%,145.37,New,19a3a7d9b2f0a4ae,2025-11-01 12:00:00,2025-11-03 9:00:00,2025-10-31 12:00:00,74%,SKIPPED
2025-10-31 9:38:18,LIN.US,4-hour,Long,415.08,404.45638,445.12435,395.4206,7.24%,10.05%,4.74%,2.23%,514.92,New,19a3a7d9b2f0a4ae,2025-11-04 7:00:00,2025-11-14 7:00:00,2025-10-31 12:00:00,46%,SKIPPED
2025-10-31 9:48:08,LIN.US,Daily,Long,414.37,397.87576,453.89609,383.69297,9.54%,14.08%,7.40%,3.56%,514.92,New,19a3a8699f640aa9,2025-11-08 19:00:00,2025-11-24 19:00:00,2025-10-30 20:00:00,21%,SKIPPED
2025-10-31 9:54:38,META.US,4-hour,Long,658.10833,589.17564,728.3687,563.41814,10.68%,23.63%,14.39%,4.37%,607.92,New,19a3a8c8dc8d6789,2025-11-04 7:00:00,2025-11-14 7:00:00,2025-10-31 12:00:00,24%,SKIPPED
2025-10-31 10:05:03,DXCM.US,1-hour,Long,58.46,55.06281,68.29739,52.18689,16.83%,24.04%,10.73%,5.22%,72.64,New,19a3a961b6a478b6,2025-11-01 13:00:00,2025-11-03 10:00:00,2025-10-31 13:00:00,69%,SKIPPED
2025-10-31 10:05:03,AMZN.US,1-hour,Short,248.65,259.45705,229.08217,265.46668,7.87%,11.71%,6.76%,2.32%,263.72,New,19a3a961b6a478b6,2025-11-01 13:00:00,2025-11-03 10:00:00,2025-10-31 13:00:00,67%,SKIPPED
2025-10-31 13:05:03,ILMN.US,4-hour,Short,120.83,127.46222,99.25565,133.94558,17.86%,22.13%,10.85%,5.09%,145.37,New,19a3b3ae4110e451,2025-11-03 19:00:00,2025-11-11 19:00:00,2025-10-31 16:00:00,44%,SKIPPED
2025-10-31 13:05:03,AMZN.US,4-hour,Short,245.85,257.37863,222.91522,265.97706,9.33%,13.39%,8.19%,3.34%,263.72,New,19a3b3ae4110e451,2025-11-03 19:00:00,2025-11-11 19:00:00,2025-10-31 16:00:00,53%,SKIPPED
2025-10-31 13:05:03,TXN.US,4-hour,Long,161.23,137.98631,170.81565,131.43365,5.95%,23.79%,18.48%,4.75%,322.31,New,19a3b3ae4110e451,2025-11-03 19:00:00,2025-11-11 19:00:00,2025-10-31 16:00:00,10%,SKIPPED
2025-11-03 9:36:08,IDXX.US,1-hour,Short,724.99,734.0899,630.20478,753.39239,13.07%,14.15%,3.92%,2.63%,555.4,New,19a4a25a661e48cd,2025-11-06 11:00:00,2025-11-08 9:00:00,2025-11-03 11:00:00,92%,SKIPPED
2025-11-03 9:36:08,GOOGL.US,Daily,Short,280.68,312.56763,254.13,325.69848,9.46%,18.70%,16.04%,4.20%,386.56,New,19a4a25a661e48cd,2025-11-13 19:00:00,2025-11-29 19:00:00,2025-11-02 19:00:00,34%,SKIPPED
2025-11-03 9:36:08,GOOG.US,Daily,Short,281.13,312.84181,254.86696,325.87007,9.34%,18.53%,15.91%,4.16%,382.55,New,19a4a25a661e48cd,2025-11-13 19:00:00,2025-11-29 19:00:00,2025-11-02 19:00:00,29%,SKIPPED
2025-11-03 10:05:08,ABBV.US,1-hour,Long,215.75,205.23528,223.78957,200.60848,3.73%,9.04%,7.02%,2.25%,213.94,New,19a4a403329a9660,2025-11-06 12:00:00,2025-11-08 10:00:00,2025-11-03 12:00:00,20%,SKIPPED
2025-11-03 11:05:03,MSFT.US,1-hour,Long,519.98,515.24616,526.9487,506.68646,1.34%,2.27%,2.56%,1.66%,415.18,New,19a4a770dd3bf2a8,2025-11-06 13:00:00,2025-11-08 11:00:00,2025-11-03 13:00:00,5%,SKIPPED
2025-11-03 12:05:04,LLY.US,1-hour,Short,885.13,920.24006,845.70174,941.77137,4.45%,8.10%,6.40%,2.34%,1078.43,New,19a4aadfd208b237,2025-11-06 14:00:00,2025-11-08 12:00:00,2025-11-03 14:00:00,48%,SKIPPED
2025-11-03 12:05:04,ORLY.US,1-hour,Long,90.75,87.30741,94.63304,85.72942,4.28%,8.39%,5.53%,1.81%,88.09,New,19a4aadfd208b237,2025-11-06 14:00:00,2025-11-08 12:00:00,2025-11-03 14:00:00,34%,SKIPPED
2025-11-03 13:05:09,ORLY.US,4-hour,Long,90.72,86.09264,97.63826,82.90517,7.63%,13.41%,8.61%,3.70%,88.09,New,19a4ae4fd919cffd,2025-11-08 19:00:00,2025-11-16 19:00:00,2025-11-03 15:00:00,24%,SKIPPED
2025-11-03 13:36:43,IDXX.US,4-hour,Short,727.06,770.45631,638.78609,795.70948,12.14%,17.09%,9.44%,3.28%,555.4,New,19a4b01e7d2bc3d4,2025-11-08 19:00:00,2025-11-16 19:00:00,2025-11-03 15:00:00,68%,SKIPPED
2025-11-04 3:08:32,NAS100,1-hour,Long,25654.8,25271.39554,25936.78261,25141.04969,1.10%,2.63%,2.00%,0.52%,#N/A,New,19a4de923357c672,2025-11-04 12:00:00,2025-11-05 1:00:00,2025-11-04 5:00:00,10%,SKIPPED
2025-11-04 9:36:07,ABBV.US,4-hour,Long,210.91,199.09108,226.42652,192.94373,7.36%,13.73%,8.52%,3.09%,213.94,New,19a4f4bfdf4d0021,2025-11-10 7:00:00,2025-11-18 7:00:00,2025-11-04 11:00:00,10%,SKIPPED
2025-11-04 9:36:07,CPRT.US,4-hour,Long,43.21726,38.652,44.07609,37.61795,1.99%,14.03%,12.96%,2.68%,33.07,New,19a4f4bfdf4d0021,2025-11-10 7:00:00,2025-11-18 7:00:00,2025-11-04 11:00:00,15%,SKIPPED
2025-11-04 9:36:07,SYK.US,1-hour,Long,357.38,353.85018,362.74565,347.76258,1.50%,2.51%,2.69%,1.72%,311.44,New,19a4f4bfdf4d0021,2025-11-05 11:00:00,2025-11-09 9:00:00,2025-11-04 11:00:00,5%,SKIPPED
2025-11-04 10:11:47,LLY.US,4-hour,Short,892.74906,960.57027,828.39783,988.83566,7.21%,13.76%,10.76%,2.94%,1078.43,New,19a4f6ca7b6c330d,2025-11-10 7:00:00,2025-11-18 7:00:00,2025-11-04 11:00:00,22%,SKIPPED
2025-11-04 10:24:27,AMD.US,Daily,Short,256.27,271.56467,231.47174,297.38454,9.68%,14.76%,16.04%,9.51%,488.34,New,19a4f78451723313,2025-11-14 19:00:00,2025-11-30 19:00:00,2025-11-03 19:00:00,25%,SKIPPED
2025-11-04 11:05:02,SWKS.US,1-hour,Long,73.16,61.40523,77.88913,59.30957,6.46%,26.84%,18.93%,3.41%,81.81,New,19a4f9d65f9d0c42,2025-11-05 13:00:00,2025-11-09 11:00:00,2025-11-04 13:00:00,10%,SKIPPED
2025-11-04 12:05:12,LULU.US,1-hour,Long,161.79,153.05574,167.69043,149.83368,3.65%,9.56%,7.39%,2.11%,127.25,New,19a4fd4767077d66,2025-11-05 14:00:00,2025-11-09 12:00:00,2025-11-04 14:00:00,20%,SKIPPED
2025-11-04 13:05:12,SNPS.US,1-hour,Long,418.51,390.93312,442.34957,380.42994,5.70%,13.15%,9.10%,2.69%,535.38,New,19a500b661b364ec,2025-11-05 15:00:00,2025-11-09 13:00:00,2025-11-04 15:00:00,22%,SKIPPED
2025-11-04 14:05:02,SBUX.US,1-hour,Long,78.09106,75.11377,81.20957,73.32923,3.99%,8.12%,6.10%,2.38%,101.63,New,19a50422f37e31bf,2025-11-05 16:00:00,2025-11-08 21:00:00,2025-11-04 16:00:00,40%,SKIPPED
2025-11-05 9:36:03,ORCL.US,4-hour,Long,248.17,205.21061,271.10565,193.0278,9.24%,32.11%,22.22%,5.94%,192.09,New,19a54724a3e8c92a,2025-11-11 7:00:00,2025-11-19 7:00:00,2025-11-05 11:00:00,10%,SKIPPED
2025-11-05 9:36:03,MDT.US,4-hour,Long,89.75,82.55342,92.96478,80.38571,3.58%,12.61%,10.43%,2.63%,77.69,New,19a54724a3e8c92a,2025-11-11 7:00:00,2025-11-19 7:00:00,2025-11-05 11:00:00,10%,SKIPPED
2025-11-05 9:51:13,ILMN.US,1-hour,Short,125.45,128.94331,117.22783,135.00499,6.55%,9.09%,7.62%,4.70%,145.37,New,19a54802de799a6f,2025-11-06 11:00:00,2025-11-10 9:00:00,2025-11-05 11:00:00,45%,SKIPPED
2025-11-05 10:05:43,ANET.US,1-hour,Long,140.8349,134.1176,156.18783,129.47198,10.90%,16.46%,8.07%,3.46%,159.34,New,19a548d75cf3151a,2025-11-06 12:00:00,2025-11-10 10:00:00,2025-11-05 12:00:00,14%,SKIPPED
2025-11-05 10:05:43,SYK.US,4-hour,Long,357.58473,317.61633,373.53304,307.11709,4.46%,17.61%,14.11%,3.31%,311.44,New,19a548d75cf3151a,2025-11-11 7:00:00,2025-11-19 7:00:00,2025-11-05 11:00:00,5%,SKIPPED
2025-11-05 13:05:09,TJX.US,1-hour,Short,145.51,151.10401,140.84261,152.86852,3.21%,6.79%,5.06%,1.17%,158.75,New,19a5531bafd1193f,2025-11-06 15:00:00,2025-11-10 13:00:00,2025-11-05 15:00:00,15%,SKIPPED
2025-11-06 9:36:01,ILMN.US,Daily,Short,121.51,149.47246,101.04696,159.29735,16.84%,32.40%,31.10%,6.57%,145.37,New,19a59989fd7d4026,2025-11-14 19:00:00,2025-12-02 19:00:00,2025-11-05 19:00:00,5%,SKIPPED
2025-11-06 9:36:01,META.US,Daily,Long,633,527.1883,708.52739,487.65032,11.93%,34.40%,22.96%,7.50%,607.92,New,19a59989fd7d4026,2025-11-14 19:00:00,2025-12-02 19:00:00,2025-11-05 19:00:00,10%,SKIPPED
2025-11-06 10:04:46,CRM.US,1-hour,Long,241.46,230.53277,255.51348,225.69813,5.82%,10.84%,6.53%,2.10%,181.53,New,19a59b2f588ced03,2025-11-07 12:00:00,2025-11-09 10:00:00,2025-11-06 12:00:00,19%,SKIPPED
2025-11-06 10:04:46,OKTA.US,1-hour,Long,86.26702,78.80216,88.86043,77.07361,3.01%,12.76%,10.66%,2.19%,96.05,New,19a59b2f588ced03,2025-11-07 11:00:00,2025-11-09 9:00:00,2025-11-06 11:00:00,10%,SKIPPED
2025-11-06 10:18:36,CSCO.US,1-hour,Long,71.04907,67.36846,73.0487,66.34257,2.81%,8.43%,6.62%,1.52%,118.06,New,19a59bf9b6720196,2025-11-07 12:00:00,2025-11-09 10:00:00,2025-11-06 12:00:00,5%,SKIPPED
2025-11-06 10:31:11,CPRT.US,1-hour,Long,40.31122,39.24985,42.46304,38.60339,5.34%,8.19%,4.24%,1.65%,33.07,New,19a59cb26473290c,2025-11-07 12:00:00,2025-11-09 10:00:00,2025-11-06 12:00:00,70%,SKIPPED
2025-11-06 10:56:01,MSFT.US,1-hour,Long,496.98426,477.96602,513.1287,472.12409,3.25%,7.36%,5.00%,1.22%,415.18,New,19a59e1ddcf4991a,2025-11-07 12:00:00,2025-11-09 10:00:00,2025-11-06 12:00:00,33%,SKIPPED
2025-11-06 12:05:01,NAS100,1-hour,Long,25129.2,24520.91336,25585.26957,24348.49169,1.81%,4.34%,3.11%,0.70%,#N/A,New,19a5a21065886206,2025-11-06 21:00:00,2025-11-07 10:00:00,2025-11-06 14:00:00,20%,SKIPPED
2025-11-06 13:05:06,SNPS.US,4-hour,Long,395.04,329.19668,444.76348,307.03274,12.59%,35.11%,22.28%,6.73%,535.38,New,19a5a580902fc117,2025-11-09 19:00:00,2025-11-19 19:00:00,2025-11-06 15:00:00,10%,SKIPPED
2025-11-06 13:05:06,NOW.US,1-hour,Long,856.3,789.71175,885.03391,772.1512,3.36%,12.07%,9.83%,2.22%,101.73,New,19a5a580902fc117,2025-11-07 15:00:00,2025-11-09 13:00:00,2025-11-06 15:00:00,20%,SKIPPED
2025-11-06 13:11:21,FTNT.US,1-hour,Long,79.39218,72.18455,84.46739,69.68804,6.39%,17.02%,12.22%,3.46%,134.57,New,19a5a5dc1140b0ce,2025-11-07 15:00:00,2025-11-09 13:00:00,2025-11-06 15:00:00,10%,SKIPPED
2025-11-06 13:11:21,UBER.US,1-hour,Long,91.33769,84.3725,94.44652,81.70258,3.40%,11.94%,10.55%,3.16%,70.58,New,19a5a5dc1140b0ce,2025-11-07 15:00:00,2025-11-09 13:00:00,2025-11-06 15:00:00,5%,SKIPPED
2025-11-07 9:36:07,ANET.US,4-hour,Long,134.34,100.39443,152.9413,91.95474,13.85%,52.34%,31.55%,8.41%,159.34,New,19a5ebf12338a4f6,2025-11-11 7:00:00,2025-11-21 7:00:00,2025-11-07 11:00:00,10%,SKIPPED
2025-11-07 9:43:32,MSFT.US,4-hour,Long,496.4975,461.17263,521.62739,448.00079,5.06%,13.11%,9.77%,2.86%,415.18,New,19a5ec5d863d9672,2025-11-11 7:00:00,2025-11-21 7:00:00,2025-11-07 11:00:00,10%,SKIPPED
2025-11-07 10:31:22,MCHP.US,1-hour,Long,53.44837,51.30269,60.23087,49.45802,12.69%,17.40%,7.47%,3.60%,97.33,New,19a5ef1ac7f228e8,2025-11-08 12:00:00,2025-11-10 10:00:00,2025-11-07 12:00:00,75%,SKIPPED
2025-11-07 11:05:02,SNPS.US,1-hour,Long,390.65,390.21211,407.8413,378.16484,4.40%,4.52%,3.20%,3.09%,535.38,New,19a5f107bd74bbcf,2025-11-08 13:00:00,2025-11-10 11:00:00,2025-11-07 13:00:00,20%,SKIPPED
2025-11-07 11:16:57,AMD.US,1-hour,Long,226.19226,211.00375,247.69391,201.32886,9.51%,17.39%,10.99%,4.59%,488.34,New,19a5f1b659720045,2025-11-08 13:00:00,2025-11-10 11:00:00,2025-11-07 13:00:00,10%,SKIPPED
2025-11-07 11:35:12,ADBE.US,4-hour,Long,324.28568,299.32755,343.74043,288.33489,6.00%,14.84%,11.09%,3.67%,242.3,New,19a5f2c1edc30260,2025-11-11 7:00:00,2025-11-21 7:00:00,2025-11-07 11:00:00,45%,SKIPPED
2025-11-07 12:05:02,DXCM.US,1-hour,Long,54.92,42.43738,58.65565,40.57272,6.80%,38.22%,26.12%,4.39%,72.64,New,19a5f476ee81bfdf,2025-11-08 14:00:00,2025-11-10 12:00:00,2025-11-07 14:00:00,45%,SKIPPED
2025-11-07 12:05:02,SBUX.US,1-hour,Short,85.16,90.37899,81.5687,92.4523,4.22%,9.75%,8.56%,2.29%,101.63,New,19a5f476ee81bfdf,2025-11-08 14:00:00,2025-11-10 12:00:00,2025-11-07 14:00:00,5%,SKIPPED
2025-11-07 12:05:02,META.US,1-hour,Long,606.1,538.9584,626.92739,528.01515,3.44%,16.32%,12.88%,2.03%,607.92,New,19a5f476ee81bfdf,2025-11-08 14:00:00,2025-11-10 12:00:00,2025-11-07 14:00:00,35%,SKIPPED
2025-11-07 12:05:02,AMZN.US,1-hour,Long,238.85,215.21995,246.8913,211.07802,3.37%,14.72%,11.63%,1.92%,263.72,New,19a5f476ee81bfdf,2025-11-08 14:00:00,2025-11-10 12:00:00,2025-11-07 14:00:00,5%,SKIPPED
2025-11-07 13:05:07,ORCL.US,1-hour,Long,234.04,219.37823,245.12391,213.25029,4.74%,11.74%,8.88%,2.79%,192.09,New,19a5f7e86cfab0e0,2025-11-08 15:00:00,2025-11-10 13:00:00,2025-11-07 15:00:00,15%,SKIPPED
2025-11-07 15:05:03,XOM.US,1-hour,Short,117.37,123.35087,115.01261,124.68021,2.01%,6.76%,6.23%,1.08%,151.66,New,19a5fec32542e1ea,2025-11-08 17:00:00,2025-11-09 22:00:00,2025-11-07 17:00:00,10%,SKIPPED
2025-11-10 0:05:07,NAS100,1-hour,Short,25374.6,26385.94557,25095.90435,26595.85294,1.10%,4.89%,4.81%,0.80%,#N/A,New,19a6c2757eee1426,2025-11-12 10:00:00,2025-11-12 22:00:00,2025-11-10 2:00:00,5%,SKIPPED
2025-11-10 9:43:17,LLY.US,Daily,Short,959.67,1069.32538,844.27435,1116.15165,12.02%,21.05%,16.31%,4.38%,1078.43,New,19a6e38b93621113,2025-11-20 19:00:00,2025-12-06 19:00:00,2025-11-09 19:00:00,25%,SKIPPED
2025-11-10 13:06:27,UNP.US,1-hour,Short,224.10343,234.12384,219.29217,236.42727,2.15%,6.33%,5.50%,0.98%,271.24,New,19a6ef2af59c47ac,2025-11-13 15:00:00,2025-11-15 13:00:00,2025-11-10 15:00:00,10%,SKIPPED
2025-11-10 14:05:07,GILD.US,1-hour,Long,117.83,106.7232,120.85043,104.33518,2.56%,13.24%,11.45%,2.24%,135.26,New,19a6f28650b992dd,2025-11-13 16:00:00,2025-11-14 21:00:00,2025-11-10 16:00:00,5%,SKIPPED
2025-11-10 15:05:07,ISRG.US,1-hour,Short,571.15,593.00424,553.84348,603.84516,3.03%,6.60%,5.72%,1.83%,436.45,New,19a6f5f566a15544,2025-11-13 17:00:00,2025-11-14 22:00:00,2025-11-10 17:00:00,27%,SKIPPED
2025-11-10 15:19:37,MDT.US,1-hour,Short,92.84145,95.6036,91.11043,96.6378,1.86%,4.70%,4.09%,1.08%,77.69,New,19a6f6c9a07a83b7,2025-11-13 17:00:00,2025-11-14 22:00:00,2025-11-10 17:00:00,10%,SKIPPED
2025-11-11 9:36:08,ORCL.US,Daily,Long,234.2337,120.53531,275.12217,97.81027,17.46%,128.25%,58.24%,18.85%,192.09,New,19a7358851c8d23b,2025-11-21 19:00:00,2025-12-07 19:00:00,2025-11-10 19:00:00,5%,SKIPPED
2025-11-11 9:36:08,DXCM.US,Daily,Long,56,39.14687,65.03043,33.87468,16.13%,66.12%,39.51%,13.47%,72.64,New,19a7358851c8d23b,2025-11-21 19:00:00,2025-12-07 19:00:00,2025-11-10 19:00:00,25%,SKIPPED
2025-11-11 9:36:08,MCHP.US,4-hour,Long,55.27,45.86453,61.05,42.68148,10.46%,33.11%,22.78%,6.94%,97.33,New,19a7358851c8d23b,2025-11-17 7:00:00,2025-11-25 7:00:00,2025-11-11 11:00:00,12%,SKIPPED
2025-11-11 9:36:08,AMZN.US,Daily,Short,247.86,284.97712,229.06565,298.42596,7.58%,19.62%,20.40%,4.72%,263.72,New,19a7358851c8d23b,2025-11-21 19:00:00,2025-12-07 19:00:00,2025-11-10 19:00:00,20%,SKIPPED
2025-11-11 9:36:08,IDXX.US,Daily,Short,706.45,838.62115,654.09696,875.40673,7.41%,22.00%,23.92%,4.39%,555.4,New,19a7358851c8d23b,2025-11-21 19:00:00,2025-12-07 19:00:00,2025-11-10 19:00:00,20%,SKIPPED
2025-11-11 11:07:48,LLY.US,1-hour,Short,985.01054,1072.25428,941.32391,1098.31234,4.44%,12.21%,11.50%,2.43%,1078.43,New,19a73ac711c425f2,2025-11-12 13:00:00,2025-11-16 11:00:00,2025-11-11 13:00:00,45%,SKIPPED
2025-11-11 12:05:18,ALGN.US,1-hour,Short,142.77,154.60333,135.16174,158.07741,5.33%,12.58%,10.72%,2.25%,164.05,New,19a73e118da421c0,2025-11-12 14:00:00,2025-11-16 12:00:00,2025-11-11 14:00:00,10%,SKIPPED
2025-11-11 12:56:43,COP.US,1-hour,Short,91.32287,96.38083,87.40304,98.09296,4.29%,9.31%,7.41%,1.78%,118.45,New,19a741027eada610,2025-11-12 14:00:00,2025-11-16 12:00:00,2025-11-11 14:00:00,15%,SKIPPED
2025-11-11 13:05:03,LULU.US,1-hour,Short,170.66,183.90823,166.06913,187.23632,2.69%,9.70%,9.71%,1.81%,127.25,New,19a7417c7af653ab,2025-11-12 15:00:00,2025-11-16 13:00:00,2025-11-11 15:00:00,5%,SKIPPED
2025-11-11 13:05:03,BSX.US,1-hour,Short,102.2889,106.24476,100.02,107.53099,2.22%,5.86%,5.12%,1.21%,57.69,New,19a7417c7af653ab,2025-11-12 15:00:00,2025-11-16 13:00:00,2025-11-11 15:00:00,5%,SKIPPED
2025-11-11 14:05:03,NVDA.US,1-hour,Short,194.47109,211.19431,190.5287,216.64308,2.03%,9.79%,11.40%,2.58%,213.56,New,19a744eb76ecc911,2025-11-12 16:00:00,2025-11-15 21:00:00,2025-11-11 16:00:00,5%,SKIPPED
2025-11-11 15:05:09,JNJ.US,1-hour,Short,192.86,198.77736,188.0813,201.06822,2.48%,5.38%,4.26%,1.15%,231.19,New,19a7485bd97f4f05,2025-11-12 17:00:00,2025-11-15 22:00:00,2025-11-11 17:00:00,10%,SKIPPED
2025-11-12 9:36:03,ORLY.US,1-hour,Short,98.20375,98.96086,97.48217,100.22272,0.73%,1.49%,2.06%,1.28%,88.09,New,19a787ed08a7d3a7,2025-11-13 11:00:00,2025-11-17 9:00:00,2025-11-12 11:00:00,5%,SKIPPED
2025-11-12 10:05:03,REGN.US,1-hour,Short,685.25,716.16575,656.7513,728.23862,4.16%,8.30%,6.27%,1.69%,641.79,New,19a78995cf0c3607,2025-11-13 12:00:00,2025-11-17 10:00:00,2025-11-12 12:00:00,42%,SKIPPED
2025-11-12 10:05:03,ABBV.US,1-hour,Short,228.12,236.25856,220.0213,239.58765,3.55%,6.87%,5.03%,1.41%,213.94,New,19a78995cf0c3607,2025-11-13 12:00:00,2025-11-17 10:00:00,2025-11-12 12:00:00,12%,SKIPPED
2025-11-12 11:05:03,ADI.US,1-hour,Short,240.67663,255.46649,230.83391,260.16659,4.09%,9.64%,8.10%,1.84%,415.08,New,19a78d04ccd864b6,2025-11-13 13:00:00,2025-11-17 11:00:00,2025-11-12 13:00:00,10%,SKIPPED
2025-11-12 11:05:03,DHR.US,1-hour,Short,218.05,229.98886,211.9213,233.25577,2.81%,7.86%,6.97%,1.42%,172,New,19a78d04ccd864b6,2025-11-13 13:00:00,2025-11-17 11:00:00,2025-11-12 13:00:00,10%,SKIPPED
2025-11-12 12:05:03,DXCM.US,1-hour,Short,58.66014,62.76887,56.14739,64.35761,4.28%,10.55%,9.71%,2.53%,72.64,New,19a79073560218dd,2025-11-13 14:00:00,2025-11-17 12:00:00,2025-11-12 14:00:00,5%,SKIPPED
2025-11-12 12:05:03,SYK.US,1-hour,Short,369.2,387.92338,357.57,393.31443,3.15%,7.82%,6.53%,1.39%,311.44,New,19a79073560218dd,2025-11-13 14:00:00,2025-11-17 12:00:00,2025-11-12 14:00:00,10%,SKIPPED
2025-11-12 13:00:28,REGN.US,Daily,Short,683.03,785.44424,610.13391,826.19183,10.67%,22.32%,20.96%,5.19%,641.79,New,19a7939f16a275c7,2025-11-20 19:00:00,2025-12-08 19:00:00,2025-11-11 19:00:00,15%,SKIPPED
2025-11-13 9:36:07,CSCO.US,1-hour,Short,77.75,78.36155,72.09261,79.78231,7.28%,8.00%,2.61%,1.81%,118.06,New,19a7da533b51a914,2025-11-14 11:00:00,2025-11-16 9:00:00,2025-11-13 11:00:00,80%,SKIPPED
2025-11-13 9:36:07,ADBE.US,1-hour,Short,334.96,336.73657,331.4587,340.8465,1.05%,1.57%,1.76%,1.22%,242.3,New,19a7da533b51a914,2025-11-14 11:00:00,2025-11-16 9:00:00,2025-11-13 11:00:00,5%,SKIPPED
2025-11-13 11:05:07,PANW.US,1-hour,Long,205.65,192.26108,214.02522,188.72721,4.07%,11.32%,8.23%,1.84%,258.35,New,19a7df6b2e56e893,2025-11-14 13:00:00,2025-11-16 11:00:00,2025-11-13 13:00:00,15%,SKIPPED
2025-11-13 11:13:16,ORCL.US,1-hour,Long,219.57711,200.22983,233.29348,193.4272,6.25%,16.51%,11.91%,3.40%,192.09,New,19a7dfe28c3952f6,2025-11-14 13:00:00,2025-11-16 11:00:00,2025-11-13 13:00:00,20%,SKIPPED
2025-11-13 13:05:02,BIIB.US,1-hour,Short,166.25,176.79184,159.33304,180.80707,4.16%,9.88%,8.76%,2.27%,194.36,New,19a7e6479ab79331,2025-11-14 15:00:00,2025-11-16 13:00:00,2025-11-13 15:00:00,34%,SKIPPED
2025-11-13 13:05:02,AMZN.US,1-hour,Long,238.48,227.53956,246.12174,224.07381,3.20%,8.17%,6.04%,1.52%,263.72,New,19a7e6479ab79331,2025-11-14 15:00:00,2025-11-16 13:00:00,2025-11-13 15:00:00,10%,SKIPPED
2025-11-13 13:05:02,META.US,1-hour,Long,606.6,578.2853,620.19435,568.96036,2.24%,7.25%,6.21%,1.61%,607.92,New,19a7e6479ab79331,2025-11-14 15:00:00,2025-11-16 13:00:00,2025-11-13 15:00:00,5%,SKIPPED
2025-11-13 13:05:02,NAS100,1-hour,Long,25054.2,24669.74747,25472.42609,24493.42675,1.67%,3.25%,2.24%,0.71%,#N/A,New,19a7e6479ab79331,2025-11-13 22:00:00,2025-11-14 10:00:00,2025-11-13 15:00:00,10%,SKIPPED
2025-11-13 14:05:07,LRCX.US,1-hour,Long,152.54494,139.84611,160.07087,135.99485,4.93%,14.46%,10.85%,2.75%,315.08,New,19a7e9b7b3d3e264,2025-11-14 16:00:00,2025-11-15 21:00:00,2025-11-13 16:00:00,10%,SKIPPED
2025-11-13 14:05:07,GOOGL.US,1-hour,Long,278.18,263.6718,286.25348,259.24343,2.90%,8.56%,6.81%,1.68%,386.56,New,19a7e9b7b3d3e264,2025-11-14 16:00:00,2025-11-15 21:00:00,2025-11-13 16:00:00,5%,SKIPPED
2025-11-13 14:05:07,GOOG.US,1-hour,Long,278.79,263.77413,286.83217,259.39323,2.88%,8.74%,6.96%,1.66%,382.55,New,19a7e9b7b3d3e264,2025-11-14 16:00:00,2025-11-15 21:00:00,2025-11-13 16:00:00,5%,SKIPPED
2025-11-13 15:05:07,CRWD.US,1-hour,Long,526.75,467.942,546.84217,457.41461,3.81%,16.86%,13.16%,2.25%,673.96,New,19a7ed269eb16a36,2025-11-14 17:00:00,2025-11-15 22:00:00,2025-11-13 17:00:00,5%,SKIPPED
2025-11-14 5:05:02,NAS100,4-hour,Long,24855.4,23533.95875,25450.93478,23257.5439,2.40%,8.15%,6.43%,1.17%,#N/A,New,19a81d3615855e01,2025-11-15 11:00:00,2025-11-17 11:00:00,2025-11-14 7:00:00,5%,SKIPPED
2025-11-14 9:36:07,META.US,4-hour,Long,597,587.08166,636.45217,556.51136,6.61%,8.41%,6.78%,5.21%,607.92,New,19a82cb8e6dbb480,2025-11-18 7:00:00,2025-11-28 7:00:00,2025-11-14 11:00:00,30%,SKIPPED
2025-11-14 9:36:07,BSX.US,1-hour,Short,104.05427,104.86148,103.51913,106.20683,0.51%,1.28%,2.07%,1.28%,57.69,New,19a82cb8e6dbb480,2025-11-15 11:00:00,2025-11-17 9:00:00,2025-11-14 11:00:00,5%,SKIPPED
2025-11-14 11:11:22,MRK.US,4-hour,Short,94.16848,101.19511,86.87348,104.5894,7.75%,14.15%,11.07%,3.35%,120.9,New,19a8322c2dc305fa,2025-11-18 7:00:00,2025-11-28 7:00:00,2025-11-14 11:00:00,22%,SKIPPED
2025-11-14 15:45:17,ODFL.US,1-hour,Long,131.52551,120.06172,137.03304,117.23751,4.19%,14.14%,10.86%,2.35%,214.99,New,19a841d890d25003,2025-11-15 17:00:00,2025-11-16 22:00:00,2025-11-14 17:00:00,50%,SKIPPED
2025-11-14 15:50:52,LOW.US,1-hour,Long,226.86098,216.99798,232.85043,213.93589,2.64%,7.31%,5.70%,1.41%,212.06,New,19a8422ad8272abc,2025-11-15 17:00:00,2025-11-16 22:00:00,2025-11-14 17:00:00,35%,SKIPPED
2025-11-14 15:50:52,HD.US,1-hour,Long,361.64654,347.65045,369.17652,343.3925,2.08%,6.19%,5.05%,1.22%,309.75,New,19a8422ad8272abc,2025-11-15 17:00:00,2025-11-16 22:00:00,2025-11-14 17:00:00,20%,SKIPPED
2025-11-17 9:36:03,MCHP.US,Daily,Long,52.86,37.22015,61.26696,32.66967,15.90%,64.61%,38.20%,12.23%,97.33,New,19a923ea1c3a3f3a,2025-11-27 19:00:00,2025-12-13 19:00:00,2025-11-16 19:00:00,5%,SKIPPED
2025-11-17 9:36:03,ORCL.US,4-hour,Long,217.23,204.94606,240.98435,191.04023,10.94%,17.58%,12.06%,6.79%,192.09,New,19a923ea1c3a3f3a,2025-11-23 7:00:00,2025-12-01 7:00:00,2025-11-17 11:00:00,10%,SKIPPED
2025-11-17 9:36:03,CSCO.US,4-hour,Short,77.57,83.94719,73.2987,86.28129,5.51%,12.68%,11.23%,2.78%,118.06,New,19a923ea1c3a3f3a,2025-11-23 7:00:00,2025-12-01 7:00:00,2025-11-17 11:00:00,24%,SKIPPED
2025-11-17 9:36:03,ABBV.US,4-hour,Short,234.68369,257.81613,222.30913,265.69572,5.27%,13.77%,13.21%,3.06%,213.94,New,19a923ea1c3a3f3a,2025-11-23 7:00:00,2025-12-01 7:00:00,2025-11-17 11:00:00,5%,SKIPPED
2025-11-17 11:06:53,ISRG.US,1-hour,Long,549,523.30896,564.23261,514.64972,2.77%,7.82%,6.26%,1.65%,436.45,New,19a9291c32feba00,2025-11-20 13:00:00,2025-11-22 11:00:00,2025-11-17 13:00:00,5%,SKIPPED
2025-11-17 11:19:13,NXPI.US,1-hour,Long,191.33995,180.55316,200.4513,176.72223,4.76%,11.02%,7.64%,2.12%,327.75,New,19a929d0b01f7005,2025-11-20 13:00:00,2025-11-22 11:00:00,2025-11-17 13:00:00,51%,SKIPPED
2025-11-17 13:05:03,SWKS.US,4-hour,Long,65.64,62.11499,70.75565,56.47498,7.79%,13.91%,13.96%,9.08%,81.81,New,19a92fdf19d12a6c,2025-11-22 19:00:00,2025-11-30 19:00:00,2025-11-17 15:00:00,20%,SKIPPED
2025-11-17 13:05:03,ALGN.US,1-hour,Long,134.2,123.47989,138.70304,120.55829,3.36%,12.33%,10.17%,2.37%,164.05,New,19a92fdf19d12a6c,2025-11-20 15:00:00,2025-11-22 13:00:00,2025-11-17 15:00:00,5%,SKIPPED
2025-11-17 13:05:03,IDXX.US,1-hour,Long,681.07,645.32628,698.72435,633.44587,2.59%,8.27%,6.99%,1.84%,555.4,New,19a92fdf19d12a6c,2025-11-20 15:00:00,2025-11-22 13:00:00,2025-11-17 15:00:00,5%,SKIPPED
2025-11-17 13:18:28,REGN.US,4-hour,Short,707.95802,799.73021,661.86913,824.87228,6.51%,17.24%,16.51%,3.14%,641.79,New,19a930a37bced3a0,2025-11-22 19:00:00,2025-11-30 19:00:00,2025-11-17 15:00:00,10%,SKIPPED
2025-11-17 13:28:13,SWKS.US,1-hour,Long,65.17855,60.15244,67.89565,58.72773,4.17%,12.87%,9.90%,2.37%,81.81,New,19a9313234c766fb,2025-11-20 15:00:00,2025-11-22 13:00:00,2025-11-17 15:00:00,30%,SKIPPED
2025-11-17 14:05:03,TXN.US,1-hour,Long,156.05527,148.63786,160.80783,145.99687,3.05%,8.19%,6.45%,1.78%,322.31,New,19a9334dc90af174,2025-11-20 16:00:00,2025-11-21 21:00:00,2025-11-17 16:00:00,45%,SKIPPED
2025-11-17 15:05:18,MCHP.US,1-hour,Long,51.26751,46.82092,54.00652,45.44628,5.34%,15.35%,11.35%,2.94%,97.33,New,19a936c0ccd94889,2025-11-20 17:00:00,2025-11-21 22:00:00,2025-11-17 17:00:00,45%,SKIPPED
2025-11-17 15:05:18,BKNG.US,1-hour,Long,4826.57,4589.07894,5069.56652,4478.8132,5.03%,10.47%,7.21%,2.40%,164.23,New,19a936c0ccd94889,2025-11-20 17:00:00,2025-11-21 22:00:00,2025-11-17 17:00:00,40%,SKIPPED
2025-11-17 15:39:28,CSX.US,1-hour,Long,33.94581,33.21867,34.91826,32.88215,2.86%,5.12%,3.13%,1.01%,46.33,New,19a938b50ae01a23,2025-11-20 17:00:00,2025-11-21 22:00:00,2025-11-17 17:00:00,33%,SKIPPED
2025-11-18 9:40:08,ABT.US,4-hour,Short,131.54279,141.25719,126.6713,143.86037,3.70%,10.33%,9.36%,1.84%,86.63,New,19a9768b2ef4c922,2025-11-24 7:00:00,2025-12-02 7:00:00,2025-11-18 11:00:00,5%,SKIPPED
2025-11-18 10:04:33,AMZN.US,1-hour,Long,225.27704,222.49686,236.44652,217.86324,4.96%,6.27%,3.29%,2.08%,263.72,New,19a977f13f827d2f,2025-11-19 11:00:00,2025-11-23 9:00:00,2025-11-18 11:00:00,10%,SKIPPED
2025-11-18 11:05:04,ANET.US,Daily,Long,122.33756,79.85367,145.3,68.58866,18.77%,81.96%,43.93%,14.11%,159.34,New,19a97b686c8f3254,2025-11-28 19:00:00,2025-12-14 19:00:00,2025-11-17 19:00:00,10%,SKIPPED
2025-11-18 11:05:04,BSX.US,1-hour,Long,100.02,95.98939,103.25522,94.42817,3.23%,7.57%,5.59%,1.63%,57.69,New,19a97b686c8f3254,2025-11-19 13:00:00,2025-11-23 11:00:00,2025-11-18 13:00:00,5%,SKIPPED
2025-11-18 11:48:18,MDT.US,1-hour,Short,101.3335,103.7782,96.63174,105.36949,4.64%,6.89%,3.98%,1.53%,77.69,New,19a97de0a98701a1,2025-11-19 13:00:00,2025-11-23 11:00:00,2025-11-18 13:00:00,47%,SKIPPED
2025-11-18 13:34:53,JNJ.US,1-hour,Short,199.74536,205.87797,197.2587,207.743,1.24%,4.19%,4.00%,0.91%,231.19,New,19a983fa0e9a880f,2025-11-19 15:00:00,2025-11-23 13:00:00,2025-11-18 15:00:00,15%,SKIPPED
2025-11-18 15:05:03,MRVL.US,1-hour,Long,79.18,69.99706,84.35304,66.85491,6.53%,20.51%,15.57%,4.49%,201.81,New,19a98922b692f6df,2025-11-19 17:00:00,2025-11-22 22:00:00,2025-11-18 17:00:00,5%,SKIPPED
2025-11-18 15:47:48,HD.US,4-hour,Long,337.16775,323.23015,369.36696,313.12788,9.55%,14.27%,7.13%,3.13%,309.75,New,19a98b94f1c9b03f,2025-11-23 19:00:00,2025-12-01 19:00:00,2025-11-18 15:00:00,44%,SKIPPED
2025-11-19 9:36:15,HD.US,Daily,Long,338.49,313.445,376.12565,299.08906,11.12%,20.00%,11.64%,4.58%,309.75,New,19a9c8b8137bcf16,2025-11-27 19:00:00,2025-12-15 19:00:00,2025-11-18 19:00:00,17%,SKIPPED
2025-11-19 9:36:15,CRM.US,1-hour,Long,230.55635,222.25252,238.25,217.78582,3.34%,7.20%,5.54%,2.01%,181.53,New,19a9c8b8137bcf16,2025-11-20 11:00:00,2025-11-24 9:00:00,2025-11-19 11:00:00,15%,SKIPPED
2025-11-19 9:43:40,ANET.US,1-hour,Long,122.45262,113.95128,128.62087,110.00726,5.04%,12.87%,10.16%,3.46%,159.34,New,19a9c924923be545,2025-11-20 11:00:00,2025-11-24 9:00:00,2025-11-19 11:00:00,15%,SKIPPED
2025-11-19 9:59:05,AMZN.US,4-hour,Long,219.49,195.11763,242.13609,185.80215,10.32%,24.10%,15.35%,4.77%,263.72,New,19a9ca0666813766,2025-11-25 7:00:00,2025-12-03 7:00:00,2025-11-19 11:00:00,5%,SKIPPED
2025-11-19 12:05:05,MU.US,1-hour,Long,222.66,187.44286,240.67522,176.59079,8.09%,28.40%,20.69%,5.79%,877.87,New,19a9d13c4e25989d,2025-11-20 14:00:00,2025-11-24 12:00:00,2025-11-19 14:00:00,10%,SKIPPED
2025-11-19 12:05:05,AMD.US,1-hour,Long,226.49774,189.36546,239.0813,180.77919,5.56%,26.25%,20.18%,4.53%,488.34,New,19a9d13c4e25989d,2025-11-20 14:00:00,2025-11-24 12:00:00,2025-11-19 14:00:00,5%,SKIPPED
2025-11-19 12:05:05,LIN.US,1-hour,Long,411.57,395.37801,418.8087,390.93119,1.76%,5.93%,5.01%,1.12%,514.92,New,19a9d13c4e25989d,2025-11-20 14:00:00,2025-11-24 12:00:00,2025-11-19 14:00:00,10%,SKIPPED
2025-11-19 13:34:50,NXPI.US,1-hour,Long,188.41,186.47464,191.99783,183.04409,1.90%,2.96%,2.85%,1.84%,327.75,New,19a9d65ef786a3a3,2025-11-20 15:00:00,2025-11-24 13:00:00,2025-11-19 15:00:00,10%,SKIPPED
2025-11-19 15:03:55,SNPS.US,Daily,Long,385.99,289.25459,426.5687,258.80635,10.51%,47.47%,32.95%,10.53%,535.38,New,19a9db77c29261c3,2025-11-27 19:00:00,2025-12-15 19:00:00,2025-11-18 19:00:00,5%,SKIPPED
2025-11-19 15:03:55,ISRG.US,Daily,Short,563.8,579.67237,537.07304,613.05152,4.74%,7.35%,8.74%,5.76%,436.45,New,19a9db77c29261c3,2025-11-27 19:00:00,2025-12-15 19:00:00,2025-11-18 19:00:00,5%,SKIPPED
2025-11-20 0:05:05,NAS100,1-hour,Short,25114.6,25937.30843,24740.94348,26166.3937,1.49%,4.61%,4.19%,0.88%,#N/A,New,19a9fa6edbec7432,2025-11-20 10:00:00,2025-11-20 22:00:00,2025-11-20 2:00:00,10%,SKIPPED
2025-11-20 10:08:05,ABT.US,1-hour,Long,123.89589,120.37933,129.52087,118.11547,4.54%,7.59%,4.67%,1.88%,86.63,New,19aa1cf0399dbea9,2025-11-21 12:00:00,2025-11-23 10:00:00,2025-11-20 12:00:00,10%,SKIPPED
2025-11-20 11:14:25,MSFT.US,1-hour,Long,488.89206,483.86884,495.60739,475.49681,1.37%,2.43%,2.74%,1.73%,415.18,New,19aa20bb9cb04252,2025-11-21 13:00:00,2025-11-23 11:00:00,2025-11-20 13:00:00,10%,SKIPPED
2025-11-20 12:05:05,PANW.US,1-hour,Long,187.66,181.19864,200.69783,176.76421,6.95%,10.76%,5.81%,2.45%,258.35,New,19aa23a1e8560694,2025-11-21 14:00:00,2025-11-23 12:00:00,2025-11-20 14:00:00,49%,SKIPPED
2025-11-20 12:19:05,PANW.US,4-hour,Long,186.84748,179.22739,208.69739,172.23554,11.69%,16.44%,7.82%,3.90%,258.35,New,19aa246ec00ddc14,2025-11-26 7:00:00,2025-12-04 7:00:00,2025-11-20 11:00:00,28%,SKIPPED
2025-11-20 13:05:05,UBER.US,1-hour,Long,84.21,79.65449,89.75174,77.47436,6.58%,12.68%,8.00%,2.74%,70.58,New,19aa271120b4148a,2025-11-21 15:00:00,2025-11-23 13:00:00,2025-11-20 15:00:00,49%,SKIPPED
2025-11-20 13:05:05,LLY.US,4-hour,Short,1040.81,1055.38925,994.40478,1100.33439,4.46%,5.78%,5.72%,4.26%,1078.43,New,19aa271120b4148a,2025-11-23 19:00:00,2025-12-03 19:00:00,2025-11-20 15:00:00,32%,SKIPPED
2025-11-20 15:43:35,NXPI.US,4-hour,Long,183.28908,157.73545,199.21522,150.01657,8.69%,26.30%,18.15%,4.89%,327.75,New,19aa30224b2d2b47,2025-11-23 19:00:00,2025-12-03 19:00:00,2025-11-20 15:00:00,30%,SKIPPED
2025-11-21 9:36:04,NOW.US,Daily,Long,797.37,628.13089,883.95,580.21737,10.86%,40.73%,27.23%,7.63%,101.73,New,19aa6d814e7be627,2025-11-29 19:00:00,2025-12-15 19:00:00,2025-11-20 19:00:00,15%,SKIPPED
2025-11-21 9:36:04,MCHP.US,4-hour,Long,49.29,48.80298,54.17565,45.62274,9.91%,11.01%,7.44%,6.52%,97.33,New,19aa6d814e7be627,2025-11-25 7:00:00,2025-12-05 7:00:00,2025-11-21 11:00:00,25%,SKIPPED
2025-11-21 9:36:04,JNJ.US,Daily,Short,203.2,220.28032,191.88043,225.93034,5.57%,12.89%,11.19%,2.56%,231.19,New,19aa6d814e7be627,2025-11-29 19:00:00,2025-12-15 19:00:00,2025-11-20 19:00:00,32%,SKIPPED
2025-11-21 9:36:04,BSX.US,4-hour,Long,95.92918,87.56928,100.73565,84.82499,5.01%,15.04%,11.58%,3.13%,57.69,New,19aa6d814e7be627,2025-11-25 7:00:00,2025-12-05 7:00:00,2025-11-21 11:00:00,10%,SKIPPED
2025-11-21 9:36:04,HD.US,1-hour,Long,334,330.79554,338.38478,323.43181,1.31%,2.29%,3.16%,2.23%,309.75,New,19aa6d814e7be627,2025-11-22 11:00:00,2025-11-24 9:00:00,2025-11-21 11:00:00,10%,SKIPPED
2025-11-21 11:05:04,ORCL.US,1-hour,Long,195.29,178.2568,218.94609,168.98867,12.11%,22.83%,13.47%,5.20%,192.09,New,19aa7298801e9526,2025-11-22 13:00:00,2025-11-24 11:00:00,2025-11-21 13:00:00,50%,SKIPPED
2025-11-21 13:09:28,ROST.US,1-hour,Short,171.97773,181.65226,162.41478,185.98864,5.56%,10.59%,8.15%,2.39%,234.24,New,19aa79b6dd22ebaf,2025-11-22 15:00:00,2025-11-24 13:00:00,2025-11-21 15:00:00,55%,SKIPPED
2025-11-21 15:05:04,ACN.US,1-hour,Short,253.14,264.70338,243.69435,269.47244,3.73%,7.94%,6.45%,1.80%,178.21,New,19aa805436aabb4e,2025-11-22 17:00:00,2025-11-23 22:00:00,2025-11-21 17:00:00,5%,SKIPPED
2025-11-21 15:05:04,PG.US,1-hour,Short,151.02876,156.1806,148.02435,157.86911,1.99%,5.22%,4.53%,1.08%,143.82,New,19aa805436aabb4e,2025-11-22 17:00:00,2025-11-23 22:00:00,2025-11-21 17:00:00,5%,SKIPPED
2025-11-24 9:36:01,PANW.US,Daily,Long,186.07,156.07814,210.21348,144.98483,12.98%,34.68%,22.08%,7.11%,258.35,New,19ab64b1942ff2b7,2025-12-04 19:00:00,2025-12-20 19:00:00,2025-11-23 19:00:00,10%,SKIPPED
2025-11-24 9:36:01,UBER.US,4-hour,Long,84,71.76647,90.61087,68.18295,7.87%,26.26%,18.83%,4.99%,70.58,New,19ab64b1942ff2b7,2025-11-30 7:00:00,2025-12-08 7:00:00,2025-11-24 11:00:00,12%,SKIPPED
2025-11-24 10:06:36,MDT.US,Daily,Short,101.98769,114.86918,94.36652,118.53299,7.47%,17.85%,16.22%,3.19%,77.69,New,19ab6671d861f2b3,2025-12-04 19:00:00,2025-12-20 19:00:00,2025-11-23 19:00:00,15%,SKIPPED
2025-11-24 10:06:36,BIIB.US,1-hour,Short,180.77789,191.50998,170.21348,195.67615,5.84%,11.12%,8.24%,2.18%,194.36,New,19ab6671d861f2b3,2025-11-27 12:00:00,2025-11-29 10:00:00,2025-11-24 12:00:00,60%,SKIPPED
2025-11-24 11:15:16,MRK.US,1-hour,Short,101.82998,107.38431,96.54522,109.7192,5.19%,10.09%,7.75%,2.17%,120.9,New,19ab6a5f7961907b,2025-11-27 13:00:00,2025-11-29 11:00:00,2025-11-24 13:00:00,40%,SKIPPED
2025-11-24 11:20:21,REGN.US,1-hour,Short,768.43688,812.40318,735.70478,833.60183,4.26%,9.44%,8.48%,2.61%,641.79,New,19ab6aa9bad5e19f,2025-11-27 13:00:00,2025-11-29 11:00:00,2025-11-24 13:00:00,40%,SKIPPED
2025-11-24 12:05:11,IDXX.US,1-hour,Short,748.77,783.37856,707.55348,803.76101,5.50%,9.68%,7.34%,2.60%,555.4,New,19ab6d3ae761bc8d,2025-11-27 14:00:00,2025-11-29 12:00:00,2025-11-24 14:00:00,45%,SKIPPED
2025-11-24 13:05:01,ALGN.US,1-hour,Short,144.23,153.30504,137.61348,157.44821,4.59%,10.24%,9.16%,2.70%,164.05,New,19ab70a6fe8a23cd,2025-11-27 15:00:00,2025-11-29 13:00:00,2025-11-24 15:00:00,10%,SKIPPED
2025-11-24 13:05:01,CPRT.US,1-hour,Long,38.78,37.00177,40.52435,36.02562,4.50%,9.52%,7.10%,2.64%,33.07,New,19ab70a6fe8a23cd,2025-11-27 15:00:00,2025-11-29 13:00:00,2025-11-24 15:00:00,30%,SKIPPED
2025-11-24 14:05:01,MDT.US,1-hour,Short,103.46452,111.65685,100.94348,113.02736,2.44%,9.59%,9.24%,1.23%,77.69,New,19ab74161b6c98c7,2025-11-27 16:00:00,2025-11-28 21:00:00,2025-11-24 16:00:00,45%,SKIPPED
2025-11-24 15:05:04,NAS100,1-hour,Short,24857.9,25788.38732,24497.57391,25981.89389,1.45%,5.01%,4.52%,0.75%,#N/A,New,19ab7785943a7337,2025-11-25 0:00:00,2025-11-25 12:00:00,2025-11-24 17:00:00,5%,SKIPPED
2025-11-25 9:33:03,MRK.US,Daily,Short,100.8,109.25764,89.78522,114.42357,10.93%,17.82%,13.52%,4.73%,120.9,New,19abb6ebc00bf463,2025-12-05 19:00:00,2025-12-21 19:00:00,2025-11-24 19:00:00,15%,SKIPPED
2025-11-25 9:33:03,ROST.US,4-hour,Short,173.95,189.75683,163.26696,194.99384,6.14%,13.96%,12.10%,2.76%,234.24,New,19abb6ebc00bf463,2025-12-01 7:00:00,2025-12-09 7:00:00,2025-11-25 11:00:00,24%,SKIPPED
2025-11-25 9:33:03,CRM.US,4-hour,Long,226,200.22078,235.79739,192.49216,4.34%,17.77%,14.83%,3.86%,181.53,New,19abb6ebc00bf463,2025-12-01 7:00:00,2025-12-09 7:00:00,2025-11-25 11:00:00,10%,SKIPPED
2025-11-25 9:33:03,BKNG.US,1-hour,Short,4901.99,5177.21392,4725.28652,5282.36532,3.60%,8.73%,7.76%,2.03%,164.23,New,19abb6ebc00bf463,2025-11-26 11:00:00,2025-11-30 9:00:00,2025-11-25 11:00:00,5%,SKIPPED
2025-11-25 9:44:27,GOOGL.US,1-hour,Short,327.08003,355.92912,302.76478,366.45214,7.43%,14.94%,12.04%,2.96%,386.56,New,19abb7930f69c865,2025-11-26 11:00:00,2025-11-30 9:00:00,2025-11-25 11:00:00,58%,SKIPPED
2025-11-25 9:44:27,PANW.US,1-hour,Long,181.66,178.64628,186.62739,173.36735,2.73%,4.47%,4.56%,2.95%,258.35,New,19abb7930f69c865,2025-11-26 11:00:00,2025-11-30 9:00:00,2025-11-25 11:00:00,10%,SKIPPED
2025-11-25 10:02:03,GOOG.US,1-hour,Short,325.96,356.27083,304.42696,367.19594,6.61%,14.55%,12.65%,3.07%,382.55,New,19abb89529005c10,2025-11-26 12:00:00,2025-11-30 10:00:00,2025-11-25 12:00:00,53%,SKIPPED
2025-11-25 11:02:04,META.US,1-hour,Short,627.3,669.54721,600.98696,683.7406,4.19%,10.24%,9.00%,2.12%,607.92,New,19abbc0488a2176e,2025-11-26 13:00:00,2025-11-30 11:00:00,2025-11-25 13:00:00,10%,SKIPPED
2025-11-25 13:49:02,AVGO.US,1-hour,Short,382.66417,434.91455,359.94435,450.39459,5.94%,17.24%,17.70%,3.56%,423.21,New,19abc59192d73b8a,2025-11-26 15:00:00,2025-11-30 13:00:00,2025-11-25 15:00:00,5%,SKIPPED
2025-11-25 14:02:07,ADI.US,1-hour,Short,249.32,265.36112,235.30174,273.07432,5.62%,11.33%,9.53%,2.91%,415.08,New,19abc6516f32e9e7,2025-11-26 16:00:00,2025-11-29 21:00:00,2025-11-25 16:00:00,10%,SKIPPED
2025-11-25 14:45:58,LULU.US,1-hour,Short,177.47012,189.67984,169.96261,193.79867,4.23%,10.40%,9.20%,2.17%,127.25,New,19abc8d34e54313f,2025-11-26 16:00:00,2025-11-29 21:00:00,2025-11-25 16:00:00,5%,SKIPPED
2025-11-25 15:02:02,LLY.US,1-hour,Short,1104,1165.36118,1067.39913,1185.75308,3.32%,8.41%,7.41%,1.75%,1078.43,New,19abc9bf4f85eac0,2025-11-26 17:00:00,2025-11-29 22:00:00,2025-11-25 17:00:00,30%,SKIPPED
2025-11-26 9:33:03,MRK.US,4-hour,Short,104.25,105.98336,95.37957,110.71632,8.51%,10.01%,6.20%,4.47%,120.9,New,19ac09514bcbec0c,2025-12-02 7:00:00,2025-12-10 7:00:00,2025-11-26 11:00:00,20%,SKIPPED
2025-11-26 9:33:03,IDXX.US,4-hour,Short,763.38,875.67138,707.77696,904.76558,7.28%,19.17%,18.52%,3.32%,555.4,New,19ac09514bcbec0c,2025-12-02 7:00:00,2025-12-10 7:00:00,2025-11-26 11:00:00,35%,SKIPPED
2025-11-26 9:33:03,AMAT.US,1-hour,Short,243.15,264.26131,230.09826,271.41941,5.37%,12.93%,11.63%,2.71%,448.93,New,19ac09514bcbec0c,2025-11-27 11:00:00,2025-12-01 9:00:00,2025-11-26 11:00:00,35%,SKIPPED
2025-11-26 9:33:03,NAS100,4-hour,Short,25196.58344,27462.27923,24612.4,27864.15361,2.32%,10.38%,10.59%,1.46%,#N/A,New,19ac09514bcbec0c,2025-11-27 15:00:00,2025-12-01 15:00:00,2025-11-26 11:00:00,5%,SKIPPED
2025-11-26 9:39:33,AAPL.US,1-hour,Short,278.14,280.04995,274.08043,283.79371,1.46%,2.13%,2.03%,1.34%,310.38,New,19ac09b0492c832c,2025-11-27 11:00:00,2025-12-01 9:00:00,2025-11-26 11:00:00,20%,SKIPPED
2025-11-26 9:50:38,DOCU.US,1-hour,Short,69.18779,74.04868,66.02087,75.4323,4.58%,10.84%,9.03%,1.87%,49.66,New,19ac0a52df75bf64,2025-11-27 11:00:00,2025-12-01 9:00:00,2025-11-26 11:00:00,10%,SKIPPED
2025-11-26 9:57:13,ROST.US,1-hour,Short,176.35809,178.90201,172.85174,183.14187,1.99%,3.38%,3.85%,2.37%,234.24,New,19ac0ab30c119615,2025-11-27 11:00:00,2025-12-01 9:00:00,2025-11-26 11:00:00,20%,SKIPPED
2025-11-26 10:02:03,ADSK.US,1-hour,Short,313.5,325.17918,292.67652,331.89249,6.64%,10.00%,5.87%,2.06%,239.01,New,19ac0afa880a0d53,2025-11-27 12:00:00,2025-12-01 10:00:00,2025-11-26 12:00:00,23%,SKIPPED
2025-11-26 10:43:28,LRCX.US,1-hour,Short,154.52948,172.67169,147.07609,177.63438,4.82%,14.82%,14.95%,2.87%,315.08,New,19ac0d58a4d94ef1,2025-11-27 12:00:00,2025-12-01 10:00:00,2025-11-26 12:00:00,10%,SKIPPED
2025-11-26 11:02:03,ASML.US,1-hour,Short,1047.23,1132.26421,988.41174,1156.93947,5.62%,12.70%,10.48%,2.18%,1608.97,New,19ac0e692e063cd8,2025-11-27 13:00:00,2025-12-01 11:00:00,2025-11-26 13:00:00,5%,SKIPPED
2025-11-26 11:02:03,ANET.US,1-hour,Short,126.92,147.69322,121.43609,151.16743,4.32%,17.78%,19.10%,2.35%,159.34,New,19ac0e692e063cd8,2025-11-27 13:00:00,2025-12-01 11:00:00,2025-11-26 13:00:00,5%,SKIPPED
2025-11-26 11:06:13,MRVL.US,1-hour,Short,87.34161,97.77542,81.07435,100.91049,7.18%,17.08%,15.54%,3.21%,201.81,New,19ac0ea5ff80bb4e,2025-11-27 13:00:00,2025-12-01 11:00:00,2025-11-26 13:00:00,10%,SKIPPED
2025-11-26 12:02:04,HD.US,1-hour,Short,355.91,375.22197,344.79957,381.14136,3.12%,8.11%,7.09%,1.58%,309.75,New,19ac11d88e7ba436,2025-11-27 14:00:00,2025-12-01 12:00:00,2025-11-26 14:00:00,5%,SKIPPED
2025-11-26 12:02:04,CSX.US,1-hour,Short,35.36511,36.72119,34.55261,37.11648,2.30%,5.91%,4.95%,1.08%,46.33,New,19ac11d88e7ba436,2025-11-27 14:00:00,2025-12-01 12:00:00,2025-11-26 14:00:00,10%,SKIPPED
2025-11-26 13:02:04,GOOGL.US,4-hour,Short,318.32,364.87925,294.3687,380.03226,7.52%,19.32%,19.39%,4.15%,386.56,New,19ac1546fd51c82d,2025-12-01 19:00:00,2025-12-09 19:00:00,2025-11-26 15:00:00,25%,SKIPPED
2025-11-26 13:02:04,GOOG.US,4-hour,Short,318.51,365.25756,294.78783,380.23478,7.45%,19.29%,19.38%,4.10%,382.55,New,19ac1546fd51c82d,2025-12-01 19:00:00,2025-12-09 19:00:00,2025-11-26 15:00:00,25%,SKIPPED
2025-11-26 13:02:04,LOW.US,1-hour,Short,242.42,257.80658,235.15522,261.80641,3.00%,8.79%,8.00%,1.55%,212.06,New,19ac1546fd51c82d,2025-11-27 15:00:00,2025-12-01 13:00:00,2025-11-26 15:00:00,15%,SKIPPED
2025-11-26 13:02:04,UNP.US,1-hour,Short,231.28,238.80415,226.80304,241.55116,1.94%,5.03%,4.44%,1.15%,271.24,New,19ac1546fd51c82d,2025-11-27 15:00:00,2025-12-01 13:00:00,2025-11-26 15:00:00,10%,SKIPPED
2025-12-01 9:33:01,BIIB.US,Daily,Short,180.18,200.73036,162.58826,211.88889,9.76%,19.00%,17.60%,5.56%,194.36,New,19ada54dfa4cacec,2025-12-12 19:00:00,2025-12-28 19:00:00,2025-11-30 19:00:00,10%,SKIPPED
2025-12-01 9:33:01,TXN.US,1-hour,Short,167.25294,177.82059,163.81957,180.74498,2.05%,7.87%,8.07%,1.64%,322.31,New,19ada54dfa4cacec,2025-12-06 6:00:00,2025-12-07 11:00:00,2025-12-01 11:00:00,5%,SKIPPED
2025-12-01 9:36:06,AMD.US,1-hour,Short,215.36699,258.23542,210.27087,265.12389,2.37%,18.57%,23.10%,2.67%,488.34,New,19ada57addbc6881,2025-12-06 6:00:00,2025-12-07 11:00:00,2025-12-01 11:00:00,5%,SKIPPED
2025-12-01 10:02:06,SNPS.US,1-hour,Short,435.37,447.30822,408.22565,457.20161,6.23%,8.74%,5.01%,2.21%,535.38,New,19ada6fd56594236,2025-12-06 7:00:00,2025-12-07 12:00:00,2025-12-01 12:00:00,23%,SKIPPED
2025-12-01 11:02:02,COP.US,1-hour,Short,90.69,96.22806,87.64,97.57618,3.36%,8.92%,7.59%,1.40%,118.45,New,19adaa67167e24eb,2025-12-04 15:00:00,2025-12-07 13:00:00,2025-12-01 13:00:00,10%,SKIPPED
2025-12-01 11:02:02,UBER.US,1-hour,Short,86.26205,87.16373,85.26522,88.66654,1.16%,2.18%,2.79%,1.72%,70.58,New,19adaa67167e24eb,2025-12-04 15:00:00,2025-12-07 13:00:00,2025-12-01 13:00:00,5%,SKIPPED
2025-12-01 12:03:26,ODFL.US,1-hour,Short,142.68858,151.50221,135.36043,154.49188,5.14%,10.65%,8.27%,1.97%,214.99,New,19adade9ad83d247,2025-12-04 16:00:00,2025-12-07 14:00:00,2025-12-01 14:00:00,15%,SKIPPED
2025-12-01 13:02:06,UNP.US,4-hour,Short,233.59,246.8426,224.97478,251.33033,3.69%,8.86%,7.59%,1.82%,271.24,New,19adb145121b004e,2025-12-07 19:00:00,2025-12-15 19:00:00,2025-12-01 15:00:00,10%,SKIPPED
2025-12-01 13:02:06,HD.US,4-hour,Short,361.37,367.75913,349.97826,379.66323,3.15%,4.83%,5.06%,3.24%,309.75,New,19adb145121b004e,2025-12-07 19:00:00,2025-12-15 19:00:00,2025-12-01 15:00:00,5%,SKIPPED
2025-12-01 15:02:11,REGN.US,1-hour,Long,749.6,650.31428,776.24522,638.40865,3.55%,19.36%,14.83%,1.83%,641.79,New,19adb823fffe473c,2025-12-04 19:00:00,2025-12-07 17:00:00,2025-12-01 17:00:00,5%,SKIPPED
2025-12-02 9:33:07,META.US,4-hour,Short,641.43,763.92359,613.28609,785.02213,4.39%,19.72%,22.39%,2.76%,607.92,New,19adf7b4c075aecb,2025-12-09 7:00:00,2025-12-17 7:00:00,2025-12-02 11:00:00,5%,SKIPPED
2025-12-02 9:40:22,IDXX.US,1-hour,Long,719.51,687.29626,749.61522,674.92944,4.18%,9.07%,6.20%,1.80%,555.4,New,19adf81f19736b3c,2025-12-03 11:00:00,2025-12-08 11:00:00,2025-12-02 11:00:00,5%,SKIPPED
2025-12-02 9:56:07,SNPS.US,4-hour,Short,449.21,491.89176,399.29087,509.96363,11.11%,18.83%,13.52%,3.67%,535.38,New,19adf905decd6d3d,2025-12-09 7:00:00,2025-12-17 7:00:00,2025-12-02 11:00:00,5%,SKIPPED
2025-12-02 10:02:02,AMAT.US,1-hour,Short,260.01,264.92083,250.08652,272.77817,3.82%,5.60%,4.91%,2.97%,448.93,New,19adf95e5aa7e9c5,2025-12-03 12:00:00,2025-12-08 12:00:00,2025-12-02 12:00:00,45%,SKIPPED
2025-12-02 10:02:02,MRK.US,1-hour,Long,100.63,95.84408,104.05826,94.38093,3.41%,8.57%,6.21%,1.53%,120.9,New,19adf95e5aa7e9c5,2025-12-03 12:00:00,2025-12-08 12:00:00,2025-12-02 12:00:00,5%,SKIPPED
2025-12-02 10:33:52,NXPI.US,1-hour,Short,205.13687,216.01875,195.04652,219.4446,4.92%,9.71%,6.97%,1.59%,327.75,New,19adfb2ecf07e085,2025-12-03 12:00:00,2025-12-08 12:00:00,2025-12-02 12:00:00,12%,SKIPPED
2025-12-02 11:02:02,MRVL.US,1-hour,Short,92.62,94.13043,89.18043,96.95109,3.71%,5.26%,4.68%,3.00%,201.81,New,19adfccc09da214e,2025-12-03 13:00:00,2025-12-08 13:00:00,2025-12-02 13:00:00,5%,SKIPPED
2025-12-02 11:02:02,PG.US,1-hour,Long,143.5,139.9864,147.77043,138.42088,2.98%,5.56%,3.54%,1.12%,143.82,New,19adfccc09da214e,2025-12-03 13:00:00,2025-12-08 13:00:00,2025-12-02 13:00:00,44%,SKIPPED
2025-12-02 12:02:12,MDT.US,1-hour,Long,102.42,99.14908,104.54391,98.09517,2.07%,5.44%,4.22%,1.06%,77.69,New,19ae003d2332414e,2025-12-03 14:00:00,2025-12-08 14:00:00,2025-12-02 14:00:00,5%,SKIPPED
2025-12-02 12:21:52,ADI.US,1-hour,Short,270.24424,273.07329,263.22174,277.78836,2.60%,3.61%,2.79%,1.73%,415.08,New,19ae015ce74a4de5,2025-12-03 14:00:00,2025-12-08 14:00:00,2025-12-02 14:00:00,50%,SKIPPED
2025-12-02 13:02:07,LULU.US,4-hour,Short,181.87,208.42979,172.81478,216.0011,4.98%,17.09%,18.77%,3.63%,127.25,New,19ae03aa66053653,2025-12-08 19:00:00,2025-12-16 19:00:00,2025-12-02 15:00:00,5%,SKIPPED
2025-12-02 13:09:07,AMAT.US,4-hour,Short,262.24638,300.79431,236.08565,314.04981,9.98%,21.51%,19.75%,4.41%,448.93,New,19ae0410c91bd679,2025-12-08 19:00:00,2025-12-16 19:00:00,2025-12-02 15:00:00,50%,SKIPPED
2025-12-02 14:02:02,BKNG.US,1-hour,Short,5134.76,5343.20482,4941.64435,5429.7239,3.76%,7.52%,5.74%,1.62%,164.23,New,19ae07182dad27d1,2025-12-03 16:00:00,2025-12-08 16:00:00,2025-12-02 16:00:00,10%,SKIPPED
2025-12-02 14:02:02,AAPL.US,1-hour,Short,285.06,295.31771,280.09217,298.50067,1.74%,5.16%,4.72%,1.08%,310.38,New,19ae07182dad27d1,2025-12-03 16:00:00,2025-12-08 16:00:00,2025-12-02 16:00:00,30%,SKIPPED
2025-12-02 14:02:02,TJX.US,1-hour,Long,149.67,141.21657,151.9787,139.78418,1.54%,7.62%,6.61%,1.01%,158.75,New,19ae07182dad27d1,2025-12-03 16:00:00,2025-12-08 16:00:00,2025-12-02 16:00:00,5%,SKIPPED
2025-12-02 15:02:12,MCHP.US,1-hour,Short,56.92598,58.96643,53.82174,60.08696,5.45%,8.72%,5.55%,1.90%,97.33,New,19ae0a894cb89d92,2025-12-03 17:00:00,2025-12-08 17:00:00,2025-12-02 17:00:00,17%,SKIPPED
2025-12-03 9:33:07,ASML.US,4-hour,Short,1108.83,1244.50626,1024.19435,1287.93172,7.63%,17.70%,16.15%,3.49%,1608.97,New,19ae4a1a75a50d1c,2025-12-10 7:00:00,2025-12-18 7:00:00,2025-12-03 11:00:00,30%,SKIPPED
2025-12-03 9:33:07,ROST.US,Daily,Short,177.76,197.58274,165.32609,204.94891,6.99%,16.33%,15.30%,3.73%,234.24,New,19ae4a1a75a50d1c,2025-12-14 19:00:00,2025-12-30 19:00:00,2025-12-02 19:00:00,29%,SKIPPED
2025-12-03 9:33:07,ALGN.US,4-hour,Short,150.93,177.0203,141.16348,183.90307,6.47%,20.26%,21.85%,3.89%,164.05,New,19ae4a1a75a50d1c,2025-12-10 7:00:00,2025-12-18 7:00:00,2025-12-03 11:00:00,5%,SKIPPED
2025-12-03 9:35:12,ADI.US,Daily,Short,273.4,314.59267,239.47739,329.31121,12.41%,23.88%,20.45%,4.68%,415.08,New,19ae4a38a6cc1d4e,2025-12-14 19:00:00,2025-12-30 19:00:00,2025-12-02 19:00:00,39%,SKIPPED
2025-12-03 9:37:36,TXN.US,4-hour,Short,177.3848,190.72666,161.80739,197.08053,8.78%,15.16%,11.10%,3.33%,322.31,New,19ae4a5c0d1e4dcc,2025-12-10 7:00:00,2025-12-18 7:00:00,2025-12-03 11:00:00,12%,SKIPPED
2025-12-03 11:02:07,BSX.US,1-hour,Long,98.29,95.16027,100.6787,94.116,2.43%,5.80%,4.25%,1.10%,57.69,New,19ae4f320a890385,2025-12-04 13:00:00,2025-12-08 13:00:00,2025-12-03 13:00:00,5%,SKIPPED
2025-12-03 13:02:27,NXPI.US,4-hour,Short,225.68,246.91516,194.84913,258.09928,13.66%,21.09%,14.37%,4.53%,327.75,New,19ae5614c6f76551,2025-12-08 19:00:00,2025-12-17 19:00:00,2025-12-03 15:00:00,10%,SKIPPED
2025-12-03 13:38:47,ABT.US,1-hour,Long,125.44063,119.02012,127.55391,117.54663,1.68%,7.17%,6.29%,1.24%,86.63,New,19ae5828fddfd40d,2025-12-04 15:00:00,2025-12-08 15:00:00,2025-12-03 15:00:00,5%,SKIPPED
2025-12-03 13:48:31,ACN.US,4-hour,Short,269.59865,289.93705,249.08739,298.56376,7.61%,14.09%,10.74%,2.98%,178.21,New,19ae58b7cdf25ff7,2025-12-08 19:00:00,2025-12-17 19:00:00,2025-12-03 15:00:00,24%,SKIPPED
2025-12-03 14:02:07,SWKS.US,1-hour,Short,69.29538,72.67041,66.95957,74.08266,3.37%,7.86%,6.91%,1.94%,81.81,New,19ae597eb29837f5,2025-12-04 16:00:00,2025-12-05 21:00:00,2025-12-03 16:00:00,5%,SKIPPED
2025-12-03 14:02:07,UBER.US,1-hour,Short,90.72,95.20539,87.84043,96.85196,3.17%,7.74%,6.76%,1.73%,70.58,New,19ae597eb29837f5,2025-12-04 16:00:00,2025-12-05 21:00:00,2025-12-03 16:00:00,5%,SKIPPED
2025-12-04 9:33:04,MRVL.US,4-hour,Short,99.49,127.74761,85.4813,134.62794,14.08%,33.09%,35.32%,5.39%,201.81,New,19ae9c7fa222b30a,2025-12-10 7:00:00,2025-12-19 7:00:00,2025-12-04 11:00:00,20%,SKIPPED
2025-12-04 9:33:04,ODFL.US,4-hour,Short,151.99,170.05665,135.00957,177.0847,11.17%,20.61%,16.51%,4.13%,214.99,New,19ae9c7fa222b30a,2025-12-10 7:00:00,2025-12-19 7:00:00,2025-12-04 11:00:00,20%,SKIPPED
2025-12-04 9:33:04,ALGN.US,1-hour,Short,155.18,167.88494,149.59391,171.38196,3.60%,10.89%,10.44%,2.08%,164.05,New,19ae9c7fa222b30a,2025-12-05 11:00:00,2025-12-07 9:00:00,2025-12-04 11:00:00,15%,SKIPPED
2025-12-04 10:02:09,FAST.US,1-hour,Short,41.72606,42.68993,40.51304,43.20841,2.91%,5.10%,3.55%,1.21%,44.15,New,19ae9e29e19297ab,2025-12-05 12:00:00,2025-12-07 10:00:00,2025-12-04 12:00:00,17%,SKIPPED
2025-12-04 10:02:09,CSX.US,1-hour,Short,36.16804,37.19449,35.18435,37.64574,2.72%,5.40%,4.09%,1.21%,46.33,New,19ae9e29e19297ab,2025-12-05 12:00:00,2025-12-07 10:00:00,2025-12-04 12:00:00,20%,SKIPPED
2025-12-04 10:41:19,LLY.US,1-hour,Long,1013.14,982.15291,1051.05696,966.02527,3.74%,7.02%,4.65%,1.64%,1078.43,New,19aea0678e5173d6,2025-12-05 12:00:00,2025-12-07 10:00:00,2025-12-04 12:00:00,10%,SKIPPED
2025-12-04 11:02:09,ASML.US,1-hour,Short,1124.87,1131.56842,1105.82522,1151.62964,1.69%,2.28%,2.38%,1.77%,1608.97,New,19aea1991dbee9d5,2025-12-05 13:00:00,2025-12-07 11:00:00,2025-12-04 13:00:00,20%,SKIPPED
2025-12-04 11:02:09,REGN.US,1-hour,Long,728.74,727.82617,740.79739,714.83883,1.65%,1.78%,1.91%,1.78%,641.79,New,19aea1991dbee9d5,2025-12-05 13:00:00,2025-12-07 11:00:00,2025-12-04 13:00:00,5%,SKIPPED
2025-12-04 12:02:04,AMAT.US,1-hour,Short,271.3,277.31642,261.94522,286.9427,3.45%,5.54%,5.77%,3.47%,448.93,New,19aea50674fd0515,2025-12-05 14:00:00,2025-12-07 12:00:00,2025-12-04 14:00:00,42%,SKIPPED
2025-12-04 12:02:04,TSLA.US,1-hour,Short,449.61,474.58269,435.17913,483.8184,3.21%,8.30%,7.61%,1.95%,429.35,New,19aea50674fd0515,2025-12-05 14:00:00,2025-12-07 12:00:00,2025-12-04 14:00:00,5%,SKIPPED
2025-12-04 13:02:09,CRM.US,1-hour,Short,246.62593,257.71175,236.51478,261.88229,4.10%,8.23%,6.19%,1.62%,181.53,New,19aea876872224fd,2025-12-05 15:00:00,2025-12-07 13:00:00,2025-12-04 15:00:00,10%,SKIPPED
2025-12-04 13:02:09,SNPS.US,1-hour,Short,464.63,490.68466,451.13087,500.58469,2.91%,8.06%,7.74%,2.02%,535.38,New,19aea876872224fd,2025-12-05 15:00:00,2025-12-07 13:00:00,2025-12-04 15:00:00,10%,SKIPPED
2025-12-04 14:02:04,ADI.US,1-hour,Short,277.99,288.47521,272.53087,292.6204,1.96%,5.53%,5.26%,1.44%,415.08,New,19aeabe42eb69fa9,2025-12-05 16:00:00,2025-12-06 21:00:00,2025-12-04 16:00:00,20%,SKIPPED
2025-12-05 9:51:27,BKNG.US,4-hour,Short,5071.24,5818.41905,4875.83304,5975.45265,3.85%,16.20%,17.83%,2.70%,164.23,New,19aeeff2f46d54b1,2025-12-09 7:00:00,2025-12-20 7:00:00,2025-12-05 11:00:00,5%,SKIPPED
2025-12-05 10:19:32,META.US,1-hour,Short,670.43275,700.70614,650.85174,711.00029,2.92%,7.11%,6.05%,1.47%,607.92,New,19aef18e3a4a8b41,2025-12-06 12:00:00,2025-12-08 10:00:00,2025-12-05 12:00:00,15%,SKIPPED
2025-12-05 10:23:52,FTNT.US,1-hour,Short,86.2892,89.30618,83.19348,90.59641,3.59%,6.84%,4.99%,1.44%,134.57,New,19aef1cd702978b8,2025-12-06 12:00:00,2025-12-08 10:00:00,2025-12-05 12:00:00,15%,SKIPPED
2025-12-05 10:27:22,ADBE.US,1-hour,Short,345.61724,353.84293,325.55304,359.47555,5.81%,8.00%,4.01%,1.59%,242.3,New,19aef200cdf26e1d,2025-12-06 12:00:00,2025-12-08 10:00:00,2025-12-05 12:00:00,24%,SKIPPED
2025-12-05 10:27:22,ORCL.US,1-hour,Short,219.40227,234.96751,206.92478,240.34198,5.69%,11.93%,9.54%,2.29%,192.09,New,19aef200cdf26e1d,2025-12-06 12:00:00,2025-12-08 10:00:00,2025-12-05 12:00:00,10%,SKIPPED
2025-12-05 12:09:07,AAPL.US,1-hour,Long,278.06739,271.77243,283.30783,268.765,1.88%,4.24%,3.35%,1.11%,310.38,New,19aef7d34058a2b7,2025-12-06 14:00:00,2025-12-08 12:00:00,2025-12-05 14:00:00,5%,SKIPPED
2025-12-05 13:02:02,SWKS.US,4-hour,Short,69.60049,79.35819,65.27826,82.17877,6.21%,17.74%,18.07%,3.55%,81.81,New,19aefada8b5f564a,2025-12-08 19:00:00,2025-12-19 19:00:00,2025-12-05 15:00:00,5%,SKIPPED
2025-12-05 13:02:02,DOCU.US,1-hour,Long,66.12117,60.62354,69.75,58.7369,5.49%,15.05%,11.17%,3.11%,49.66,New,19aefada8b5f564a,2025-12-06 15:00:00,2025-12-08 13:00:00,2025-12-05 15:00:00,5%,SKIPPED
2025-12-05 13:02:02,CSX.US,4-hour,Short,36.49,38.43178,34.9387,39.25417,4.25%,9.09%,7.58%,2.14%,46.33,New,19aefada8b5f564a,2025-12-08 19:00:00,2025-12-19 19:00:00,2025-12-05 15:00:00,10%,SKIPPED
2025-12-05 15:02:02,NXPI.US,1-hour,Short,230.23,231.64564,225.15217,236.3802,2.21%,2.80%,2.67%,2.04%,327.75,New,19af01b81f064284,2025-12-06 17:00:00,2025-12-07 22:00:00,2025-12-05 17:00:00,10%,SKIPPED
2025-12-08 9:33:08,NXPI.US,Daily,Short,229.85,294.46738,201.58913,307.90587,12.30%,31.54%,33.96%,4.56%,327.75,New,19afe617689298c9,2025-12-19 19:00:00,2026-01-04 19:00:00,2025-12-07 19:00:00,5%,SKIPPED
2025-12-08 9:33:08,FTNT.US,4-hour,Short,86.49,101.30562,81.50478,103.86842,5.76%,19.55%,20.09%,2.53%,134.57,New,19afe617689298c9,2025-12-14 7:00:00,2025-12-25 7:00:00,2025-12-08 11:00:00,5%,SKIPPED
2025-12-08 9:33:08,LLY.US,4-hour,Long,1002.13,883.40679,1055.64391,852.12516,5.34%,19.50%,14.97%,3.54%,1078.43,New,19afe617689298c9,2025-12-14 7:00:00,2025-12-25 7:00:00,2025-12-08 11:00:00,5%,SKIPPED
2025-12-08 10:02:03,PG.US,1-hour,Long,139.89,136.01698,145.16783,134.22467,3.77%,6.73%,4.05%,1.32%,143.82,New,19afe7bf3cafbbcd,2025-12-11 12:00:00,2025-12-13 10:00:00,2025-12-08 12:00:00,61%,SKIPPED
2025-12-08 10:02:03,LIN.US,1-hour,Long,395.92362,385.1294,404.14826,381.58296,2.08%,4.94%,3.62%,0.92%,514.92,New,19afe7bf3cafbbcd,2025-12-11 12:00:00,2025-12-13 10:00:00,2025-12-08 12:00:00,53%,SKIPPED
2025-12-08 10:02:03,ODFL.US,1-hour,Short,153.83,155.25397,151.89957,158.83656,1.25%,2.16%,3.25%,2.31%,214.99,New,19afe7bf3cafbbcd,2025-12-11 12:00:00,2025-12-13 10:00:00,2025-12-08 12:00:00,10%,SKIPPED
2025-12-08 10:50:13,BSX.US,1-hour,Long,92.87428,92.12333,97.87174,90.87174,5.38%,6.24%,2.16%,1.36%,57.69,New,19afea80428a057f,2025-12-11 12:00:00,2025-12-13 10:00:00,2025-12-08 12:00:00,60%,SKIPPED
2025-12-08 12:02:08,MCHP.US,1-hour,Short,67.04,71.51731,64.72826,73.42314,3.45%,9.49%,9.52%,2.66%,97.33,New,19afee9de728e80d,2025-12-11 14:00:00,2025-12-13 12:00:00,2025-12-08 14:00:00,15%,SKIPPED
2025-12-08 13:02:03,UBER.US,4-hour,Short,92.23234,98.8736,87.06957,102.02471,5.60%,11.94%,10.62%,3.19%,70.58,New,19aff20bba7d441d,2025-12-13 19:00:00,2025-12-22 19:00:00,2025-12-08 15:00:00,5%,SKIPPED
2025-12-08 13:02:03,SYK.US,1-hour,Long,352.93,343.51828,363.24826,339.1972,2.92%,5.74%,3.89%,1.26%,311.44,New,19aff20bba7d441d,2025-12-11 15:00:00,2025-12-13 13:00:00,2025-12-08 15:00:00,15%,SKIPPED
2025-12-08 13:02:03,TJX.US,1-hour,Short,153.35,157.62437,151.36609,158.89561,1.29%,3.97%,3.62%,0.81%,158.75,New,19aff20bba7d441d,2025-12-11 15:00:00,2025-12-13 13:00:00,2025-12-08 15:00:00,5%,SKIPPED
2025-12-08 13:02:03,CSX.US,1-hour,Short,36.56761,36.78058,36.22217,37.13554,0.94%,1.52%,1.55%,0.97%,46.33,New,19aff20bba7d441d,2025-12-11 15:00:00,2025-12-13 13:00:00,2025-12-08 15:00:00,10%,SKIPPED
2025-12-08 14:02:05,MRVL.US,1-hour,Long,91.49,75.73176,97.23696,71.9392,6.28%,28.40%,21.37%,5.01%,201.81,New,19aff57b28a6a220,2025-12-11 16:00:00,2025-12-12 21:00:00,2025-12-08 16:00:00,5%,SKIPPED
2025-12-08 15:02:03,LLY.US,1-hour,Long,993.91,992.13209,1010.75174,979.24042,1.69%,1.88%,1.48%,1.30%,1078.43,New,19aff8e9834a9b73,2025-12-11 17:00:00,2025-12-12 22:00:00,2025-12-08 17:00:00,5%,SKIPPED
2025-12-09 9:33:05,BSX.US,4-hour,Long,94.54,88.59418,98.67174,86.16599,4.37%,11.37%,8.86%,2.74%,57.69,New,19b0387cca06010a,2025-12-15 7:00:00,2025-12-24 7:00:00,2025-12-09 11:00:00,10%,SKIPPED
2025-12-09 9:33:05,COP.US,4-hour,Short,92.65,105.03819,89.78087,107.55999,3.10%,14.53%,16.09%,2.40%,118.45,New,19b0387cca06010a,2025-12-15 7:00:00,2025-12-24 7:00:00,2025-12-09 11:00:00,5%,SKIPPED
2025-12-09 9:33:05,MSFT.US,1-hour,Short,489.4,516.51606,483.16696,521.38085,1.27%,6.46%,6.53%,0.94%,415.18,New,19b0387cca06010a,2025-12-10 11:00:00,2025-12-14 9:00:00,2025-12-09 11:00:00,5%,SKIPPED
2025-12-09 10:02:01,MU.US,1-hour,Short,248.04,276.70482,236.05957,284.41083,4.83%,14.69%,14.66%,2.78%,877.87,New,19b03a24e53d29a1,2025-12-10 12:00:00,2025-12-14 10:00:00,2025-12-09 12:00:00,5%,SKIPPED
2025-12-09 10:02:01,SBUX.US,1-hour,Long,82.38945,79.24142,85.03609,78.03498,3.21%,7.31%,5.29%,1.52%,101.63,New,19b03a24e53d29a1,2025-12-10 12:00:00,2025-12-14 10:00:00,2025-12-09 12:00:00,10%,SKIPPED
2025-12-09 11:32:01,ORLY.US,1-hour,Long,94.73822,92.18539,98.67348,90.91166,4.15%,7.04%,4.04%,1.38%,88.09,New,19b03f4aaf513bc5,2025-12-10 13:00:00,2025-12-14 11:00:00,2025-12-09 13:00:00,19%,SKIPPED
2025-12-09 12:02:05,MRK.US,1-hour,Long,96.54905,93.59965,99.75522,92.08037,3.32%,6.58%,4.63%,1.62%,120.9,New,19b04103899ccf90,2025-12-10 14:00:00,2025-12-14 12:00:00,2025-12-09 14:00:00,10%,SKIPPED
2025-12-09 13:02:06,ABT.US,1-hour,Long,121.54,117.83891,123.81043,116.39025,1.87%,5.07%,4.24%,1.23%,86.63,New,19b0447296f7d5f0,2025-12-10 15:00:00,2025-12-14 13:00:00,2025-12-09 15:00:00,30%,SKIPPED
2025-12-09 13:02:06,CSCO.US,1-hour,Short,79.74,81.85536,78.39,82.64117,1.69%,4.23%,3.64%,0.96%,118.06,New,19b0447296f7d5f0,2025-12-10 15:00:00,2025-12-14 13:00:00,2025-12-09 15:00:00,10%,SKIPPED
2025-12-09 14:03:30,REGN.US,1-hour,Long,696,665.09149,712.64826,654.61814,2.39%,7.15%,5.95%,1.57%,641.79,New,19b047f5dd26f8ba,2025-12-10 16:00:00,2025-12-13 21:00:00,2025-12-09 16:00:00,5%,SKIPPED
2025-12-10 9:33:03,TXN.US,Daily,Short,177.57,209.22754,165.71217,218.60337,6.68%,20.80%,23.11%,4.48%,322.31,New,19b08ae21986d67c,2025-12-18 19:00:00,2026-01-06 19:00:00,2025-12-09 19:00:00,5%,SKIPPED
2025-12-10 9:33:03,SYK.US,4-hour,Long,347.8,313.29053,365.9087,305.22235,5.21%,16.80%,12.24%,2.58%,311.44,New,19b08ae21986d67c,2025-12-16 7:00:00,2025-12-25 7:00:00,2025-12-10 11:00:00,30%,SKIPPED
2025-12-10 9:33:03,PG.US,4-hour,Long,139.97,130.29997,145.51696,126.83615,3.96%,11.68%,9.38%,2.66%,143.82,New,19b08ae21986d67c,2025-12-16 7:00:00,2025-12-25 7:00:00,2025-12-10 11:00:00,20%,SKIPPED
2025-12-10 9:57:13,FTNT.US,1-hour,Long,80.76514,78.58253,84.97696,77.12954,5.21%,8.14%,4.50%,1.85%,134.57,New,19b08c4416e6a323,2025-12-11 11:00:00,2025-12-15 9:00:00,2025-12-10 11:00:00,5%,SKIPPED
2025-12-10 10:02:03,UBER.US,1-hour,Long,86.65578,82.0673,91.23261,80.45488,5.28%,11.17%,7.16%,1.96%,70.58,New,19b08c8b13397820,2025-12-11 12:00:00,2025-12-15 10:00:00,2025-12-10 12:00:00,5%,SKIPPED
2025-12-10 10:51:03,ALGN.US,Daily,Short,162.76965,193.9601,143.61261,203.38495,11.77%,25.96%,24.95%,4.86%,164.05,New,19b08f58810ffc31,2025-12-18 19:00:00,2026-01-06 19:00:00,2025-12-09 19:00:00,10%,SKIPPED
2025-12-10 13:02:03,ADBE.US,4-hour,Short,342.9,381.37509,328.79652,391.81697,4.11%,13.79%,14.27%,2.74%,242.3,New,19b096d7d168487c,2025-12-15 19:00:00,2025-12-24 19:00:00,2025-12-10 15:00:00,5%,SKIPPED
2025-12-10 13:02:03,META.US,1-hour,Long,648.9,609.69743,662.54739,601.24476,2.10%,8.67%,7.34%,1.39%,607.92,New,19b096d7d168487c,2025-12-11 15:00:00,2025-12-15 13:00:00,2025-12-10 15:00:00,5%,SKIPPED
2025-12-10 14:09:08,AMAT.US,Daily,Short,272.80987,333.96949,242.29435,352.12616,11.19%,27.45%,29.07%,5.44%,448.93,New,19b09aae5e2cbdcc,2025-12-18 19:00:00,2026-01-06 19:00:00,2025-12-09 19:00:00,20%,SKIPPED
2025-12-10 15:17:58,ODFL.US,Daily,Short,157.91717,191.69264,138.35565,200.57061,12.39%,27.82%,27.01%,4.63%,214.99,New,19b09e9e8a53cd2f,2025-12-18 19:00:00,2026-01-06 19:00:00,2025-12-09 19:00:00,10%,SKIPPED
2025-12-11 9:33:11,ORLY.US,4-hour,Long,94.24,84.87446,98.93217,82.11449,4.98%,16.56%,12.87%,3.25%,88.09,New,19b0dd4993f2cc90,2025-12-17 7:00:00,2025-12-26 7:00:00,2025-12-11 11:00:00,5%,SKIPPED
2025-12-11 10:02:01,ORCL.US,1-hour,Long,190.02,177.07594,218.87565,168.65991,15.19%,23.61%,11.24%,4.75%,192.09,New,19b0deefe1ebe623,2025-12-12 12:00:00,2025-12-14 10:00:00,2025-12-11 12:00:00,12%,SKIPPED
2025-12-11 10:07:21,COP.US,1-hour,Short,97.20522,100.83101,94.10565,102.25379,3.19%,6.67%,5.19%,1.41%,118.45,New,19b0df3dfe8a8656,2025-12-12 12:00:00,2025-12-14 10:00:00,2025-12-11 12:00:00,25%,SKIPPED
2025-12-11 10:12:06,OKTA.US,4-hour,Short,90.20396,99.72634,83.82174,103.23542,7.08%,15.95%,14.45%,3.52%,96.05,New,19b0df83741f6692,2025-12-17 7:00:00,2025-12-26 7:00:00,2025-12-11 11:00:00,10%,SKIPPED
2025-12-11 11:02:06,JNJ.US,1-hour,Short,210.41,215.36896,203.48043,218.17509,3.29%,5.52%,3.69%,1.30%,231.19,New,19b0e2602602be3c,2025-12-12 13:00:00,2025-12-14 11:00:00,2025-12-11 13:00:00,53%,SKIPPED
2025-12-11 12:02:06,ODFL.US,1-hour,Short,160.45,169.71801,153.21913,173.56115,4.51%,9.72%,8.17%,2.26%,214.99,New,19b0e5cf2df0f345,2025-12-12 14:00:00,2025-12-14 12:00:00,2025-12-11 14:00:00,25%,SKIPPED
2025-12-11 12:02:06,MSFT.US,1-hour,Long,479.44,470.45083,485.72565,464.72827,1.31%,3.25%,3.07%,1.22%,415.18,New,19b0e5cf2df0f345,2025-12-12 14:00:00,2025-12-14 12:00:00,2025-12-11 14:00:00,5%,SKIPPED
2025-12-11 13:02:06,IDXX.US,4-hour,Long,702.95,690.39151,725.31565,669.086,3.18%,5.06%,4.82%,3.09%,555.4,New,19b0e93eccbb821c,2025-12-14 19:00:00,2025-12-24 19:00:00,2025-12-11 15:00:00,5%,SKIPPED
2025-12-11 13:02:06,TJX.US,1-hour,Short,157,159.95735,154.71,161.46148,1.46%,3.28%,2.84%,0.94%,158.75,New,19b0e93eccbb821c,2025-12-12 15:00:00,2025-12-14 13:00:00,2025-12-11 15:00:00,30%,SKIPPED
2025-12-11 13:12:06,DXCM.US,1-hour,Short,68.99706,72.61103,66.48174,73.97374,3.65%,8.44%,7.21%,1.88%,72.64,New,19b0e9d02501e8f9,2025-12-12 15:00:00,2025-12-14 13:00:00,2025-12-11 15:00:00,25%,SKIPPED
2025-12-12 9:33:03,CRM.US,Daily,Short,262.57,325.79692,241.00739,338.72624,8.21%,26.03%,29.00%,3.97%,181.53,New,19b12fad53b77fe6,2025-12-20 19:00:00,2026-01-08 19:00:00,2025-12-11 19:00:00,5%,SKIPPED
2025-12-12 9:33:03,ADI.US,4-hour,Short,282.6,297.89926,273.11348,306.45302,3.36%,8.32%,8.44%,2.87%,415.08,New,19b12fad53b77fe6,2025-12-16 7:00:00,2025-12-26 7:00:00,2025-12-12 11:00:00,21%,SKIPPED
2025-12-12 9:33:03,ABT.US,4-hour,Long,123,108.38091,125.27348,105.81955,1.85%,15.59%,13.97%,2.36%,86.63,New,19b12fad53b77fe6,2025-12-16 7:00:00,2025-12-26 7:00:00,2025-12-12 11:00:00,5%,SKIPPED
2025-12-12 9:35:43,MDT.US,4-hour,Long,99.54518,90.62774,102.26348,88.73006,2.73%,12.84%,10.86%,2.09%,77.69,New,19b12fd429d03276,2025-12-16 7:00:00,2025-12-26 7:00:00,2025-12-12 11:00:00,5%,SKIPPED
2025-12-12 9:37:59,LIN.US,1-hour,Short,411.99271,421.03802,394.49217,426.76859,4.25%,6.30%,3.59%,1.36%,514.92,New,19b12ff56a3a9be6,2025-12-13 11:00:00,2025-12-15 9:00:00,2025-12-12 11:00:00,10%,SKIPPED
2025-12-12 10:02:04,LULU.US,1-hour,Short,209.61,217.62662,185.25826,224.89863,11.62%,14.87%,7.29%,3.34%,127.25,New,19b131579fb9ced6,2025-12-13 12:00:00,2025-12-15 10:00:00,2025-12-12 12:00:00,52%,SKIPPED
2025-12-12 10:02:04,FAST.US,1-hour,Short,41.9,43.15511,40.95174,43.65834,2.26%,5.11%,4.20%,1.17%,44.15,New,19b131579fb9ced6,2025-12-13 12:00:00,2025-12-15 10:00:00,2025-12-12 12:00:00,5%,SKIPPED
2025-12-12 10:02:04,OKTA.US,1-hour,Short,90.99,97.34779,88.93696,98.81848,2.26%,8.64%,8.60%,1.51%,96.05,New,19b131579fb9ced6,2025-12-13 12:00:00,2025-12-15 10:00:00,2025-12-12 12:00:00,10%,SKIPPED
2025-12-12 10:02:04,ROST.US,1-hour,Short,183.66,189.70307,180.16435,192.16529,1.90%,5.03%,4.63%,1.30%,234.24,New,19b131579fb9ced6,2025-12-13 12:00:00,2025-12-15 10:00:00,2025-12-12 12:00:00,20%,SKIPPED
2025-12-12 10:02:04,GILD.US,1-hour,Short,123.22,130.2689,121.04217,131.87307,1.77%,7.08%,7.02%,1.23%,135.26,New,19b131579fb9ced6,2025-12-13 12:00:00,2025-12-15 10:00:00,2025-12-12 12:00:00,5%,SKIPPED
2025-12-12 11:02:03,AVGO.US,1-hour,Long,362.19,340.64097,400.46348,327.19598,10.57%,17.56%,9.66%,3.95%,423.21,New,19b134c55b477b5e,2025-12-13 13:00:00,2025-12-15 11:00:00,2025-12-12 13:00:00,10%,SKIPPED
2025-12-12 12:02:03,NAS100,1-hour,Long,25149.05273,24593.14838,25593.85217,24431.11061,1.77%,4.07%,2.85%,0.66%,#N/A,New,19b13834aa0941e1,2025-12-12 21:00:00,2025-12-13 10:00:00,2025-12-12 14:00:00,24%,SKIPPED
2025-12-12 12:05:23,SBUX.US,1-hour,Short,85.63612,88.49137,83.56913,89.64554,2.41%,5.56%,4.68%,1.30%,101.63,New,19b13864fac8af6b,2025-12-13 14:00:00,2025-12-15 12:00:00,2025-12-12 14:00:00,5%,SKIPPED
2025-12-15 9:33:04,ACN.US,Daily,Short,274.98,314.84031,254.94304,327.21296,7.29%,19.02%,19.00%,3.93%,178.21,New,19b226df067db4da,2025-12-25 19:00:00,2026-01-11 19:00:00,2025-12-14 19:00:00,5%,SKIPPED
2025-12-15 9:33:04,CSX.US,Daily,Short,37.51544,42.67461,35.32043,43.78969,5.85%,17.23%,16.72%,2.61%,46.33,New,19b226df067db4da,2025-12-25 19:00:00,2026-01-11 19:00:00,2025-12-14 19:00:00,25%,SKIPPED
2025-12-15 9:40:04,SNPS.US,4-hour,Short,469.91774,481.12679,454.78913,499.80855,3.22%,5.47%,6.36%,3.88%,535.38,New,19b227457f461e72,2025-12-21 7:00:00,2025-12-29 7:00:00,2025-12-15 11:00:00,5%,SKIPPED
2025-12-15 9:42:29,ABT.US,1-hour,Short,127.6573,130.08126,123.13957,131.47871,3.54%,5.34%,2.99%,1.07%,86.63,New,19b22768d6bd19e4,2025-12-18 11:00:00,2025-12-20 9:00:00,2025-12-15 11:00:00,12%,SKIPPED
2025-12-15 10:02:04,NOW.US,1-hour,Long,781.75,757.09829,857.86304,734.21963,9.74%,13.31%,6.08%,3.02%,101.73,New,19b2288803f16efb,2025-12-18 12:00:00,2025-12-20 10:00:00,2025-12-15 12:00:00,44%,SKIPPED
2025-12-15 11:02:04,MRVL.US,1-hour,Long,84.12,71.32841,88.20652,68.56814,4.86%,23.66%,18.49%,3.87%,201.81,New,19b22bf6d1bb9fe0,2025-12-18 13:00:00,2025-12-20 11:00:00,2025-12-15 13:00:00,5%,SKIPPED
2025-12-15 12:02:04,PG.US,1-hour,Short,144.63,149.65974,141.67696,151.12773,2.04%,5.33%,4.49%,0.98%,143.82,New,19b22f663046d985,2025-12-18 14:00:00,2025-12-20 12:00:00,2025-12-15 14:00:00,5%,SKIPPED
2025-12-15 13:02:04,TSLA.US,1-hour,Short,477.28,509.709,453.48435,522.39492,4.99%,11.03%,9.45%,2.49%,429.35,New,19b232d5113454b8,2025-12-18 15:00:00,2025-12-20 13:00:00,2025-12-15 15:00:00,32%,SKIPPED
2025-12-15 13:02:04,AMZN.US,1-hour,Long,222.57,214.16526,228.05478,211.20106,2.46%,6.49%,5.11%,1.38%,263.72,New,19b232d5113454b8,2025-12-18 15:00:00,2025-12-20 13:00:00,2025-12-15 15:00:00,10%,SKIPPED
2025-12-15 13:07:19,LLY.US,1-hour,Short,1057.42443,1099.63822,1017.91783,1120.63685,3.74%,7.43%,5.98%,1.91%,1078.43,New,19b233217ad7a084,2025-12-18 15:00:00,2025-12-20 13:00:00,2025-12-15 15:00:00,5%,SKIPPED
2025-12-15 23:56:46,NAS100,1-hour,Long,24914.6,24384.45087,25165.98696,24234.94945,1.01%,3.21%,2.73%,0.61%,#N/A,New,19b2584aa81fc4fb,2025-12-16 9:00:00,2025-12-16 21:00:00,2025-12-16 1:00:00,10%,SKIPPED
2025-12-16 9:33:01,AVGO.US,4-hour,Long,338.46,289.96512,386.33217,268.32419,14.14%,33.23%,20.72%,7.46%,423.21,New,19b279441cf0575e,2025-12-22 7:00:00,2025-12-30 7:00:00,2025-12-16 11:00:00,5%,SKIPPED
2025-12-16 9:33:01,ORCL.US,4-hour,Long,185.57,141.5215,206.44087,129.04044,11.25%,45.87%,30.46%,8.82%,192.09,New,19b279441cf0575e,2025-12-22 7:00:00,2025-12-30 7:00:00,2025-12-16 11:00:00,20%,SKIPPED
2025-12-16 9:33:01,NOW.US,4-hour,Long,770.05542,675.94942,837.22739,645.77014,8.72%,23.86%,16.14%,4.46%,101.73,New,19b279441cf0575e,2025-12-22 7:00:00,2025-12-30 7:00:00,2025-12-16 11:00:00,20%,SKIPPED
2025-12-16 9:33:01,UNP.US,Daily,Short,240.36,258.50916,229.67957,265.11569,4.44%,11.15%,10.30%,2.56%,271.24,New,19b279441cf0575e,2025-12-26 19:00:00,2026-01-12 19:00:00,2025-12-15 19:00:00,15%,SKIPPED
2025-12-16 9:33:01,ORCL.US,1-hour,Long,185.57,183.48555,192.61826,173.60228,3.80%,4.98%,6.45%,5.39%,192.09,New,19b279441cf0575e,2025-12-17 11:00:00,2025-12-21 9:00:00,2025-12-16 11:00:00,20%,SKIPPED
2025-12-16 9:35:36,TJX.US,4-hour,Short,157.46847,168.6106,153.20609,171.16671,2.71%,9.14%,8.70%,1.52%,158.75,New,19b27969caa85f3e,2025-12-22 7:00:00,2025-12-30 7:00:00,2025-12-16 11:00:00,15%,SKIPPED
2025-12-16 10:02:01,COP.US,1-hour,Long,92,88.64618,95.44652,87.07403,3.75%,7.67%,5.35%,1.77%,118.45,New,19b27aece1f6a9fd,2025-12-17 12:00:00,2025-12-21 10:00:00,2025-12-16 12:00:00,10%,SKIPPED
2025-12-16 10:02:01,XOM.US,1-hour,Long,115.6,109.98438,118.48652,108.74798,2.50%,7.73%,5.93%,1.12%,151.66,New,19b27aece1f6a9fd,2025-12-17 12:00:00,2025-12-21 10:00:00,2025-12-16 12:00:00,5%,SKIPPED
2025-12-16 10:18:36,CRWD.US,1-hour,Long,484,451.22234,505.63087,440.12631,4.47%,12.06%,9.06%,2.46%,673.96,New,19b27bdfce5b8afe,2025-12-17 12:00:00,2025-12-21 10:00:00,2025-12-16 12:00:00,15%,SKIPPED
2025-12-16 10:24:01,CRM.US,1-hour,Long,252.93042,238.53166,259.73217,234.41814,2.69%,8.89%,7.32%,1.72%,181.53,New,19b27c2f2371f837,2025-12-17 12:00:00,2025-12-21 10:00:00,2025-12-16 12:00:00,5%,SKIPPED
2025-12-16 13:02:01,MU.US,1-hour,Long,231.42,213.48234,244.68522,205.3527,5.73%,14.62%,11.26%,3.81%,877.87,New,19b285399aa52c59,2025-12-17 15:00:00,2025-12-21 13:00:00,2025-12-16 15:00:00,10%,SKIPPED
2025-12-16 13:02:01,UBER.US,1-hour,Long,80.28,73.8531,83.55783,72.02411,4.08%,13.14%,10.28%,2.48%,70.58,New,19b285399aa52c59,2025-12-17 15:00:00,2025-12-21 13:00:00,2025-12-16 15:00:00,25%,SKIPPED
2025-12-16 15:54:21,LIN.US,4-hour,Short,424.11677,456.93467,403.89,467.15753,4.77%,11.61%,10.15%,2.24%,514.92,New,19b28f15cf7de63d,2025-12-21 19:00:00,2025-12-29 19:00:00,2025-12-16 15:00:00,5%,SKIPPED
2025-12-17 9:33:24,LULU.US,Daily,Short,204.18215,233.84405,180.7013,247.08473,11.50%,22.73%,21.01%,5.66%,127.25,New,19b2cbaf1236305b,2025-12-25 19:00:00,2026-01-13 19:00:00,2025-12-16 19:00:00,5%,SKIPPED
2025-12-17 9:33:24,LULU.US,4-hour,Short,204,234.76785,189.72913,244.63114,7.00%,19.18%,19.92%,4.20%,127.25,New,19b2cbaf1236305b,2025-12-23 7:00:00,2025-12-31 7:00:00,2025-12-17 11:00:00,5%,SKIPPED
2025-12-17 12:02:04,AVGO.US,1-hour,Long,324.29,296.8254,345.0613,285.35709,6.41%,16.25%,12.01%,3.86%,423.21,New,19b2d430f4923c95,2025-12-18 14:00:00,2025-12-22 12:00:00,2025-12-17 14:00:00,25%,SKIPPED
2025-12-17 13:02:04,ASML.US,1-hour,Long,1023.57,980.974,1074.15,958.32555,4.94%,9.50%,6.37%,2.31%,1608.97,New,19b2d79fc057b89e,2025-12-18 15:00:00,2025-12-22 13:00:00,2025-12-17 15:00:00,10%,SKIPPED
2025-12-17 14:35:54,NAS100,1-hour,Long,24682.98604,24005.47582,25076.46087,23837.99869,1.59%,4.46%,3.42%,0.70%,#N/A,New,19b2dcfe03c124a1,2025-12-17 23:00:00,2025-12-18 11:00:00,2025-12-17 16:00:00,25%,SKIPPED
2025-12-18 9:37:19,BSX.US,1-hour,Short,96.31684,100.16879,92.89609,101.65861,3.55%,7.26%,5.55%,1.49%,57.69,New,19b31e4e5905d228,2025-12-19 11:00:00,2025-12-21 9:00:00,2025-12-18 11:00:00,10%,SKIPPED
2025-12-18 12:02:04,SBUX.US,1-hour,Short,89.73025,94.98371,85.90435,96.63693,4.26%,9.56%,7.70%,1.74%,101.63,New,19b32697476a4168,2025-12-19 14:00:00,2025-12-21 12:00:00,2025-12-18 14:00:00,25%,SKIPPED
2025-12-18 14:02:04,NAS100,1-hour,Short,25095.82841,25607.48835,24843.98261,25766.67411,1.00%,2.98%,2.67%,0.62%,#N/A,New,19b32d7487052889,2025-12-18 23:00:00,2025-12-19 11:00:00,2025-12-18 16:00:00,5%,SKIPPED
2025-12-19 11:02:03,MU.US,1-hour,Short,262.74,287.37099,240.18739,300.95155,8.58%,16.42%,14.54%,4.73%,877.87,New,19b3758d99bfdd24,2025-12-20 13:00:00,2025-12-22 11:00:00,2025-12-19 13:00:00,5%,SKIPPED
2025-12-19 13:02:03,ORCL.US,1-hour,Short,194.24,236.02379,184.14,241.8428,5.20%,21.98%,24.51%,2.47%,192.09,New,19b37c6b12b6bfa0,2025-12-20 15:00:00,2025-12-22 13:00:00,2025-12-19 15:00:00,5%,SKIPPED
2025-12-19 13:02:03,GILD.US,1-hour,Short,125.12,131.37993,121.13087,133.37834,3.19%,7.80%,6.60%,1.52%,135.26,New,19b37c6b12b6bfa0,2025-12-20 15:00:00,2025-12-22 13:00:00,2025-12-19 15:00:00,5%,SKIPPED
2025-12-19 13:09:18,LRCX.US,1-hour,Short,172.58306,191.95022,162.93957,197.33063,5.59%,15.11%,14.34%,2.80%,315.08,New,19b37cd50c361dda,2025-12-20 15:00:00,2025-12-22 13:00:00,2025-12-19 15:00:00,50%,SKIPPED
2025-12-22 9:33:15,ANET.US,1-hour,Short,132.92,145.92092,126.12261,149.28643,5.11%,13.57%,12.31%,2.31%,159.34,New,19b467a986d2189b,2025-12-25 11:00:00,2025-12-27 9:00:00,2025-12-22 11:00:00,5%,SKIPPED
2025-12-22 10:02:05,AMD.US,1-hour,Short,214.63,241.7912,206.06913,247.5841,3.99%,14.77%,15.35%,2.40%,488.34,New,19b46950c10e183a,2025-12-25 12:00:00,2025-12-27 10:00:00,2025-12-22 12:00:00,5%,SKIPPED
2025-12-22 10:58:50,NVDA.US,1-hour,Short,183.93597,198.10801,176.03,202.08063,4.30%,11.14%,9.86%,2.01%,213.56,New,19b46c8f47c05ec6,2025-12-25 12:00:00,2025-12-27 10:00:00,2025-12-22 12:00:00,5%,SKIPPED
2025-12-22 11:02:05,PG.US,1-hour,Long,143.75634,138.60065,145.84,137.15352,1.45%,5.22%,4.59%,1.04%,143.82,New,19b46cbeff2989e3,2025-12-25 13:00:00,2025-12-27 11:00:00,2025-12-22 13:00:00,5%,SKIPPED
2025-12-22 12:02:05,ILMN.US,1-hour,Short,138.24025,147.36455,132.44261,150.0743,4.19%,10.13%,8.56%,1.84%,145.37,New,19b4702de78fa037,2025-12-25 14:00:00,2025-12-27 12:00:00,2025-12-22 14:00:00,45%,SKIPPED
2025-12-22 12:02:05,KLAC.US,1-hour,Short,1264,1417.28902,1222.92174,1448.80981,3.25%,13.71%,14.62%,2.22%,1977.22,New,19b4702de78fa037,2025-12-25 14:00:00,2025-12-27 12:00:00,2025-12-22 14:00:00,10%,SKIPPED
2025-12-22 12:02:05,LOW.US,1-hour,Long,241.91,226.16379,245.82043,222.49293,1.62%,8.69%,8.03%,1.62%,212.06,New,19b4702de78fa037,2025-12-25 14:00:00,2025-12-27 12:00:00,2025-12-22 14:00:00,5%,SKIPPED
2025-12-22 13:02:50,MRK.US,1-hour,Short,104.11328,107.65411,100.81652,109.22005,3.17%,6.35%,4.91%,1.45%,120.9,New,19b473a7f9051cc3,2025-12-25 15:00:00,2025-12-27 13:00:00,2025-12-22 15:00:00,15%,SKIPPED
2025-12-22 13:02:50,ISRG.US,1-hour,Short,580.53,605.77454,566.1613,613.95223,2.48%,6.54%,5.76%,1.35%,436.45,New,19b473a7f9051cc3,2025-12-25 15:00:00,2025-12-27 13:00:00,2025-12-22 15:00:00,35%,SKIPPED
2025-12-22 15:02:05,GOOG.US,1-hour,Short,310.78,328.57661,305.27304,332.33773,1.77%,7.09%,6.94%,1.14%,382.55,New,19b47a7a6d0b80f3,2025-12-25 17:00:00,2025-12-26 22:00:00,2025-12-22 17:00:00,5%,SKIPPED
2025-12-22 15:02:05,GOOGL.US,1-hour,Short,309.27,327.37719,303.90261,331.06999,1.74%,7.17%,7.05%,1.13%,386.56,New,19b47a7a6d0b80f3,2025-12-25 17:00:00,2025-12-26 22:00:00,2025-12-22 17:00:00,5%,SKIPPED
2025-12-23 9:33:02,ORLY.US,Daily,Long,91.99,75.21363,96.83826,71.66505,5.27%,28.75%,22.09%,4.72%,88.09,New,19b4ba0c99a1b21c,2026-01-02 19:00:00,2026-01-19 19:00:00,2025-12-22 19:00:00,5%,SKIPPED
2025-12-23 9:35:12,BKNG.US,Daily,Short,5407.5,6398.74484,5100.13043,6650.72248,5.68%,20.29%,22.99%,3.94%,164.23,New,19b4ba2bf872ad8c,2026-01-02 19:00:00,2026-01-19 19:00:00,2025-12-22 19:00:00,5%,SKIPPED
2025-12-23 10:02:07,SBUX.US,1-hour,Long,84.46815,83.1277,88.2287,81.52297,4.45%,6.14%,3.49%,1.93%,101.63,New,19b4bbb7518f0b38,2025-12-24 12:00:00,2025-12-28 10:00:00,2025-12-23 12:00:00,5%,SKIPPED
2025-12-23 13:02:03,MU.US,1-hour,Short,276.36,313.9801,266.84957,323.03275,3.44%,15.01%,16.89%,2.88%,877.87,New,19b4c601dafc3ba9,2025-12-24 15:00:00,2025-12-28 13:00:00,2025-12-23 15:00:00,20%,SKIPPED
2025-12-23 14:02:02,REGN.US,1-hour,Short,786.55,830.4199,768.90391,844.60264,2.24%,7.41%,7.38%,1.71%,641.79,New,19b4c970ab9e901b,2025-12-24 16:00:00,2025-12-27 21:00:00,2025-12-23 16:00:00,5%,SKIPPED
2025-12-23 14:02:02,XOM.US,1-hour,Short,119.68,123.79233,117.64478,124.9198,1.70%,4.97%,4.38%,0.91%,151.66,New,19b4c970ab9e901b,2025-12-24 16:00:00,2025-12-27 21:00:00,2025-12-23 16:00:00,10%,SKIPPED
2025-12-23 14:02:02,HD.US,1-hour,Long,344.05,342.27013,347.83696,338.5375,1.10%,1.63%,1.60%,1.09%,309.75,New,19b4c970ab9e901b,2025-12-24 16:00:00,2025-12-27 21:00:00,2025-12-23 16:00:00,5%,SKIPPED
2025-12-23 15:02:37,DHR.US,1-hour,Short,230.7938,241.77761,226.87696,244.17762,1.70%,6.16%,5.80%,0.99%,172,New,19b4cce823587b25,2025-12-24 17:00:00,2025-12-27 22:00:00,2025-12-23 17:00:00,5%,SKIPPED
2025-12-24 9:33:16,REGN.US,4-hour,Short,787,851.29888,743.68043,877.90844,5.50%,12.64%,11.55%,3.13%,641.79,New,19b50c75451da4e1,2025-12-30 7:00:00,2026-01-07 7:00:00,2025-12-24 11:00:00,5%,SKIPPED
2025-12-24 12:02:41,UBER.US,1-hour,Short,81.46958,86.90922,80.3987,87.96099,1.31%,7.49%,7.97%,1.21%,70.58,New,19b5150228156967,2025-12-25 14:00:00,2025-12-29 12:00:00,2025-12-24 14:00:00,5%,SKIPPED
2025-12-26 0:09:50,NAS100,1-hour,Short,25661.55707,25859.14203,25607.67826,25904.82337,0.21%,0.97%,0.95%,0.18%,#N/A,New,19b59103d2c3eb2d,2025-12-27 13:00:00,2025-12-28 1:00:00,2025-12-26 2:00:00,5%,SKIPPED
2025-12-26 9:37:55,ADI.US,Daily,Short,277.55,285.07525,270.84565,297.99872,2.42%,4.99%,7.37%,4.53%,415.08,New,19b5b18516547d43,2026-01-04 19:00:00,2026-01-22 19:00:00,2025-12-25 19:00:00,10%,SKIPPED
2025-12-26 12:30:45,AMZN.US,1-hour,Short,232.86202,243.38092,230.39565,245.40579,1.06%,5.34%,5.39%,0.83%,263.72,New,19b5bb68c3125c7e,2025-12-28 17:00:00,2025-12-30 15:00:00,2025-12-26 14:00:00,5%,SKIPPED
2025-12-26 13:02:05,MU.US,4-hour,Short,284.5,331.85528,255.52739,350.44559,10.18%,23.00%,23.18%,5.60%,877.87,New,19b5bd33d8ea5e42,2026-01-02 15:00:00,2026-01-10 15:00:00,2025-12-26 15:00:00,35%,SKIPPED
2025-12-26 13:02:05,MRK.US,4-hour,Short,106.14,118.04323,100.77478,121.0639,5.05%,14.63%,14.06%,2.56%,120.9,New,19b5bd33d8ea5e42,2026-01-02 15:00:00,2026-01-10 15:00:00,2025-12-26 15:00:00,25%,SKIPPED
2025-12-26 14:02:05,MRK.US,1-hour,Short,106.21,106.67141,104.99826,107.88914,1.14%,1.57%,1.58%,1.14%,120.9,New,19b5c0a30d78c35a,2025-12-28 19:00:00,2025-12-30 17:00:00,2025-12-26 16:00:00,20%,SKIPPED
2025-12-26 15:21:20,SNPS.US,Daily,Short,478.26235,494.34368,450.45087,521.14589,5.82%,8.88%,8.97%,5.42%,535.38,New,19b5c52b83053343,2026-01-04 19:00:00,2026-01-22 19:00:00,2025-12-25 19:00:00,5%,SKIPPED
2025-12-29 15:02:07,NXPI.US,1-hour,Long,219.62,201.36736,223.61652,198.79161,1.82%,11.05%,9.48%,1.28%,327.75,New,19b6bb4307b92193,2026-01-01 17:00:00,2026-01-04 18:00:00,2025-12-29 17:00:00,5%,SKIPPED
2025-12-29 15:42:16,TSLA.US,1-hour,Long,460.96167,428.59893,477.42174,420.08338,3.57%,11.39%,8.87%,1.99%,429.35,New,19b6bd8f64f67ade,2026-01-01 17:00:00,2026-01-04 18:00:00,2025-12-29 17:00:00,10%,SKIPPED
2025-12-30 9:33:04,AVGO.US,Daily,Long,350.21,203.13746,369.84522,175.9914,5.61%,82.07%,49.75%,13.36%,423.21,New,19b6fad4d5510214,2026-01-10 19:00:00,2026-01-26 19:00:00,2025-12-29 19:00:00,5%,SKIPPED
2025-12-30 11:17:04,LIN.US,Daily,Short,427.30177,483.92678,411.39217,495.83158,3.72%,14.99%,16.04%,2.46%,514.92,New,19b700c855f04630,2026-01-10 19:00:00,2026-01-26 19:00:00,2025-12-29 19:00:00,5%,SKIPPED
2025-12-30 13:02:04,NVDA.US,4-hour,Short,188.07,217.75285,181.42739,224.03611,3.53%,16.68%,19.12%,2.89%,213.56,New,19b706ca7e21597c,2026-01-06 15:00:00,2026-01-14 15:00:00,2025-12-30 15:00:00,5%,SKIPPED
2025-12-30 13:19:24,ISRG.US,4-hour,Short,573.39767,634.95373,564.67087,647.75541,1.52%,11.07%,12.97%,2.02%,436.45,New,19b707c8540ca6dc,2026-01-06 15:00:00,2026-01-14 15:00:00,2025-12-30 15:00:00,5%,SKIPPED
2025-12-30 14:10:10,FAST.US,1-hour,Long,40.91848,39.64196,41.44348,39.35596,1.28%,4.54%,3.82%,0.72%,44.15,New,19b70ab139997570,2025-12-31 16:00:00,2026-01-03 21:00:00,2025-12-30 16:00:00,5%,SKIPPED
2025-12-30 15:24:55,COP.US,1-hour,Short,94.25994,98.59411,92.33696,99.55634,2.04%,6.35%,5.62%,0.98%,118.45,New,19b70ef6e533a2ac,2025-12-31 17:00:00,2026-01-03 22:00:00,2025-12-30 17:00:00,5%,SKIPPED
2025-12-31 9:33:14,KLAC.US,1-hour,Long,1244,1162.81696,1265.24913,1149.30624,1.71%,8.81%,7.61%,1.16%,1977.22,New,19b74d3d28b7706e,2026-01-01 11:00:00,2026-01-05 9:00:00,2025-12-31 11:00:00,5%,SKIPPED
2025-12-31 11:02:04,TJX.US,1-hour,Long,154.54,151.05908,156.10696,150.17878,1.01%,3.34%,2.82%,0.58%,158.75,New,19b752527df89462,2026-01-01 13:00:00,2026-01-05 11:00:00,2025-12-31 13:00:00,5%,SKIPPED
2025-12-31 14:11:14,LRCX.US,1-hour,Long,172.15286,164.3424,175.14696,162.35681,1.74%,6.57%,5.69%,1.21%,315.08,New,19b75d2570b2a830,2026-01-01 16:00:00,2026-01-02 21:00:00,2025-12-31 16:00:00,5%,SKIPPED
2026-01-02 9:33:12,ASML.US,1-hour,Short,1146.25,1155.06373,1071.85304,1170.57853,6.49%,7.20%,2.12%,1.34%,1608.97,New,19b7f20827426eb0,2026-01-05 5:00:00,2026-01-06 10:00:00,2026-01-02 11:00:00,57%,SKIPPED
2026-01-02 9:33:12,MDT.US,Daily,Long,95.77,84.80601,99.36348,82.3897,3.75%,17.17%,13.97%,2.85%,77.69,New,19b7f20827426eb0,2026-01-12 19:00:00,2026-01-30 19:00:00,2026-01-01 19:00:00,5%,SKIPPED
2026-01-02 9:35:42,ILMN.US,1-hour,Long,130.41235,123.99918,133.11826,122.68557,2.07%,7.35%,5.92%,1.06%,145.37,New,19b7f22cab2ac22b,2026-01-05 5:00:00,2026-01-06 10:00:00,2026-01-02 11:00:00,10%,SKIPPED
2026-01-02 9:35:42,FTNT.US,1-hour,Long,78.90164,76.66565,80.52522,76.0402,2.06%,5.03%,3.63%,0.82%,134.57,New,19b7f22cab2ac22b,2026-01-05 5:00:00,2026-01-06 10:00:00,2026-01-02 11:00:00,10%,SKIPPED
2026-01-02 10:09:33,ADSK.US,1-hour,Long,289.98951,282.48048,299.32913,279.55477,3.22%,5.96%,3.60%,1.04%,239.01,New,19b7f41c88201a88,2026-01-04 13:00:00,2026-01-06 11:00:00,2026-01-02 12:00:00,19%,SKIPPED
2026-01-02 10:12:47,DOCU.US,1-hour,Long,65.93982,64.56823,69.19826,63.68425,4.94%,7.17%,3.42%,1.37%,49.66,New,19b7f44c17034820,2026-01-04 13:00:00,2026-01-06 11:00:00,2026-01-02 12:00:00,20%,SKIPPED
2026-01-02 10:12:47,PANW.US,1-hour,Long,181.03686,177.68364,186.4687,176.00933,3.00%,4.94%,2.78%,0.94%,258.35,New,19b7f44c17034820,2026-01-04 13:00:00,2026-01-06 11:00:00,2026-01-02 12:00:00,26%,SKIPPED
2026-01-02 10:21:17,ADBE.US,1-hour,Long,337.4747,333.53214,352.11652,329.78264,4.34%,5.57%,2.28%,1.12%,242.3,New,19b7f4c89d239b5f,2026-01-04 13:00:00,2026-01-06 11:00:00,2026-01-02 12:00:00,15%,SKIPPED
2026-01-02 10:23:42,ACN.US,1-hour,Long,260.29,254.2654,270.08826,251.89163,3.76%,6.22%,3.23%,0.93%,178.21,New,19b7f4ebf467ecb5,2026-01-04 13:00:00,2026-01-06 11:00:00,2026-01-02 12:00:00,20%,SKIPPED
2026-01-02 10:27:19,CRM.US,1-hour,Long,253.74007,249.67718,265.75957,246.89504,4.74%,6.44%,2.70%,1.11%,181.53,New,19b7f521354bc811,2026-01-04 13:00:00,2026-01-06 11:00:00,2026-01-02 12:00:00,10%,SKIPPED
2026-01-02 10:40:57,NOW.US,1-hour,Long,145.54229,141.13619,153.72783,139.26938,5.62%,8.92%,4.31%,1.32%,101.73,New,19b7f5e86329f7e7,2026-01-04 13:00:00,2026-01-06 11:00:00,2026-01-02 12:00:00,71%,SKIPPED
2026-01-02 10:54:12,CRWD.US,1-hour,Long,455.48016,446.70593,475.3613,441.54566,4.36%,6.41%,3.06%,1.16%,673.96,New,19b7f6aab9ea0d42,2026-01-04 13:00:00,2026-01-06 11:00:00,2026-01-02 12:00:00,55%,SKIPPED
2026-01-02 11:01:27,CPRT.US,1-hour,Long,37.839,37.25084,39.36609,36.8946,4.04%,5.68%,2.50%,0.96%,33.07,New,19b7f714e4cd6355,2026-01-04 13:00:00,2026-01-06 11:00:00,2026-01-02 12:00:00,65%,SKIPPED
2026-01-02 11:01:27,CTAS.US,1-hour,Long,184.7,181.69186,189.8813,179.85952,2.81%,4.51%,2.62%,1.01%,171.17,New,19b7f714e4cd6355,2026-01-04 14:00:00,2026-01-06 12:00:00,2026-01-02 13:00:00,12%,SKIPPED
2026-01-02 11:01:27,MSFT.US,1-hour,Long,473.8,470.42722,485.97087,466.51935,2.57%,3.30%,1.54%,0.83%,415.18,New,19b7f714e4cd6355,2026-01-04 14:00:00,2026-01-06 12:00:00,2026-01-02 13:00:00,14%,SKIPPED
2026-01-02 12:02:07,ISRG.US,1-hour,Long,557.33,551.77222,571.33696,546.27051,2.51%,3.55%,1.98%,1.00%,436.45,New,19b7fa8d6059612d,2026-01-04 15:00:00,2026-01-06 13:00:00,2026-01-02 14:00:00,10%,SKIPPED
2026-01-02 12:02:07,PG.US,1-hour,Long,141.79,139.42432,143.83391,138.47287,1.44%,3.16%,2.34%,0.68%,143.82,New,19b7fa8d6059612d,2026-01-04 15:00:00,2026-01-06 13:00:00,2026-01-02 14:00:00,5%,SKIPPED
2026-01-02 13:02:02,MU.US,1-hour,Short,309.26,322.49199,293.5713,330.19236,5.07%,8.97%,6.77%,2.39%,877.87,New,19b7fe00008babc8,2026-01-04 16:00:00,2026-01-06 14:00:00,2026-01-02 15:00:00,30%,SKIPPED
2026-01-02 13:02:02,TSLA.US,1-hour,Long,439.86,426.57685,456.49391,418.66036,3.78%,7.01%,4.82%,1.86%,429.35,New,19b7fe00008babc8,2026-01-04 16:00:00,2026-01-06 14:00:00,2026-01-02 15:00:00,15%,SKIPPED
2026-01-02 13:02:02,OKTA.US,1-hour,Long,84.05,82.02354,87.1287,80.67213,3.66%,6.22%,4.02%,1.65%,96.05,New,19b7fe00008babc8,2026-01-04 16:00:00,2026-01-06 14:00:00,2026-01-02 15:00:00,5%,SKIPPED
2026-01-02 13:40:22,LRCX.US,4-hour,Short,182.80018,207.9846,170.9413,215.24643,6.49%,17.81%,17.75%,3.49%,315.08,New,19b8002c84bcc888,2026-01-06 19:00:00,2026-01-18 15:00:00,2026-01-02 15:00:00,45%,SKIPPED
2026-01-02 14:02:02,BKNG.US,1-hour,Long,5288.68,5104.44073,5381.70087,5043.39071,1.76%,5.43%,4.64%,1.20%,164.23,New,19b80169e5beaea2,2026-01-04 17:00:00,2026-01-06 15:00:00,2026-01-02 16:00:00,5%,SKIPPED
2026-01-02 14:02:02,CSCO.US,1-hour,Long,75.92747,74.42246,77.14,73.72891,1.60%,3.65%,2.90%,0.93%,118.06,New,19b80169e5beaea2,2026-01-04 17:00:00,2026-01-06 15:00:00,2026-01-02 16:00:00,5%,SKIPPED
2026-01-02 14:02:02,NAS100,1-hour,Long,25094.2,24823.18714,25380.47391,24680.36188,1.14%,2.25%,1.65%,0.58%,#N/A,New,19b80169e5beaea2,2026-01-02 23:00:00,2026-01-03 11:00:00,2026-01-02 16:00:00,5%,SKIPPED
2026-01-02 14:07:17,IDXX.US,1-hour,Long,662.24,633.7644,678.16174,625.9086,2.40%,7.01%,5.49%,1.24%,555.4,New,19b801b6cdfb7b58,2026-01-04 17:00:00,2026-01-06 15:00:00,2026-01-02 16:00:00,17%,SKIPPED
2026-01-02 15:32:22,ASML.US,4-hour,Short,1171.56,1299.6576,1064.6613,1333.98237,9.12%,18.08%,13.86%,2.64%,1608.97,New,19b806957bc6aa4a,2026-01-06 19:00:00,2026-01-18 15:00:00,2026-01-02 15:00:00,40%,SKIPPED
2026-01-05 9:33:02,MU.US,Daily,Short,321.55,387.43676,259.07087,414.65946,19.43%,33.13%,28.96%,7.03%,877.87,New,19b8e936ee4d299b,2026-01-17 19:00:00,2026-02-04 19:00:00,2026-01-04 19:00:00,42%,SKIPPED
2026-01-05 9:33:02,AMAT.US,1-hour,Short,279.57,280.86343,262.49913,285.84927,6.11%,6.54%,2.25%,1.78%,448.93,New,19b8e936ee4d299b,2026-01-08 11:00:00,2026-01-11 10:00:00,2026-01-05 11:00:00,58%,SKIPPED
2026-01-05 9:33:02,XOM.US,4-hour,Short,125.59569,131.66012,118.64913,134.17534,5.53%,9.88%,6.83%,1.91%,151.66,New,19b8e936ee4d299b,2026-01-12 7:00:00,2026-01-23 11:00:00,2026-01-05 11:00:00,60%,SKIPPED
2026-01-05 9:33:02,XOM.US,1-hour,Short,125.46879,126.25445,120.95478,127.43163,3.60%,4.20%,1.56%,0.93%,151.66,New,19b8e936ee4d299b,2026-01-08 11:00:00,2026-01-11 10:00:00,2026-01-05 11:00:00,79%,SKIPPED
2026-01-05 9:36:23,GILD.US,1-hour,Long,119.53304,118.8152,122.89652,117.61878,2.81%,3.44%,1.60%,1.01%,135.26,New,19b8e967daedcd7e,2026-01-08 11:00:00,2026-01-11 10:00:00,2026-01-05 11:00:00,12%,SKIPPED
2026-01-05 10:06:12,ABBV.US,1-hour,Long,220.10363,216.99361,229.09783,214.42911,4.09%,5.58%,2.58%,1.18%,213.94,New,19b8eb1cdebe9a53,2026-01-08 12:00:00,2026-01-11 11:00:00,2026-01-05 12:00:00,29%,SKIPPED
2026-01-05 11:02:02,COP.US,1-hour,Short,98.8,99.17826,94.70304,100.98033,4.15%,4.51%,2.21%,1.82%,118.45,New,19b8eeb942556768,2026-01-08 13:00:00,2026-01-11 12:00:00,2026-01-05 13:00:00,27%,SKIPPED
2026-01-05 12:02:07,MCHP.US,1-hour,Short,68.66,70.26115,65.09957,71.61281,5.19%,7.35%,4.30%,1.92%,97.33,New,19b8f1bed8b37c96,2026-01-08 14:00:00,2026-01-11 13:00:00,2026-01-05 14:00:00,10%,SKIPPED
2026-01-05 12:02:07,SNPS.US,1-hour,Short,503,516.39878,477.80087,526.44711,5.01%,7.47%,4.66%,1.95%,535.38,New,19b8f1bed8b37c96,2026-01-08 14:00:00,2026-01-11 13:00:00,2026-01-05 14:00:00,35%,SKIPPED
2026-01-05 14:02:02,TMO.US,1-hour,Short,607.29,623.03986,588.84913,631.95606,3.04%,5.49%,4.06%,1.43%,447.3,New,19b8f89b7ae051a6,2026-01-08 16:00:00,2026-01-11 15:00:00,2026-01-05 16:00:00,45%,SKIPPED
2026-01-05 14:02:02,MRVL.US,1-hour,Short,90.83,95.43668,88.13174,97.55465,2.97%,7.65%,7.40%,2.22%,201.81,New,19b8f89b7ae051a6,2026-01-08 16:00:00,2026-01-11 15:00:00,2026-01-05 16:00:00,5%,SKIPPED
2026-01-05 14:02:02,LLY.US,1-hour,Long,1037.58,1005.69252,1068.40304,990.1536,2.97%,6.24%,4.57%,1.55%,1078.43,New,19b8f89b7ae051a6,2026-01-08 16:00:00,2026-01-11 15:00:00,2026-01-05 16:00:00,5%,SKIPPED
2026-01-05 14:06:52,ROST.US,1-hour,Short,185.55485,190.38437,181.83043,192.17459,2.01%,4.49%,3.57%,0.94%,234.24,New,19b8f8e212996186,2026-01-08 16:00:00,2026-01-11 15:00:00,2026-01-05 16:00:00,35%,SKIPPED
2026-01-06 9:33:10,AMAT.US,4-hour,Short,288.8,317.89774,261.08652,327.90418,9.60%,17.87%,13.54%,3.15%,448.93,New,19b93b9ea387e85a,2026-01-13 7:00:00,2026-01-24 11:00:00,2026-01-06 11:00:00,56%,SKIPPED
2026-01-06 9:33:10,NOW.US,Daily,Long,147.03,119.70139,159.72652,111.07932,8.64%,33.44%,24.45%,7.20%,101.73,New,19b93b9ea387e85a,2026-01-18 19:00:00,2026-02-03 19:00:00,2026-01-05 19:00:00,10%,SKIPPED
2026-01-06 9:33:10,TMO.US,4-hour,Short,614.26,651.24682,578.9,664.95464,5.76%,11.11%,8.25%,2.10%,447.3,New,19b93b9ea387e85a,2026-01-13 7:00:00,2026-01-24 11:00:00,2026-01-06 11:00:00,42%,SKIPPED
2026-01-06 9:38:45,MDT.US,1-hour,Short,99.26378,100.11956,96.38217,100.87824,2.90%,3.73%,1.63%,0.76%,77.69,New,19b93bf044a15444,2026-01-07 11:00:00,2026-01-12 10:00:00,2026-01-06 11:00:00,14%,SKIPPED
2026-01-06 9:43:50,ODFL.US,1-hour,Short,166.79884,174.12049,160.23174,177.04371,3.94%,7.98%,6.14%,1.68%,214.99,New,19b93c3affa21b9c,2026-01-07 11:00:00,2026-01-12 10:00:00,2026-01-06 11:00:00,47%,SKIPPED
2026-01-06 9:43:50,ABT.US,1-hour,Short,128.87179,130.13544,124.9913,131.33895,3.01%,3.95%,1.91%,0.92%,86.63,New,19b93c3affa21b9c,2026-01-07 11:00:00,2026-01-12 10:00:00,2026-01-06 11:00:00,14%,SKIPPED
2026-01-06 9:43:50,SBUX.US,1-hour,Short,87.31907,90.39759,85.0613,91.6017,2.59%,5.90%,4.90%,1.33%,101.63,New,19b93c3affa21b9c,2026-01-07 11:00:00,2026-01-12 10:00:00,2026-01-06 11:00:00,10%,SKIPPED
2026-01-06 10:02:05,NXPI.US,1-hour,Short,235.52,240.05948,222.61435,244.94376,5.48%,7.27%,4.00%,2.03%,327.75,New,19b93d48e60f9503,2026-01-07 12:00:00,2026-01-12 11:00:00,2026-01-06 12:00:00,32%,SKIPPED
2026-01-06 10:27:20,TXN.US,1-hour,Short,188.87015,191.09651,177.47696,194.80713,6.03%,7.13%,3.14%,1.94%,322.31,New,19b93eb92ca5057d,2026-01-07 12:00:00,2026-01-12 11:00:00,2026-01-06 12:00:00,49%,SKIPPED
2026-01-06 11:02:05,ADI.US,1-hour,Short,289.41,294.70316,276.0587,300.34052,4.61%,6.33%,3.78%,1.91%,415.08,New,19b940b5f47f96c9,2026-01-07 13:00:00,2026-01-12 12:00:00,2026-01-06 13:00:00,60%,SKIPPED
2026-01-06 11:11:35,ALGN.US,1-hour,Short,166.14786,170.19996,158.12435,173.07373,4.83%,7.09%,4.17%,1.69%,164.05,New,19b941402ecfafc0,2026-01-07 13:00:00,2026-01-12 12:00:00,2026-01-06 13:00:00,14%,SKIPPED
2026-01-06 11:15:35,KLAC.US,4-hour,Short,1401.83,1527.38391,1255.3287,1577.4809,10.45%,17.81%,12.53%,3.28%,1977.22,New,19b9417ac8a8619f,2026-01-13 7:00:00,2026-01-24 11:00:00,2026-01-06 11:00:00,62%,SKIPPED
2026-01-06 12:02:05,AMZN.US,1-hour,Short,238.66,246.60565,231.21,250.57867,3.12%,6.24%,4.99%,1.61%,263.72,New,19b94424b1e2870a,2026-01-07 14:00:00,2026-01-12 13:00:00,2026-01-06 14:00:00,15%,SKIPPED
2026-01-06 12:02:05,AAPL.US,1-hour,Long,262.58809,257.40878,269.52565,253.87705,2.64%,4.71%,3.32%,1.37%,310.38,New,19b94424b1e2870a,2026-01-07 14:00:00,2026-01-12 13:00:00,2026-01-06 14:00:00,24%,SKIPPED
2026-01-06 13:02:05,MCHP.US,4-hour,Short,73.93,83.09268,65.46739,85.69034,11.45%,21.21%,15.91%,3.13%,97.33,New,19b94793720cb33c,2026-01-12 19:00:00,2026-01-24 15:00:00,2026-01-06 15:00:00,39%,SKIPPED
2026-01-06 13:02:05,DOCU.US,4-hour,Long,64.64,51.63865,68.32826,49.549,5.71%,32.32%,23.35%,4.05%,49.66,New,19b94793720cb33c,2026-01-12 19:00:00,2026-01-24 15:00:00,2026-01-06 15:00:00,5%,SKIPPED
2026-01-06 13:02:05,ADBE.US,4-hour,Long,334.5,281.25521,349.44435,272.27234,4.47%,24.24%,18.60%,3.19%,242.3,New,19b94793720cb33c,2026-01-12 19:00:00,2026-01-24 15:00:00,2026-01-06 15:00:00,5%,SKIPPED
2026-01-06 13:02:05,SYK.US,1-hour,Short,361.19,370.14213,351.30478,374.96212,2.74%,5.09%,3.81%,1.30%,311.44,New,19b94793720cb33c,2026-01-07 15:00:00,2026-01-12 14:00:00,2026-01-06 15:00:00,15%,SKIPPED
2026-01-06 13:52:20,DXCM.US,1-hour,Short,69.87163,72.75603,67.24609,74.01464,3.76%,7.57%,5.93%,1.73%,72.64,New,19b94a73f0d9189b,2026-01-07 15:00:00,2026-01-12 14:00:00,2026-01-06 15:00:00,10%,SKIPPED
2026-01-06 14:02:05,BSX.US,1-hour,Short,97.28,99.55007,95.50043,100.56599,1.83%,4.07%,3.38%,1.02%,57.69,New,19b94b01e2ff21a7,2026-01-07 16:00:00,2026-01-10 21:00:00,2026-01-06 16:00:00,5%,SKIPPED
2026-01-06 14:59:50,PG.US,1-hour,Long,139.7742,139.0144,141.49087,137.74807,1.23%,1.78%,1.45%,0.91%,143.82,New,19b94e4fc2353ab2,2026-01-07 16:00:00,2026-01-10 21:00:00,2026-01-06 16:00:00,5%,SKIPPED
2026-01-06 15:02:50,FAST.US,1-hour,Short,41.7,42.61105,40.83478,43.10088,2.07%,4.17%,3.36%,1.15%,44.15,New,19b94e7baae37ab8,2026-01-07 17:00:00,2026-01-10 22:00:00,2026-01-06 17:00:00,5%,SKIPPED
2026-01-07 9:33:05,ASML.US,Daily,Short,1228.67,1375.48271,1097.61478,1434.0071,10.67%,20.20%,16.71%,4.25%,1608.97,New,19b98e0364a7370e,2026-01-18 19:00:00,2026-02-04 19:00:00,2026-01-06 19:00:00,20%,SKIPPED
2026-01-07 9:33:05,TSLA.US,4-hour,Long,433.22,352.53337,466.07783,332.39881,7.58%,32.21%,23.27%,5.71%,429.35,New,19b98e0364a7370e,2026-01-14 7:00:00,2026-01-23 11:00:00,2026-01-07 11:00:00,5%,SKIPPED
2026-01-07 9:33:05,OKTA.US,1-hour,Short,90.65852,95.17245,87.44087,97.54027,3.55%,8.12%,7.59%,2.49%,96.05,New,19b98e0364a7370e,2026-01-08 11:00:00,2026-01-12 9:00:00,2026-01-07 11:00:00,5%,SKIPPED
2026-01-07 9:43:15,ILMN.US,4-hour,Short,150.46946,160.12903,135.39522,165.12087,10.02%,15.45%,9.74%,3.12%,145.37,New,19b98e9827a70e7c,2026-01-14 7:00:00,2026-01-23 11:00:00,2026-01-07 11:00:00,47%,SKIPPED
2026-01-07 9:51:00,SWKS.US,1-hour,Long,60.52151,58.04095,65.31217,56.63529,7.92%,12.53%,6.42%,2.42%,81.81,New,19b98f09ce627969,2026-01-08 11:00:00,2026-01-12 9:00:00,2026-01-07 11:00:00,38%,SKIPPED
2026-01-07 10:37:20,PANW.US,1-hour,Short,191.03027,193.70134,182.95261,197.08792,4.23%,5.55%,3.17%,1.75%,258.35,New,19b991b0744e7b0a,2026-01-08 12:00:00,2026-01-12 10:00:00,2026-01-07 12:00:00,15%,SKIPPED
2026-01-07 11:02:05,BIIB.US,1-hour,Short,185.5,193.88112,177.63261,197.75653,4.24%,8.38%,6.61%,2.00%,194.36,New,19b9931bc59f79d8,2026-01-08 13:00:00,2026-01-12 11:00:00,2026-01-07 13:00:00,45%,SKIPPED
2026-01-07 11:02:05,ASML.US,1-hour,Short,1227.91455,1246.80892,1209.08435,1278.29955,1.53%,3.03%,4.10%,2.53%,1608.97,New,19b9931bc59f79d8,2026-01-08 13:00:00,2026-01-12 11:00:00,2026-01-07 13:00:00,10%,SKIPPED
2026-01-07 12:02:05,CRWD.US,1-hour,Short,482,496.42195,458.88565,506.08388,4.80%,7.56%,5.00%,1.95%,673.96,New,19b9968a6a1d2489,2026-01-08 14:00:00,2026-01-12 12:00:00,2026-01-07 14:00:00,5%,SKIPPED
2026-01-07 12:02:05,GILD.US,1-hour,Short,123.71,125.91221,120.4987,128.02774,2.60%,4.30%,3.49%,1.68%,135.26,New,19b9968a6a1d2489,2026-01-08 14:00:00,2026-01-12 12:00:00,2026-01-07 14:00:00,5%,SKIPPED
2026-01-07 12:58:20,XOM.US,1-hour,Long,118.47418,116.69255,122.87087,114.63339,3.71%,5.29%,3.24%,1.76%,151.66,New,19b999c2387caeee,2026-01-08 14:00:00,2026-01-12 12:00:00,2026-01-07 14:00:00,10%,SKIPPED
2026-01-07 13:02:05,SNPS.US,4-hour,Short,522.6,564.60539,480.65783,581.19302,8.03%,14.87%,11.21%,2.94%,535.38,New,19b999f91d735cf0,2026-01-12 19:00:00,2026-01-23 15:00:00,2026-01-07 15:00:00,24%,SKIPPED
2026-01-07 13:02:05,UBER.US,1-hour,Short,87.39,92.02108,83.76261,94.23513,4.15%,8.97%,7.83%,2.41%,70.58,New,19b999f91d735cf0,2026-01-08 15:00:00,2026-01-12 13:00:00,2026-01-07 15:00:00,5%,SKIPPED
2026-01-07 14:02:05,DOCU.US,1-hour,Short,69.00509,74.08611,65.67304,75.61163,4.83%,11.36%,9.57%,2.06%,49.66,New,19b99d67af98ddd3,2026-01-08 16:00:00,2026-01-09 21:00:00,2026-01-07 16:00:00,5%,SKIPPED
2026-01-07 14:02:05,AMD.US,1-hour,Long,209.3,188.67077,217.12913,183.02301,3.74%,15.08%,12.55%,2.99%,488.34,New,19b99d67af98ddd3,2026-01-08 16:00:00,2026-01-09 21:00:00,2026-01-07 16:00:00,5%,SKIPPED
2026-01-07 14:02:05,REGN.US,1-hour,Short,802.61,843.30985,775.99043,858.79142,3.32%,7.98%,7.00%,1.84%,641.79,New,19b99d67af98ddd3,2026-01-08 16:00:00,2026-01-09 21:00:00,2026-01-07 16:00:00,30%,SKIPPED
2026-01-07 15:37:35,TSLA.US,1-hour,Long,435.3985,407.9029,440.8387,398.62311,1.25%,8.07%,8.45%,2.27%,429.35,New,19b9a2de89543c18,2026-01-08 17:00:00,2026-01-09 22:00:00,2026-01-07 17:00:00,5%,SKIPPED
2026-01-08 9:33:05,LRCX.US,Daily,Short,201.21,228.69123,172.86696,242.9553,14.09%,24.41%,20.75%,6.24%,315.08,New,19b9e069183489a5,2026-01-17 19:00:00,2026-02-05 19:00:00,2026-01-07 19:00:00,32%,SKIPPED
2026-01-08 9:33:05,AAPL.US,4-hour,Long,256.73,244.68105,270.06391,239.83276,5.19%,10.37%,6.58%,1.98%,310.38,New,19b9e069183489a5,2026-01-14 7:00:00,2026-01-24 11:00:00,2026-01-08 11:00:00,22%,SKIPPED
2026-01-08 9:33:05,CSCO.US,4-hour,Long,74.33466,69.30222,76.99913,67.91819,3.58%,11.11%,8.63%,2.00%,118.06,New,19b9e069183489a5,2026-01-14 7:00:00,2026-01-24 11:00:00,2026-01-08 11:00:00,10%,SKIPPED
2026-01-08 9:33:05,PG.US,4-hour,Long,138.04,132.63928,142.57696,130.40414,3.29%,7.49%,5.53%,1.69%,143.82,New,19b9e069183489a5,2026-01-14 7:00:00,2026-01-24 11:00:00,2026-01-08 11:00:00,30%,SKIPPED
2026-01-08 9:53:20,KLAC.US,1-hour,Long,1324.1,1304.56828,1359.94652,1271.05747,2.71%,4.24%,4.01%,2.57%,1977.22,New,19b9e191b52260b5,2026-01-09 11:00:00,2026-01-11 9:00:00,2026-01-08 11:00:00,5%,SKIPPED
2026-01-08 9:55:45,ACN.US,1-hour,Short,277.83737,281.0716,268.85739,286.462,3.23%,4.35%,3.10%,1.92%,178.21,New,19b9e1b514e63d2e,2026-01-09 11:00:00,2026-01-11 9:00:00,2026-01-08 11:00:00,5%,SKIPPED
2026-01-08 10:12:05,ADI.US,4-hour,Short,295.59309,321.7887,278.18522,329.07148,5.89%,13.55%,11.33%,2.26%,415.08,New,19b9e2a454e3bcfc,2026-01-14 7:00:00,2026-01-24 11:00:00,2026-01-08 11:00:00,54%,SKIPPED
2026-01-08 11:02:05,ADSK.US,1-hour,Long,275.83,265.98224,290.71696,260.51319,5.40%,9.30%,5.55%,2.06%,239.01,New,19b9e581430701a6,2026-01-09 13:00:00,2026-01-11 11:00:00,2026-01-08 13:00:00,48%,SKIPPED
2026-01-08 13:02:05,AMZN.US,4-hour,Short,245.66,259.44744,233.45913,265.37539,4.97%,10.02%,8.03%,2.28%,263.72,New,19b9ec5ea87ece7b,2026-01-11 19:00:00,2026-01-24 15:00:00,2026-01-08 15:00:00,10%,SKIPPED
2026-01-08 13:02:05,ALGN.US,1-hour,Short,170.65,172.50248,165.46,175.85444,3.04%,4.08%,3.05%,1.94%,164.05,New,19b9ec5ea87ece7b,2026-01-09 15:00:00,2026-01-11 13:00:00,2026-01-08 15:00:00,25%,SKIPPED
2026-01-08 13:02:05,ADI.US,1-hour,Short,296.73,304.25029,288.63043,310.30837,2.73%,5.13%,4.58%,1.99%,415.08,New,19b9ec5ea87ece7b,2026-01-09 15:00:00,2026-01-11 13:00:00,2026-01-08 15:00:00,44%,SKIPPED
2026-01-08 13:39:40,TXN.US,4-hour,Short,188.43453,207.58612,179.24826,213.07192,4.88%,13.65%,13.07%,2.64%,322.31,New,19b9ee850b9ef98b,2026-01-11 19:00:00,2026-01-24 15:00:00,2026-01-08 15:00:00,10%,SKIPPED
2026-01-08 14:02:05,HD.US,1-hour,Short,361.63,374.96843,350.63696,380.95576,3.04%,6.49%,5.34%,1.60%,309.75,New,19b9efcd71706414,2026-01-09 16:00:00,2026-01-10 21:00:00,2026-01-08 16:00:00,10%,SKIPPED
2026-01-08 14:34:10,ALGN.US,4-hour,Short,171.89016,190.10307,159.75957,194.88566,7.06%,15.96%,13.38%,2.52%,164.05,New,19b9f1a396efb818,2026-01-11 19:00:00,2026-01-24 15:00:00,2026-01-08 15:00:00,32%,SKIPPED
2026-01-09 9:33:09,MRK.US,Daily,Short,110.55,126.08017,103.24652,130.34919,6.61%,18.11%,17.91%,3.39%,120.9,New,19ba32d0a0dedced,2026-01-18 19:00:00,2026-02-06 19:00:00,2026-01-08 19:00:00,15%,SKIPPED
2026-01-09 9:33:09,LOW.US,1-hour,Short,262.01,272.96696,249.61435,278.02607,4.73%,8.56%,6.11%,1.85%,212.06,New,19ba32d0a0dedced,2026-01-10 11:00:00,2026-01-12 9:00:00,2026-01-09 11:00:00,45%,SKIPPED
2026-01-09 9:36:04,SYK.US,4-hour,Short,369.85846,398.53098,356.18435,405.3478,3.70%,10.63%,9.60%,1.71%,311.44,New,19ba32fa6f0d3a00,2026-01-13 7:00:00,2026-01-25 11:00:00,2026-01-09 11:00:00,5%,SKIPPED
2026-01-09 11:02:04,NOW.US,1-hour,Long,142.8,131.87059,148.46957,129.35158,3.97%,12.59%,9.42%,1.91%,101.73,New,19ba37e666689e6b,2026-01-10 13:00:00,2026-01-12 11:00:00,2026-01-09 13:00:00,42%,SKIPPED
2026-01-09 12:02:04,GOOG.US,1-hour,Short,330.82,345.60409,322.18522,351.39953,2.61%,6.78%,6.22%,1.68%,382.55,New,19ba3b56116409d5,2026-01-10 14:00:00,2026-01-12 12:00:00,2026-01-09 14:00:00,35%,SKIPPED
2026-01-09 12:02:04,GOOGL.US,1-hour,Short,330.13,345.57355,321.68522,351.31336,2.56%,6.91%,6.42%,1.66%,386.56,New,19ba3b56116409d5,2026-01-10 14:00:00,2026-01-12 12:00:00,2026-01-09 14:00:00,35%,SKIPPED
2026-01-09 13:04:54,ADSK.US,4-hour,Long,275.86,255.08318,293.1,246.66114,6.25%,14.90%,10.58%,3.30%,239.01,New,19ba3eedbd03ba0e,2026-01-12 19:00:00,2026-01-23 19:00:00,2026-01-09 15:00:00,15%,SKIPPED
2026-01-09 13:04:54,NXPI.US,4-hour,Short,241.62,275.05107,227.79043,283.85166,5.72%,17.18%,17.48%,3.20%,327.75,New,19ba3eedbd03ba0e,2026-01-12 19:00:00,2026-01-23 19:00:00,2026-01-09 15:00:00,5%,SKIPPED
2026-01-09 13:38:09,LOW.US,4-hour,Short,266.27665,281.50601,246.11435,288.27493,7.57%,12.57%,8.26%,2.40%,212.06,New,19ba40d489194a8f,2026-01-12 19:00:00,2026-01-23 19:00:00,2026-01-09 15:00:00,28%,SKIPPED
2026-01-09 13:46:04,ORLY.US,1-hour,Short,93.95338,97.19724,91.39696,98.45258,2.72%,5.97%,4.79%,1.29%,88.09,New,19ba41488cdf5440,2026-01-10 15:00:00,2026-01-12 13:00:00,2026-01-09 15:00:00,15%,SKIPPED
2026-01-09 14:02:04,LRCX.US,1-hour,Short,218.68,237.12923,205.28739,243.89104,6.12%,13.43%,11.53%,2.85%,315.08,New,19ba423324ac3154,2026-01-10 16:00:00,2026-01-11 21:00:00,2026-01-09 16:00:00,45%,SKIPPED
2026-01-09 14:02:04,LULU.US,1-hour,Long,201.75,188.47124,211.3413,183.61813,4.75%,12.13%,8.99%,2.57%,127.25,New,19ba423324ac3154,2026-01-10 16:00:00,2026-01-11 21:00:00,2026-01-09 16:00:00,5%,SKIPPED
2026-01-09 14:02:04,AMAT.US,1-hour,Short,299.19,321.64268,290.16652,328.00298,3.02%,9.79%,9.63%,1.98%,448.93,New,19ba423324ac3154,2026-01-10 16:00:00,2026-01-11 21:00:00,2026-01-09 16:00:00,35%,SKIPPED
2026-01-09 14:02:04,CTAS.US,1-hour,Short,194.15387,199.92143,189.32043,202.29347,2.49%,5.30%,4.19%,1.19%,171.17,New,19ba423324ac3154,2026-01-10 16:00:00,2026-01-11 21:00:00,2026-01-09 16:00:00,10%,SKIPPED
2026-01-09 14:02:04,PG.US,1-hour,Short,141.93521,147.7551,140.1887,149.1011,1.23%,5.12%,5.05%,0.91%,143.82,New,19ba423324ac3154,2026-01-10 16:00:00,2026-01-11 21:00:00,2026-01-09 16:00:00,5%,SKIPPED
2026-01-09 14:27:49,FAST.US,1-hour,Short,42.43103,44.3184,41.44565,44.95343,2.32%,6.48%,5.94%,1.43%,44.15,New,19ba43ac22239ec9,2026-01-10 16:00:00,2026-01-11 21:00:00,2026-01-09 16:00:00,10%,SKIPPED
2026-01-09 15:16:14,ROST.US,4-hour,Short,191.91417,203.05223,183.72174,207.03865,4.27%,9.52%,7.88%,1.96%,234.24,New,19ba467171bb5f33,2026-01-12 19:00:00,2026-01-23 19:00:00,2026-01-09 15:00:00,45%,SKIPPED
2026-01-12 11:51:20,MDT.US,1-hour,Long,96.19,92.76424,98.82739,91.45469,2.74%,6.54%,4.92%,1.41%,77.69,New,19bb31e8edce895c,2026-01-15 13:00:00,2026-01-17 11:00:00,2026-01-12 13:00:00,5%,SKIPPED
2026-01-12 12:02:05,ORCL.US,1-hour,Short,203.7,215.48954,194.09391,220.28254,4.72%,9.93%,8.14%,2.22%,192.09,New,19bb3286a53c95ef,2026-01-15 14:00:00,2026-01-17 12:00:00,2026-01-12 14:00:00,15%,SKIPPED
2026-01-12 12:02:05,CPRT.US,1-hour,Short,39.93047,42.04649,39.21652,42.68885,1.79%,6.73%,6.91%,1.53%,33.07,New,19bb3286a53c95ef,2026-01-15 14:00:00,2026-01-17 12:00:00,2026-01-12 14:00:00,10%,SKIPPED
2026-01-12 13:02:05,HD.US,4-hour,Short,375.5,402.50726,351.71217,413.05297,6.33%,12.62%,10.00%,2.62%,309.75,New,19bb35f5617882d7,2026-01-17 19:00:00,2026-01-26 19:00:00,2026-01-12 15:00:00,10%,SKIPPED
2026-01-12 13:02:05,ODFL.US,4-hour,Short,172.72,190.99669,163.61435,196.6476,5.27%,14.34%,13.85%,2.96%,214.99,New,19bb35f5617882d7,2026-01-17 19:00:00,2026-01-26 19:00:00,2026-01-12 15:00:00,15%,SKIPPED
2026-01-12 13:02:05,BSX.US,1-hour,Long,95.48,92.21696,98.21783,90.82481,2.87%,6.51%,4.88%,1.51%,57.69,New,19bb35f5617882d7,2026-01-15 15:00:00,2026-01-17 13:00:00,2026-01-12 15:00:00,5%,SKIPPED
2026-01-12 14:02:05,NAS100,1-hour,Short,25803.5,26257.72213,25637.06957,26365.53035,0.64%,2.36%,2.18%,0.41%,#N/A,New,19bb39645069f714,2026-01-12 23:00:00,2026-01-13 11:00:00,2026-01-12 16:00:00,5%,SKIPPED
2026-01-13 9:33:01,AMAT.US,Daily,Short,305.5,345.86798,269.53522,363.17793,11.77%,22.07%,18.88%,5.00%,448.93,New,19bb7c64e11a3020,2026-01-23 19:00:00,2026-02-10 19:00:00,2026-01-12 19:00:00,37%,SKIPPED
2026-01-13 9:33:01,NOW.US,4-hour,Long,142.34,116.8711,149.39957,112.47423,4.96%,27.83%,20.98%,3.76%,101.73,New,19bb7c64e11a3020,2026-01-19 7:00:00,2026-01-28 7:00:00,2026-01-13 11:00:00,10%,SKIPPED
2026-01-13 9:33:01,XOM.US,1-hour,Short,125.08,126.79461,122.76217,129.53798,1.85%,3.18%,3.56%,2.16%,151.66,New,19bb7c64e11a3020,2026-01-14 11:00:00,2026-01-18 9:00:00,2026-01-13 11:00:00,5%,SKIPPED
2026-01-13 10:02:01,AMD.US,1-hour,Short,221.60418,229.9789,206.86609,234.556,6.65%,10.05%,5.84%,1.99%,488.34,New,19bb7e0ec352b7e6,2026-01-14 12:00:00,2026-01-18 10:00:00,2026-01-13 12:00:00,5%,SKIPPED
2026-01-13 10:02:01,REGN.US,1-hour,Long,753.41,702.035,794.16304,683.15151,5.41%,13.12%,9.33%,2.69%,641.79,New,19bb7e0ec352b7e6,2026-01-14 12:00:00,2026-01-18 10:00:00,2026-01-13 12:00:00,5%,SKIPPED
2026-01-13 10:02:01,ADBE.US,1-hour,Long,319.8,306.36194,333.65522,300.02236,4.33%,8.91%,6.18%,2.07%,242.3,New,19bb7e0ec352b7e6,2026-01-14 12:00:00,2026-01-18 10:00:00,2026-01-13 12:00:00,20%,SKIPPED
2026-01-13 11:02:01,ABT.US,1-hour,Long,122.8144,119.14247,125.40739,117.72803,2.11%,5.26%,4.14%,1.19%,86.63,New,19bb817dc325bbfe,2026-01-14 13:00:00,2026-01-18 11:00:00,2026-01-13 13:00:00,5%,SKIPPED
2026-01-13 12:02:06,CRM.US,1-hour,Long,246.77,239.31609,259.12261,234.63652,5.01%,8.28%,4.92%,1.96%,181.53,New,19bb84ed2f424097,2026-01-14 14:00:00,2026-01-18 12:00:00,2026-01-13 14:00:00,17%,SKIPPED
2026-01-13 12:02:06,JNJ.US,1-hour,Short,212.99,219.28229,207.20261,221.90131,2.72%,5.51%,4.18%,1.19%,231.19,New,19bb84ed2f424097,2026-01-14 14:00:00,2026-01-18 12:00:00,2026-01-13 14:00:00,10%,SKIPPED
2026-01-13 12:10:26,SYK.US,1-hour,Long,353.54,339.68406,364.02652,334.557,2.97%,7.17%,5.37%,1.51%,311.44,New,19bb8566bffb6a56,2026-01-14 14:00:00,2026-01-18 12:00:00,2026-01-13 14:00:00,5%,SKIPPED
2026-01-13 13:02:01,DOCU.US,1-hour,Long,64.87413,59.88262,68.51652,58.24448,5.61%,14.42%,10.22%,2.74%,49.66,New,19bb885ae2008b28,2026-01-14 15:00:00,2026-01-18 13:00:00,2026-01-13 15:00:00,5%,SKIPPED
2026-01-13 13:02:01,GOOGL.US,4-hour,Short,337.81,351.41655,319.51217,359.673,5.42%,9.08%,6.47%,2.35%,386.56,New,19bb885ae2008b28,2026-01-18 19:00:00,2026-01-27 19:00:00,2026-01-13 15:00:00,45%,SKIPPED
2026-01-13 13:02:01,GOOG.US,4-hour,Short,338.35,353.11491,320.19739,361.30024,5.37%,9.32%,6.78%,2.32%,382.55,New,19bb885ae2008b28,2026-01-18 19:00:00,2026-01-27 19:00:00,2026-01-13 15:00:00,47%,SKIPPED
2026-01-13 13:02:01,NOW.US,1-hour,Long,138.42,136.68499,143.02739,134.07779,3.33%,4.64%,3.14%,1.91%,101.73,New,19bb885ae2008b28,2026-01-14 15:00:00,2026-01-18 13:00:00,2026-01-13 15:00:00,35%,SKIPPED
2026-01-13 13:02:01,ISRG.US,1-hour,Long,560.54,539.34675,577.25696,529.86643,2.98%,7.03%,5.47%,1.76%,436.45,New,19bb885ae2008b28,2026-01-14 15:00:00,2026-01-18 13:00:00,2026-01-13 15:00:00,5%,SKIPPED
2026-01-13 13:02:01,META.US,1-hour,Long,627.72,601.84272,644.38435,593.34833,2.65%,7.07%,5.48%,1.41%,607.92,New,19bb885ae2008b28,2026-01-14 15:00:00,2026-01-18 13:00:00,2026-01-13 15:00:00,10%,SKIPPED
2026-01-14 9:33:29,SWKS.US,4-hour,Long,58.30318,51.42042,62.47304,48.61897,7.15%,21.49%,16.61%,5.45%,81.81,New,19bbced16e97ea39,2026-01-20 7:00:00,2026-01-29 7:00:00,2026-01-14 11:00:00,5%,SKIPPED
2026-01-14 9:33:29,BIIB.US,1-hour,Long,174.7598,164.29887,184.59652,160.79436,5.63%,12.35%,7.99%,2.13%,194.36,New,19bbced16e97ea39,2026-01-15 11:00:00,2026-01-19 9:00:00,2026-01-14 11:00:00,5%,SKIPPED
2026-01-14 9:58:14,PG.US,1-hour,Short,146.16402,147.15482,142.78739,148.30696,2.31%,2.97%,1.47%,0.78%,143.82,New,19bbd03be1ce2860,2026-01-15 11:00:00,2026-01-19 9:00:00,2026-01-14 11:00:00,19%,SKIPPED
2026-01-14 11:02:04,ADSK.US,1-hour,Long,263.49,243.88241,273.77565,239.08091,3.90%,12.26%,9.26%,1.97%,239.01,New,19bbd3e4898f4b03,2026-01-15 13:00:00,2026-01-19 11:00:00,2026-01-14 13:00:00,40%,SKIPPED
2026-01-14 11:02:04,BKNG.US,1-hour,Long,5175,4886.80911,5366.11,4803.30971,3.69%,9.81%,7.18%,1.71%,164.23,New,19bbd3e4898f4b03,2026-01-15 13:00:00,2026-01-19 11:00:00,2026-01-14 13:00:00,17%,SKIPPED
2026-01-14 12:02:04,AMZN.US,1-hour,Long,236.45,225.06171,244.82348,221.31117,3.54%,8.78%,6.40%,1.67%,263.72,New,19bbd751e37fca97,2026-01-15 14:00:00,2026-01-19 12:00:00,2026-01-14 14:00:00,5%,SKIPPED
2026-01-14 12:02:04,NAS100,1-hour,Long,25283.9,24967.76952,25640.66957,24824.88722,1.41%,2.70%,1.82%,0.57%,#N/A,New,19bbd751e37fca97,2026-01-14 21:00:00,2026-01-15 10:00:00,2026-01-14 14:00:00,15%,SKIPPED
2026-01-14 12:22:09,LOW.US,Daily,Short,277.78,302.05661,249.00478,312.69788,10.36%,17.56%,12.57%,3.52%,212.06,New,19bbd878916b597b,2026-01-22 19:00:00,2026-02-11 19:00:00,2026-01-13 19:00:00,25%,SKIPPED
2026-01-14 13:02:04,CRM.US,4-hour,Long,238.77,220.86126,259.07783,212.05535,8.51%,17.30%,11.19%,3.99%,181.53,New,19bbdac13df72d30,2026-01-19 19:00:00,2026-01-28 19:00:00,2026-01-14 15:00:00,10%,SKIPPED
2026-01-14 13:02:04,MRVL.US,1-hour,Long,79.4997,74.05072,82.75609,72.5703,4.10%,11.76%,8.72%,2.00%,201.81,New,19bbdac13df72d30,2026-01-15 15:00:00,2026-01-19 13:00:00,2026-01-14 15:00:00,20%,SKIPPED
2026-01-14 13:02:04,AVGO.US,1-hour,Long,336.02,324.71134,349.04391,317.68127,3.88%,7.49%,5.46%,2.17%,423.21,New,19bbdac13df72d30,2026-01-15 15:00:00,2026-01-19 13:00:00,2026-01-14 15:00:00,5%,SKIPPED
2026-01-14 13:30:09,CSX.US,1-hour,Short,36.12288,37.92299,35.32391,38.25738,2.21%,6.85%,5.91%,0.88%,46.33,New,19bbdc5c261b4f5e,2026-01-15 15:00:00,2026-01-19 13:00:00,2026-01-14 15:00:00,5%,SKIPPED
2026-01-14 15:02:04,LRCX.US,1-hour,Long,207.89,188.59366,215.82826,183.53409,3.82%,14.44%,11.72%,2.68%,315.08,New,19bbe19e90c3a4a3,2026-01-15 17:00:00,2026-01-16 22:00:00,2026-01-14 17:00:00,5%,SKIPPED
2026-01-15 9:33:10,MCHP.US,Daily,Short,75.58956,89.24726,68.22348,93.58381,9.74%,23.56%,23.81%,4.86%,97.33,New,19bc2132a37fbaa9,2026-01-23 19:00:00,2026-02-12 19:00:00,2026-01-14 19:00:00,5%,SKIPPED
2026-01-15 9:33:10,BSX.US,1-hour,Long,88.26,87.72017,94.62217,85.80022,7.21%,7.87%,2.79%,2.19%,57.69,New,19bc2132a37fbaa9,2026-01-16 11:00:00,2026-01-18 9:00:00,2026-01-15 11:00:00,55%,SKIPPED
2026-01-15 9:44:05,KLAC.US,Daily,Short,1561.23,1644.73356,1291.36826,1739.21109,17.29%,21.48%,11.40%,5.74%,1977.22,New,19bc21d29ae40d12,2026-01-23 19:00:00,2026-02-12 19:00:00,2026-01-14 19:00:00,52%,SKIPPED
2026-01-15 9:50:30,ORCL.US,1-hour,Long,192.17608,177.44455,199.73826,172.64092,3.94%,12.56%,10.17%,2.71%,192.09,New,19bc22336d7dd9f1,2026-01-16 11:00:00,2026-01-18 9:00:00,2026-01-15 11:00:00,5%,SKIPPED
2026-01-15 11:02:56,KLAC.US,1-hour,Short,1554,1621.52684,1435.38478,1664.73022,7.63%,11.48%,7.13%,2.66%,1977.22,New,19bc2655ffc07ad4,2026-01-16 13:00:00,2026-01-18 11:00:00,2026-01-15 13:00:00,52%,SKIPPED
2026-01-15 11:02:56,NAS100,1-hour,Short,25733.1,26253.08527,25507.98696,26394.64747,0.87%,2.84%,2.57%,0.54%,#N/A,New,19bc2655ffc07ad4,2026-01-15 20:00:00,2026-01-16 9:00:00,2026-01-15 13:00:00,5%,SKIPPED
2026-01-15 11:09:35,AMAT.US,1-hour,Short,326.22,341.18724,305.76043,349.09638,6.27%,10.38%,7.01%,2.32%,448.93,New,19bc26b77e27861a,2026-01-16 13:00:00,2026-01-18 11:00:00,2026-01-15 13:00:00,44%,SKIPPED
2026-01-15 12:01:40,ASML.US,1-hour,Short,1343.68208,1399.88271,1277.21435,1424.20408,4.95%,8.76%,5.99%,1.74%,1608.97,New,19bc29b2a935e361,2026-01-16 13:00:00,2026-01-18 11:00:00,2026-01-15 13:00:00,44%,SKIPPED
2026-01-15 13:02:05,JNJ.US,4-hour,Short,218.89,229.44632,208.41043,234.31231,4.79%,9.17%,7.05%,2.12%,231.19,New,19bc2d273f6c56bb,2026-01-18 19:00:00,2026-01-28 19:00:00,2026-01-15 15:00:00,45%,SKIPPED
2026-01-15 14:02:05,FAST.US,1-hour,Short,43.25114,45.11332,42.23957,45.70241,2.34%,6.37%,5.67%,1.31%,44.15,New,19bc309625192318,2026-01-16 16:00:00,2026-01-17 21:00:00,2026-01-15 16:00:00,20%,SKIPPED
2026-01-15 14:33:40,LULU.US,1-hour,Long,202.84143,182.77057,207.52565,178.60709,2.31%,13.54%,11.95%,2.28%,127.25,New,19bc3264cade25ea,2026-01-16 16:00:00,2026-01-17 21:00:00,2026-01-15 16:00:00,5%,SKIPPED
2026-01-15 15:02:05,LLY.US,1-hour,Long,1031.5,964.99818,1062.67957,943.84844,3.02%,10.12%,8.50%,2.19%,1078.43,New,19bc3404c7e139af,2026-01-16 17:00:00,2026-01-17 22:00:00,2026-01-15 17:00:00,5%,SKIPPED
2026-01-15 15:07:30,SBUX.US,1-hour,Short,94.09682,97.64447,91.05043,99.0607,3.24%,6.75%,5.28%,1.45%,101.63,New,19bc3453e12444e9,2026-01-16 17:00:00,2026-01-17 22:00:00,2026-01-15 17:00:00,44%,SKIPPED
2026-01-16 9:33:32,ADSK.US,Daily,Long,262.71,226.22797,289.38478,213.13471,10.15%,27.92%,18.87%,5.79%,239.01,New,19bc739f3fea7700,2026-01-24 19:00:00,2026-02-13 19:00:00,2026-01-15 19:00:00,10%,SKIPPED
2026-01-16 9:43:46,BSX.US,4-hour,Long,88.34558,83.88214,95.56043,81.09019,8.17%,13.92%,8.21%,3.33%,57.69,New,19bc7433cd3befbf,2026-01-20 7:00:00,2026-01-30 7:00:00,2026-01-16 11:00:00,20%,SKIPPED
2026-01-16 9:58:01,XOM.US,4-hour,Short,129.69346,137.39255,123.89304,140.91457,4.47%,9.83%,8.65%,2.56%,151.66,New,19bc75046d2851d0,2026-01-20 7:00:00,2026-01-30 7:00:00,2026-01-16 11:00:00,29%,SKIPPED
2026-01-16 11:02:06,ADBE.US,Daily,Long,296.49,247.76917,341.39261,229.37193,15.14%,37.79%,22.64%,7.43%,242.3,New,19bc78b0073f9bb5,2026-01-24 19:00:00,2026-02-13 19:00:00,2026-01-15 19:00:00,30%,SKIPPED
2026-01-16 11:02:06,ADBE.US,1-hour,Long,296.36,294.71644,305.74348,289.18301,3.17%,3.74%,2.42%,1.88%,242.3,New,19bc78b0073f9bb5,2026-01-17 13:00:00,2026-01-19 11:00:00,2026-01-16 13:00:00,45%,SKIPPED
2026-01-16 12:02:06,CRM.US,1-hour,Long,229.32227,226.07036,237.32,220.65051,3.49%,4.98%,3.78%,2.40%,181.53,New,19bc7c1e49ccec83,2026-01-17 14:00:00,2026-01-19 12:00:00,2026-01-16 14:00:00,10%,SKIPPED
2026-01-16 12:02:06,JNJ.US,1-hour,Short,219.54061,220.93473,216.98609,223.25827,1.16%,1.79%,1.69%,1.05%,231.19,New,19bc7c1e49ccec83,2026-01-17 14:00:00,2026-01-19 12:00:00,2026-01-16 14:00:00,25%,SKIPPED
2026-01-16 14:02:56,BIIB.US,4-hour,Long,164.26605,142.66295,178.42478,135.34002,8.62%,25.07%,17.61%,5.13%,194.36,New,19bc830857d7daef,2026-01-19 19:00:00,2026-01-27 19:00:00,2026-01-16 15:00:00,10%,SKIPPED
2026-01-16 15:02:06,BIIB.US,1-hour,Long,164.87,160.54382,169.02522,153.62194,2.52%,5.28%,6.82%,4.31%,194.36,New,19bc866b5cf070fa,2026-01-17 17:00:00,2026-01-18 22:00:00,2026-01-16 17:00:00,10%,SKIPPED
2026-01-20 9:33:04,CRM.US,Daily,Long,224.48,197.35707,256.40348,185.05445,14.22%,29.92%,17.56%,6.23%,181.53,New,19bdbd2e0b6d5260,2026-01-31 19:00:00,2026-02-20 19:00:00,2026-01-19 19:00:00,5%,SKIPPED
2026-01-20 9:33:04,ISRG.US,4-hour,Long,526.72,491.56091,566.5813,470.14984,7.57%,15.26%,10.74%,4.36%,436.45,New,19bdbd2e0b6d5260,2026-01-27 7:00:00,2026-02-04 7:00:00,2026-01-20 11:00:00,20%,SKIPPED
2026-01-20 9:35:54,MU.US,1-hour,Short,370.59699,396.23941,343.12435,407.36722,7.41%,13.40%,9.92%,2.81%,877.87,New,19bdbd57b4a3895b,2026-01-24 11:00:00,2026-01-26 9:00:00,2026-01-20 11:00:00,52%,SKIPPED
2026-01-20 10:03:19,REGN.US,1-hour,Long,721,689.4268,743.52217,678.07733,3.12%,7.85%,5.95%,1.65%,641.79,New,19bdbeea11d2242d,2026-01-24 12:00:00,2026-01-26 10:00:00,2026-01-20 12:00:00,15%,SKIPPED
2026-01-20 10:27:04,MCHP.US,4-hour,Short,73.84337,75.97969,72.35391,79.54022,2.02%,4.77%,7.71%,4.69%,97.33,New,19bdc044f7028ac6,2026-01-27 7:00:00,2026-02-04 7:00:00,2026-01-20 11:00:00,5%,SKIPPED
2026-01-20 11:02:04,NOW.US,1-hour,Long,127.31,125.87624,131.35435,122.89068,3.18%,4.35%,3.47%,2.37%,101.73,New,19bdc2462adad4cd,2026-01-24 13:00:00,2026-01-26 11:00:00,2026-01-20 13:00:00,25%,SKIPPED
2026-01-20 13:02:05,AMAT.US,4-hour,Short,320.59,337.44773,299.32304,364.4201,6.63%,11.30%,13.67%,7.99%,448.93,New,19bdc9240409d3fc,2026-01-26 19:00:00,2026-02-03 19:00:00,2026-01-20 15:00:00,20%,SKIPPED
2026-01-20 13:02:05,UNP.US,1-hour,Long,221.67,213.68856,227.88652,210.69241,2.80%,6.64%,4.95%,1.40%,271.24,New,19bdc9240409d3fc,2026-01-24 15:00:00,2026-01-26 13:00:00,2026-01-20 15:00:00,10%,SKIPPED
2026-01-20 13:02:05,AAPL.US,1-hour,Long,250.27,240.83533,256.66174,237.80004,2.55%,6.57%,4.98%,1.26%,310.38,New,19bdc9240409d3fc,2026-01-24 15:00:00,2026-01-26 13:00:00,2026-01-20 15:00:00,30%,SKIPPED
2026-01-20 14:02:04,ORCL.US,1-hour,Long,181.87,172.31902,189.48261,168.38464,4.19%,9.96%,7.41%,2.28%,192.09,New,19bdcc92906429f2,2026-01-24 16:00:00,2026-01-25 21:00:00,2026-01-20 16:00:00,15%,SKIPPED
2026-01-20 14:31:49,AAPL.US,Daily,Long,247.33052,228.45888,267.2513,220.95494,8.05%,16.98%,10.66%,3.28%,310.38,New,19bdce4606e73fe1,2026-01-31 19:00:00,2026-02-20 19:00:00,2026-01-19 19:00:00,12%,SKIPPED
2026-01-20 15:02:04,TSLA.US,1-hour,Long,421.36517,396.37037,435.80304,388.75623,3.43%,9.95%,7.74%,1.92%,429.35,New,19bdd001399255e7,2026-01-24 17:00:00,2026-01-25 22:00:00,2026-01-20 17:00:00,20%,SKIPPED
2026-01-20 15:04:59,DOCU.US,Daily,Long,55.46369,42.20624,67.02391,38.06018,20.84%,58.80%,31.38%,9.82%,49.66,New,19bdd02bf4925dcb,2026-01-31 19:00:00,2026-02-20 19:00:00,2026-01-19 19:00:00,31%,SKIPPED
2026-01-21 9:33:04,XOM.US,Daily,Short,132.01,142.5404,122.0287,147.4782,7.56%,14.39%,11.72%,3.46%,151.66,New,19be0f93e3eb6d94,2026-02-01 19:00:00,2026-02-19 19:00:00,2026-01-20 19:00:00,44%,SKIPPED
2026-01-21 9:33:04,META.US,4-hour,Long,603.37,568.2036,637.47174,549.38895,5.65%,12.19%,8.95%,3.31%,607.92,New,19be0f93e3eb6d94,2026-01-28 7:00:00,2026-02-05 7:00:00,2026-01-21 11:00:00,10%,SKIPPED
2026-01-21 9:33:04,ASML.US,4-hour,Short,1335.53,1423.12568,1266.40652,1477.03437,5.18%,11.01%,10.60%,3.79%,1608.97,New,19be0f93e3eb6d94,2026-01-28 7:00:00,2026-02-05 7:00:00,2026-01-21 11:00:00,15%,SKIPPED
2026-01-21 9:33:04,PG.US,4-hour,Short,147.1,155.99606,142.79261,158.68123,2.93%,8.46%,7.87%,1.72%,143.82,New,19be0f93e3eb6d94,2026-01-28 7:00:00,2026-02-05 7:00:00,2026-01-21 11:00:00,5%,SKIPPED
2026-01-21 12:02:15,ORLY.US,1-hour,Short,98.08,102.32113,94.80304,103.77341,3.34%,7.35%,5.80%,1.42%,88.09,New,19be181e5166a3bc,2026-01-22 14:00:00,2026-01-27 12:00:00,2026-01-21 14:00:00,15%,SKIPPED
2026-01-21 13:02:04,MSFT.US,4-hour,Long,442.26,425.6297,468.97261,413.27029,6.04%,10.18%,6.55%,2.90%,415.18,New,19be1b899005b990,2026-01-27 19:00:00,2026-02-04 19:00:00,2026-01-21 15:00:00,29%,SKIPPED
2026-01-21 13:02:04,AVGO.US,1-hour,Long,325.51,297.73314,340.48609,289.73175,4.60%,14.36%,10.99%,2.69%,423.21,New,19be1b899005b990,2026-01-22 15:00:00,2026-01-27 13:00:00,2026-01-21 15:00:00,10%,SKIPPED
2026-01-21 13:02:04,MSFT.US,1-hour,Long,442.11826,427.79776,455.78174,422.06481,3.09%,6.54%,4.54%,1.34%,415.18,New,19be1b899005b990,2026-01-22 15:00:00,2026-01-27 13:00:00,2026-01-21 15:00:00,41%,SKIPPED
2026-01-21 13:02:04,AMZN.US,1-hour,Long,228.02,216.4722,234.98696,212.52873,3.06%,8.55%,6.79%,1.82%,263.72,New,19be1b899005b990,2026-01-22 15:00:00,2026-01-27 13:00:00,2026-01-21 15:00:00,10%,SKIPPED
2026-01-21 13:02:04,ADBE.US,1-hour,Long,290.09,289.12303,295.58739,284.0758,1.90%,2.24%,2.07%,1.75%,242.3,New,19be1b899005b990,2026-01-22 15:00:00,2026-01-27 13:00:00,2026-01-21 15:00:00,15%,SKIPPED
2026-01-21 14:02:04,CRM.US,1-hour,Long,220.84,218.27827,226.43217,213.85491,2.53%,3.74%,3.16%,2.03%,181.53,New,19be1ef871bb541b,2026-01-22 16:00:00,2026-01-26 21:00:00,2026-01-21 16:00:00,20%,SKIPPED
2026-01-21 14:36:34,HD.US,Daily,Short,383.66445,438.44561,357.57783,452.65353,6.80%,18.44%,17.98%,3.24%,309.75,New,19be20f18bc7483c,2026-02-01 19:00:00,2026-02-19 19:00:00,2026-01-20 19:00:00,10%,SKIPPED
2026-01-21 15:02:19,XOM.US,1-hour,Short,133.67354,139.56969,130.87957,141.05469,2.09%,6.23%,5.52%,1.06%,151.66,New,19be226ad4673372,2026-01-22 17:00:00,2026-01-26 22:00:00,2026-01-21 17:00:00,50%,SKIPPED
2026-01-22 9:33:03,ABT.US,4-hour,Long,108.33,106.31632,124.33913,102.39169,14.78%,16.95%,5.48%,3.69%,86.63,New,19be61f9cc643d63,2026-01-29 7:00:00,2026-02-06 7:00:00,2026-01-22 11:00:00,70%,SKIPPED
2026-01-22 9:33:03,ABT.US,1-hour,Long,108.33,107.82602,121.66957,105.03043,12.31%,12.84%,3.05%,2.59%,86.63,New,19be61f9cc643d63,2026-01-23 11:00:00,2026-01-28 9:00:00,2026-01-22 11:00:00,95%,SKIPPED
2026-01-22 9:33:03,KLAC.US,4-hour,Short,1542.5,1638.40749,1439.76217,1715.58922,6.66%,12.12%,11.22%,4.71%,1977.22,New,19be61f9cc643d63,2026-01-29 7:00:00,2026-02-06 7:00:00,2026-01-22 11:00:00,17%,SKIPPED
2026-01-22 10:02:13,AMD.US,1-hour,Short,250.91073,275.47187,238.28739,283.6305,5.03%,13.50%,13.04%,2.96%,488.34,New,19be63a56b65bd35,2026-01-23 12:00:00,2026-01-28 10:00:00,2026-01-22 12:00:00,10%,SKIPPED
2026-01-22 10:54:28,GILD.US,1-hour,Short,132.97382,137.0926,125.2313,139.80263,5.82%,8.65%,5.14%,1.98%,135.26,New,19be66a1c57b5813,2026-01-23 12:00:00,2026-01-28 10:00:00,2026-01-22 12:00:00,76%,SKIPPED
2026-01-22 11:01:48,AMD.US,4-hour,Short,251.41,274.23552,220.90652,288.73468,12.13%,19.45%,14.85%,5.29%,488.34,New,19be670e0ba27af0,2026-01-29 7:00:00,2026-02-06 7:00:00,2026-01-22 11:00:00,10%,SKIPPED
2026-01-22 11:01:48,MDT.US,1-hour,Short,101.51,104.61173,98.5613,106.17118,2.90%,5.78%,4.59%,1.49%,77.69,New,19be670e0ba27af0,2026-01-23 13:00:00,2026-01-28 11:00:00,2026-01-22 13:00:00,20%,SKIPPED
2026-01-22 11:07:23,PG.US,1-hour,Short,150.51176,153.4125,145.72652,155.18382,3.18%,5.01%,3.10%,1.15%,143.82,New,19be675f76f1b5f6,2026-01-23 13:00:00,2026-01-28 11:00:00,2026-01-22 13:00:00,29%,SKIPPED
2026-01-22 12:02:03,ILMN.US,1-hour,Short,154.11,169.16105,147.24522,173.28662,4.45%,12.96%,12.44%,2.44%,145.37,New,19be6a8165ecf86d,2026-01-23 14:00:00,2026-01-28 12:00:00,2026-01-22 14:00:00,40%,SKIPPED
2026-01-22 12:02:03,SBUX.US,1-hour,Short,97.37,101.79181,94.19174,103.44848,3.26%,7.47%,6.24%,1.63%,101.63,New,19be6a8165ecf86d,2026-01-23 14:00:00,2026-01-28 12:00:00,2026-01-22 14:00:00,32%,SKIPPED
2026-01-22 13:02:03,DXCM.US,1-hour,Short,75.77,79.00791,71.50435,80.85557,5.63%,9.50%,6.71%,2.34%,72.64,New,19be6def5b110603,2026-01-23 15:00:00,2026-01-28 13:00:00,2026-01-22 15:00:00,28%,SKIPPED
2026-01-22 13:02:03,META.US,1-hour,Short,645.7,676.47181,616.95174,689.51453,4.45%,8.80%,6.79%,1.93%,607.92,New,19be6def5b110603,2026-01-23 15:00:00,2026-01-28 13:00:00,2026-01-22 15:00:00,5%,SKIPPED
2026-01-22 13:41:58,ORLY.US,4-hour,Short,98.85382,103.42405,94.07957,105.94739,4.83%,9.04%,7.18%,2.44%,88.09,New,19be70374e9d1211,2026-01-28 19:00:00,2026-02-05 19:00:00,2026-01-22 15:00:00,10%,SKIPPED
2026-01-22 14:02:13,ANET.US,1-hour,Short,138.48,153.59199,130.76,158.69364,5.57%,14.87%,14.60%,3.32%,159.34,New,19be7160531fc979,2026-01-23 16:00:00,2026-01-24 21:00:00,2026-01-22 16:00:00,5%,SKIPPED
2026-01-22 15:02:03,ADSK.US,1-hour,Short,268.59,287.02878,259.63043,292.478,3.34%,9.55%,8.89%,1.90%,239.01,New,19be74ccf7939d50,2026-01-23 17:00:00,2026-01-24 22:00:00,2026-01-22 17:00:00,5%,SKIPPED
2026-01-22 15:02:03,FAST.US,1-hour,Short,44.77676,47.31067,43.52522,48.33239,2.80%,8.00%,7.94%,2.16%,44.15,New,19be74ccf7939d50,2026-01-23 17:00:00,2026-01-24 22:00:00,2026-01-22 17:00:00,15%,SKIPPED
2026-01-22 15:02:03,LIN.US,1-hour,Short,445.44,465.54782,436.98913,470.86795,1.90%,6.13%,5.71%,1.14%,514.92,New,19be74ccf7939d50,2026-01-23 17:00:00,2026-01-24 22:00:00,2026-01-22 17:00:00,5%,SKIPPED
2026-01-23 9:33:01,ABT.US,Daily,Long,108,98.91588,124.00478,94.07321,14.82%,25.36%,12.90%,4.90%,86.63,New,19beb45e93491613,2026-02-01 19:00:00,2026-02-21 19:00:00,2026-01-22 19:00:00,30%,SKIPPED
2026-01-23 9:33:01,MU.US,4-hour,Short,398.15,442.07544,351.52478,464.71528,11.71%,20.48%,16.72%,5.12%,877.87,New,19beb45e93491613,2026-01-30 7:00:00,2026-02-07 7:00:00,2026-01-23 11:00:00,52%,SKIPPED
2026-01-23 9:33:01,ORCL.US,4-hour,Long,172.57,152.09902,190.46565,142.59427,10.37%,25.22%,17.37%,6.25%,192.09,New,19beb45e93491613,2026-01-30 7:00:00,2026-02-07 7:00:00,2026-01-23 11:00:00,10%,SKIPPED
2026-01-23 9:33:01,FTNT.US,1-hour,Short,83.21,84.60314,75.8813,86.29602,8.81%,10.31%,3.71%,2.00%,134.57,New,19beb45e93491613,2026-01-24 11:00:00,2026-01-26 9:00:00,2026-01-23 11:00:00,26%,SKIPPED
2026-01-23 9:33:01,ADI.US,Daily,Short,311.47,337.1593,287.41652,350.04591,7.72%,14.75%,12.39%,3.82%,415.08,New,19beb45e93491613,2026-02-01 19:00:00,2026-02-21 19:00:00,2026-01-22 19:00:00,41%,SKIPPED
2026-01-23 10:05:51,SBUX.US,4-hour,Short,97.26216,104.03773,91.45261,107.14617,5.97%,12.10%,10.16%,2.99%,101.63,New,19beb63f73fbfea4,2026-01-30 7:00:00,2026-02-07 7:00:00,2026-01-23 11:00:00,20%,SKIPPED
2026-01-23 10:08:17,ISRG.US,Daily,Long,524.5,438.77681,564.13826,416.77225,7.56%,28.57%,20.54%,5.01%,436.45,New,19beb662cc77c7c9,2026-02-01 19:00:00,2026-02-21 19:00:00,2026-01-22 19:00:00,10%,SKIPPED
2026-01-23 11:02:01,TSLA.US,1-hour,Short,452.05,486.60043,432.99565,497.32872,4.22%,11.02%,10.02%,2.20%,429.35,New,19beb9768a479699,2026-01-24 13:00:00,2026-01-26 11:00:00,2026-01-23 13:00:00,10%,SKIPPED
2026-01-23 15:02:06,AMZN.US,1-hour,Short,239.86,255.72746,233.73609,259.66775,2.55%,8.60%,8.26%,1.54%,263.72,New,19bec73313851ee7,2026-01-24 17:00:00,2026-01-25 22:00:00,2026-01-23 17:00:00,5%,SKIPPED
2026-01-26 9:33:04,SBUX.US,Daily,Short,97.26,107.76831,89.05826,112.11918,8.43%,17.36%,15.28%,4.04%,101.63,New,19bfab90483aa45c,2026-02-06 19:00:00,2026-02-25 19:00:00,2026-01-25 19:00:00,10%,SKIPPED
2026-01-26 9:33:04,ORLY.US,Daily,Short,100.08,107.61194,93.30522,110.58082,6.77%,13.29%,10.49%,2.76%,88.09,New,19bfab90483aa45c,2026-02-06 19:00:00,2026-02-25 19:00:00,2026-01-25 19:00:00,5%,SKIPPED
2026-01-26 9:53:29,GILD.US,4-hour,Short,136.74691,147.71341,124.96,152.6883,8.62%,15.40%,11.66%,3.37%,135.26,New,19bfacbb333335e9,2026-02-01 7:00:00,2026-02-12 7:00:00,2026-01-26 11:00:00,58%,SKIPPED
2026-01-26 13:02:04,TJX.US,1-hour,Long,148.98,147.33859,153.32,145.49743,2.91%,4.06%,2.34%,1.25%,158.75,New,19bfb785d64c293c,2026-01-29 15:00:00,2026-01-31 13:00:00,2026-01-26 15:00:00,24%,SKIPPED
2026-01-26 14:02:06,CSCO.US,1-hour,Short,76.94,79.96595,74.78913,81.08318,2.80%,6.47%,5.38%,1.40%,118.06,New,19bfbaf53dae3d43,2026-01-29 16:00:00,2026-01-30 21:00:00,2026-01-26 16:00:00,10%,SKIPPED
2026-01-27 9:33:17,AMD.US,Daily,Short,252.7,319.76589,223.47826,336.0745,11.56%,30.11%,32.99%,5.10%,488.34,New,19bffdf954d42e0b,2026-02-07 19:00:00,2026-02-24 19:00:00,2026-01-26 19:00:00,5%,SKIPPED
2026-01-27 10:02:02,CRWD.US,1-hour,Short,483.5,512.00679,457.63435,522.17938,5.35%,10.62%,8.00%,1.99%,673.96,New,19bfff9e814c0d74,2026-01-28 12:00:00,2026-02-01 10:00:00,2026-01-27 12:00:00,12%,SKIPPED
2026-01-27 10:02:02,AAPL.US,1-hour,Short,261.4,271.81529,250.97913,276.03512,3.99%,7.67%,5.60%,1.55%,310.38,New,19bfff9e814c0d74,2026-01-28 12:00:00,2026-02-01 10:00:00,2026-01-27 12:00:00,10%,SKIPPED
2026-01-27 10:02:02,GILD.US,1-hour,Short,139.15,140.50001,134.52783,143.24074,3.32%,4.25%,2.94%,1.95%,135.26,New,19bfff9e814c0d74,2026-01-28 12:00:00,2026-02-01 10:00:00,2026-01-27 12:00:00,47%,SKIPPED
2026-01-27 10:02:02,LIN.US,1-hour,Short,453.81,455.28975,448.61,460.09302,1.15%,1.47%,1.38%,1.05%,514.92,New,19bfff9e814c0d74,2026-01-28 12:00:00,2026-02-01 10:00:00,2026-01-27 12:00:00,15%,SKIPPED
2026-01-27 11:02:02,ASML.US,1-hour,Short,1464.59,1512.04284,1396.93609,1538.65072,4.62%,7.61%,5.06%,1.76%,1608.97,New,19c0030db15cc7b3,2026-01-28 13:00:00,2026-02-01 11:00:00,2026-01-27 13:00:00,51%,SKIPPED
2026-01-27 12:02:03,LRCX.US,1-hour,Short,238.22,262.06488,222.86522,268.52636,6.45%,14.96%,12.72%,2.47%,315.08,New,19c0067ce98f0a1e,2026-01-28 14:00:00,2026-02-01 12:00:00,2026-01-27 14:00:00,45%,SKIPPED
2026-01-27 12:02:03,ANET.US,1-hour,Short,149.04,163.92114,141.03043,168.14397,5.37%,13.96%,12.82%,2.58%,159.34,New,19c0067ce98f0a1e,2026-01-28 14:00:00,2026-02-01 12:00:00,2026-01-27 14:00:00,30%,SKIPPED
2026-01-27 12:02:03,KLAC.US,1-hour,Short,1611.77,1744.14615,1525.4087,1782.05883,5.36%,12.54%,10.57%,2.17%,1977.22,New,19c0067ce98f0a1e,2026-01-28 14:00:00,2026-02-01 12:00:00,2026-01-27 14:00:00,45%,SKIPPED
2026-01-27 14:02:22,JNJ.US,1-hour,Short,225.23802,237.16169,220.88217,239.42767,1.93%,6.86%,6.30%,0.96%,231.19,New,19c00d5f1368be49,2026-01-28 16:00:00,2026-01-31 21:00:00,2026-01-27 16:00:00,30%,SKIPPED
2026-01-27 15:11:32,AMAT.US,1-hour,Short,333.68256,366.6294,323.66609,373.05267,3.00%,11.72%,11.80%,1.75%,448.93,New,19c011540ade5f38,2026-01-28 17:00:00,2026-01-31 22:00:00,2026-01-27 17:00:00,30%,SKIPPED
2026-01-27 15:17:22,META.US,1-hour,Short,673.1798,678.51976,664.73739,687.41969,1.25%,2.03%,2.12%,1.31%,607.92,New,19c011a9737c4700,2026-01-28 17:00:00,2026-01-31 22:00:00,2026-01-27 17:00:00,5%,SKIPPED
2026-01-28 0:02:04,NAS100,1-hour,Short,26095.9,26274.15924,25953.17391,26358.50294,0.55%,1.22%,1.01%,0.32%,#N/A,New,19c02fb04c42f42f,2026-01-28 10:00:00,2026-01-28 22:00:00,2026-01-28 2:00:00,20%,SKIPPED
2026-01-28 9:33:09,ANET.US,4-hour,Short,150.57,167.17041,132.16957,175.3837,12.22%,20.94%,16.48%,4.91%,159.34,New,19c0505d7ba493d8,2026-02-03 7:00:00,2026-02-12 7:00:00,2026-01-28 11:00:00,20%,SKIPPED
2026-01-28 9:33:09,LULU.US,4-hour,Long,185.82,162.72651,198.13348,154.37295,6.63%,21.76%,16.92%,5.13%,127.25,New,19c0505d7ba493d8,2026-02-03 7:00:00,2026-02-12 7:00:00,2026-01-28 11:00:00,10%,SKIPPED
2026-01-28 9:33:09,JNJ.US,Daily,Short,226.74,245.47096,211.98,252.53666,6.51%,13.64%,11.38%,2.88%,231.19,New,19c0505d7ba493d8,2026-02-08 19:00:00,2026-02-25 19:00:00,2026-01-27 19:00:00,44%,SKIPPED
2026-01-28 9:33:09,TJX.US,4-hour,Long,147.7,138.4761,154.5587,135.17586,4.64%,11.61%,8.48%,2.38%,158.75,New,19c0505d7ba493d8,2026-02-03 7:00:00,2026-02-12 7:00:00,2026-01-28 11:00:00,10%,SKIPPED
2026-01-28 9:39:39,TXN.US,1-hour,Short,209.45465,214.60711,195.16304,218.01774,6.82%,9.06%,4.09%,1.59%,322.31,New,19c050bd023dcdf0,2026-01-29 11:00:00,2026-02-02 9:00:00,2026-01-28 11:00:00,76%,SKIPPED
2026-01-28 9:39:39,TSLA.US,1-hour,Long,434.85,404.90097,440.56435,398.26557,1.31%,8.81%,8.41%,1.64%,429.35,New,19c050bd023dcdf0,2026-01-29 11:00:00,2026-02-02 9:00:00,2026-01-28 11:00:00,5%,SKIPPED
2026-01-28 11:01:41,LULU.US,1-hour,Long,182.50146,170.92544,190.61304,167.5779,4.44%,11.52%,8.18%,1.96%,127.25,New,19c0556e37b8df15,2026-01-29 12:00:00,2026-02-02 10:00:00,2026-01-28 12:00:00,29%,SKIPPED
2026-01-28 11:29:59,MCHP.US,1-hour,Short,80.32848,85.15762,75.17609,86.83558,6.41%,11.72%,8.10%,1.97%,97.33,New,19c0570cbb57bd0e,2026-01-29 13:00:00,2026-02-02 11:00:00,2026-01-28 13:00:00,40%,SKIPPED
2026-01-28 11:58:19,LLY.US,1-hour,Long,1011.7,974.43418,1058.42174,955.33892,4.62%,8.62%,5.57%,1.96%,1078.43,New,19c058ac47824242,2026-01-29 13:00:00,2026-02-02 11:00:00,2026-01-28 13:00:00,25%,SKIPPED
2026-01-28 13:00:34,TXN.US,Daily,Short,215.33489,225.50386,186.12043,235.01739,13.57%,17.46%,9.14%,4.22%,322.31,New,19c05c3be833a4cc,2026-02-08 19:00:00,2026-02-25 19:00:00,2026-01-27 19:00:00,23%,SKIPPED
2026-01-28 13:00:34,MU.US,1-hour,Short,432.89,473.64271,405.56478,488.01523,6.31%,14.37%,12.73%,3.03%,877.87,New,19c05c3be833a4cc,2026-01-29 15:00:00,2026-02-02 13:00:00,2026-01-28 15:00:00,30%,SKIPPED
2026-01-28 13:00:34,NAS100,4-hour,Short,26014,26058.69703,25762.2,26299.12882,0.97%,1.14%,1.10%,0.92%,#N/A,New,19c05c3be833a4cc,2026-01-29 19:00:00,2026-02-02 19:00:00,2026-01-28 15:00:00,10%,SKIPPED
2026-01-28 14:02:06,ADI.US,1-hour,Short,317.35,337.8784,306.81391,342.81551,3.32%,9.19%,8.02%,1.46%,415.08,New,19c05fc15892c03a,2026-01-29 16:00:00,2026-01-30 21:00:00,2026-01-28 16:00:00,35%,SKIPPED
2026-01-28 14:33:14,FTNT.US,4-hour,Short,82.32059,91.51743,78.3013,94.27196,4.88%,14.44%,14.52%,3.01%,134.57,New,19c061891efa056d,2026-02-02 19:00:00,2026-02-11 19:00:00,2026-01-28 15:00:00,5%,SKIPPED
2026-01-28 15:02:04,DHR.US,1-hour,Long,223.54,216.3577,233.82391,212.00394,4.60%,8.07%,5.16%,2.01%,172,New,19c0632f8d4d3f28,2026-01-29 17:00:00,2026-01-30 22:00:00,2026-01-28 17:00:00,15%,SKIPPED
2026-01-29 9:33:02,NOW.US,1-hour,Long,115.7,113.97458,132.81913,110.07208,14.80%,16.53%,4.86%,3.42%,101.73,New,19c0a2c14b22c4fc,2026-01-30 11:00:00,2026-02-01 9:00:00,2026-01-29 11:00:00,68%,SKIPPED
2026-01-29 9:33:02,TXN.US,4-hour,Short,219.13,231.79491,194.39783,240.36668,11.29%,16.13%,9.69%,3.70%,322.31,New,19c0a2c14b22c4fc,2026-02-04 7:00:00,2026-02-13 7:00:00,2026-01-29 11:00:00,42%,SKIPPED
2026-01-29 9:33:02,GILD.US,Daily,Short,139.3,156.67594,126.10391,163.39926,9.47%,19.51%,17.30%,4.29%,135.26,New,19c0a2c14b22c4fc,2026-02-06 19:00:00,2026-02-26 19:00:00,2026-01-28 19:00:00,38%,SKIPPED
2026-01-29 9:33:02,MSFT.US,1-hour,Long,436.22,430.89183,476.47043,421.44969,9.23%,10.58%,3.39%,2.19%,415.18,New,19c0a2c14b22c4fc,2026-01-30 11:00:00,2026-02-01 9:00:00,2026-01-29 11:00:00,45%,SKIPPED
2026-01-29 9:33:02,HD.US,1-hour,Long,371.31,356.56324,381.26478,352.30513,2.68%,6.93%,5.12%,1.19%,309.75,New,19c0a2c14b22c4fc,2026-01-30 11:00:00,2026-02-01 9:00:00,2026-01-29 11:00:00,5%,SKIPPED
2026-01-29 9:35:12,TMO.US,1-hour,Long,573.05,568.57683,622.20478,556.22349,8.58%,9.43%,2.94%,2.17%,447.3,New,19c0a2e124fa154a,2026-01-30 11:00:00,2026-02-01 9:00:00,2026-01-29 11:00:00,24%,SKIPPED
2026-01-29 9:42:12,COP.US,1-hour,Short,105.47749,106.47248,99.40913,108.1308,5.75%,6.63%,2.52%,1.56%,118.45,New,19c0a3476740ba5f,2026-01-30 11:00:00,2026-02-01 9:00:00,2026-01-29 11:00:00,68%,SKIPPED
2026-01-29 9:46:27,SWKS.US,1-hour,Long,54.9155,50.02051,58.5587,48.01472,6.63%,17.07%,12.57%,4.01%,81.81,New,19c0a385d1c915b0,2026-01-30 11:00:00,2026-02-01 9:00:00,2026-01-29 11:00:00,22%,SKIPPED
2026-01-29 11:02:02,ORCL.US,1-hour,Long,163.19221,150.52997,176.80565,144.2859,8.34%,17.46%,11.59%,4.15%,192.09,New,19c0a7d96b5ed722,2026-01-30 13:00:00,2026-02-01 11:00:00,2026-01-29 13:00:00,42%,SKIPPED
2026-01-29 11:02:02,CRM.US,1-hour,Long,210.8,198.36977,227.57348,192.45975,7.96%,14.72%,8.70%,2.98%,181.53,New,19c0a7d96b5ed722,2026-01-30 13:00:00,2026-02-01 11:00:00,2026-01-29 13:00:00,42%,SKIPPED
2026-01-29 11:02:02,PANW.US,1-hour,Long,171.49719,164.52788,183.0913,160.67646,6.76%,11.28%,6.31%,2.34%,258.35,New,19c0a7d96b5ed722,2026-01-30 13:00:00,2026-02-01 11:00:00,2026-01-29 13:00:00,54%,SKIPPED
2026-01-29 11:02:02,ACN.US,1-hour,Long,263.76,248.07313,275.02304,242.50029,4.27%,10.86%,8.06%,2.25%,178.21,New,19c0a7d96b5ed722,2026-01-30 13:00:00,2026-02-01 11:00:00,2026-01-29 13:00:00,10%,SKIPPED
2026-01-29 11:02:02,NAS100,1-hour,Long,25447.8,25172.39075,26027.47391,24989.07238,2.28%,3.40%,1.80%,0.73%,#N/A,New,19c0a7d96b5ed722,2026-01-29 20:00:00,2026-01-30 9:00:00,2026-01-29 13:00:00,14%,SKIPPED
2026-01-29 11:04:42,DOCU.US,1-hour,Long,52.20349,49.09811,56.16217,47.45139,7.58%,14.39%,9.10%,3.35%,49.66,New,19c0a80035913da2,2026-01-30 13:00:00,2026-02-01 11:00:00,2026-01-29 13:00:00,44%,SKIPPED
2026-01-29 12:02:02,ADSK.US,1-hour,Long,253.27,238.76586,266.96565,232.59422,5.41%,11.81%,8.16%,2.58%,239.01,New,19c0ab48259752ba,2026-01-30 14:00:00,2026-02-01 12:00:00,2026-01-29 14:00:00,5%,SKIPPED
2026-01-29 12:02:02,ISRG.US,1-hour,Long,505.14,475.40347,523.61478,468.04819,3.66%,10.14%,7.34%,1.55%,436.45,New,19c0ab48259752ba,2026-01-30 14:00:00,2026-02-01 12:00:00,2026-01-29 14:00:00,30%,SKIPPED
2026-01-29 12:02:02,ADBE.US,1-hour,Long,287.95,274.68136,298.23,268.78302,3.57%,8.57%,6.66%,2.15%,242.3,New,19c0ab48259752ba,2026-01-30 14:00:00,2026-02-01 12:00:00,2026-01-29 14:00:00,35%,SKIPPED
2026-01-29 13:02:02,DOCU.US,4-hour,Long,52.84,49.77996,57.9887,44.88389,9.74%,16.49%,15.06%,9.84%,49.66,New,19c0aeb75d02f033,2026-02-01 19:00:00,2026-02-12 19:00:00,2026-01-29 15:00:00,37%,SKIPPED
2026-01-29 13:02:02,SNPS.US,1-hour,Long,477.77,441.47158,500.59261,430.54629,4.78%,13.39%,9.88%,2.47%,535.38,New,19c0aeb75d02f033,2026-01-30 15:00:00,2026-02-01 13:00:00,2026-01-29 15:00:00,5%,SKIPPED
2026-01-29 13:31:42,XOM.US,1-hour,Short,140.5561,144.08414,136.92739,145.88759,2.58%,4.97%,3.79%,1.25%,151.66,New,19c0b0698bf7dab4,2026-01-30 15:00:00,2026-02-01 13:00:00,2026-01-29 15:00:00,30%,SKIPPED
2026-01-29 14:02:02,OKTA.US,1-hour,Long,86.05763,78.10782,90.11522,75.61949,4.71%,15.37%,12.13%,3.19%,96.05,New,19c0b2263c6e6327,2026-01-30 16:00:00,2026-01-31 21:00:00,2026-01-29 16:00:00,5%,SKIPPED
2026-01-29 15:02:02,LOW.US,1-hour,Long,265.6105,254.82143,271.62217,251.20552,2.26%,6.59%,5.42%,1.42%,212.06,New,19c0b5950fde5f1c,2026-01-30 17:00:00,2026-01-31 22:00:00,2026-01-29 17:00:00,10%,SKIPPED
2026-01-30 9:33:09,LULU.US,Daily,Long,174.1,130.59934,201.39826,117.91018,15.68%,54.21%,32.27%,9.72%,127.25,New,19c0f528f694cafc,2026-02-07 19:00:00,2026-02-26 19:00:00,2026-01-29 19:00:00,5%,SKIPPED
2026-01-30 12:02:04,KLAC.US,1-hour,Long,1468,1385.69974,1610.20261,1327.96715,9.69%,16.20%,9.54%,4.17%,1977.22,New,19c0fdb0c569aba3,2026-01-31 14:00:00,2026-02-02 12:00:00,2026-01-30 14:00:00,5%,SKIPPED
2026-01-30 13:02:04,DHR.US,4-hour,Long,218.17,191.52686,233.93609,184.08706,7.23%,22.14%,15.62%,3.88%,172,New,19c1011d266105e4,2026-02-02 19:00:00,2026-02-13 19:00:00,2026-01-30 15:00:00,10%,SKIPPED
2026-01-30 13:02:04,XOM.US,4-hour,Short,138.23,141.72793,133.86652,147.32462,3.16%,5.55%,6.58%,3.95%,151.66,New,19c1011d266105e4,2026-02-02 19:00:00,2026-02-13 19:00:00,2026-01-30 15:00:00,34%,SKIPPED
2026-01-30 13:02:04,ORLY.US,1-hour,Long,97.43819,92.89165,99.8613,91.55701,2.49%,7.50%,6.04%,1.44%,88.09,New,19c1011d266105e4,2026-01-31 15:00:00,2026-02-02 13:00:00,2026-01-30 15:00:00,5%,SKIPPED
2026-02-02 9:33:05,LRCX.US,Daily,Short,237.16,257.9313,212.22174,291.16539,10.52%,17.72%,22.77%,12.88%,315.08,New,19c1ec5943a133e0,2026-02-12 19:00:00,2026-03-01 19:00:00,2026-02-01 19:00:00,22%,SKIPPED
2026-02-02 9:33:05,CSCO.US,4-hour,Short,78.3,84.51426,76.0587,86.47443,2.86%,10.00%,10.44%,2.32%,118.06,New,19c1ec5943a133e0,2026-02-08 7:00:00,2026-02-19 7:00:00,2026-02-02 11:00:00,5%,SKIPPED
2026-02-02 10:02:15,PG.US,1-hour,Short,153.0474,157.81944,149.29261,159.47503,2.45%,5.40%,4.20%,1.05%,143.82,New,19c1ee0450ba1281,2026-02-05 12:00:00,2026-02-07 10:00:00,2026-02-02 12:00:00,30%,SKIPPED
2026-02-02 11:36:55,LULU.US,1-hour,Short,179.30306,181.55455,176.6413,185.30703,1.48%,2.71%,3.35%,2.07%,127.25,New,19c1f36eaec423b8,2026-02-05 13:00:00,2026-02-07 11:00:00,2026-02-02 13:00:00,5%,SKIPPED
2026-02-02 12:02:05,ABT.US,1-hour,Short,110.04,118.89067,107.25304,120.56058,2.53%,9.79%,9.56%,1.40%,86.63,New,19c1f4dfbda3aafd,2026-02-05 14:00:00,2026-02-07 12:00:00,2026-02-02 14:00:00,5%,SKIPPED
2026-02-02 12:02:05,TMO.US,1-hour,Long,581.34,562.79056,589.95043,549.30429,1.48%,4.83%,5.51%,2.40%,447.3,New,19c1f4dfbda3aafd,2026-02-05 14:00:00,2026-02-07 12:00:00,2026-02-02 14:00:00,5%,SKIPPED
2026-02-02 13:02:05,IDXX.US,1-hour,Long,622.37,586.38574,669.68739,566.80899,7.60%,14.21%,8.93%,3.34%,555.4,New,19c1f84e7491b572,2026-02-05 15:00:00,2026-02-07 13:00:00,2026-02-02 15:00:00,42%,SKIPPED
2026-02-02 13:02:05,MSFT.US,4-hour,Long,424.9,380.93072,455.50391,362.15879,7.20%,19.58%,14.77%,4.93%,415.18,New,19c1f84e7491b572,2026-02-07 19:00:00,2026-02-15 19:00:00,2026-02-02 15:00:00,10%,SKIPPED
2026-02-02 13:02:05,MRK.US,1-hour,Short,112.51,116.71017,109.21435,118.5816,2.93%,6.42%,5.40%,1.60%,120.9,New,19c1f84e7491b572,2026-02-05 15:00:00,2026-02-07 13:00:00,2026-02-02 15:00:00,30%,SKIPPED
2026-02-02 13:32:10,ODFL.US,1-hour,Short,183.91282,192.15086,173.74304,196.02501,5.53%,9.58%,6.59%,2.02%,214.99,New,19c1fa06d6e24b0a,2026-02-05 15:00:00,2026-02-07 13:00:00,2026-02-02 15:00:00,54%,SKIPPED
2026-02-02 14:02:05,ANET.US,1-hour,Long,140.53,125.10311,145.35565,121.63719,3.43%,16.19%,13.44%,2.77%,159.34,New,19c1fbbd669e97fe,2026-02-05 16:00:00,2026-02-06 21:00:00,2026-02-02 16:00:00,5%,SKIPPED
2026-02-02 16:02:05,NAS100,1-hour,Short,25745.5,26931.04261,25443.74348,27162.02773,1.17%,5.52%,5.50%,0.86%,#N/A,New,19c2029b2cbb62ee,2026-02-03 1:00:00,2026-02-03 13:00:00,2026-02-02 18:00:00,5%,SKIPPED
2026-02-03 9:33:05,TMO.US,4-hour,Long,578.6,499.36448,613.54087,478.93305,6.04%,22.86%,17.23%,4.09%,447.3,New,19c23ebf13f9fbe3,2026-02-09 7:00:00,2026-02-17 7:00:00,2026-02-03 11:00:00,5%,SKIPPED
2026-02-03 9:33:05,CSCO.US,1-hour,Short,83.20026,84.93859,78.96217,86.27954,5.09%,7.04%,3.70%,1.58%,118.06,New,19c23ebf13f9fbe3,2026-02-04 11:00:00,2026-02-08 9:00:00,2026-02-03 11:00:00,64%,SKIPPED
2026-02-03 9:33:05,ISRG.US,1-hour,Long,496.35,493.58059,504.64217,487.03714,1.67%,2.24%,1.88%,1.33%,436.45,New,19c23ebf13f9fbe3,2026-02-04 11:00:00,2026-02-08 9:00:00,2026-02-03 11:00:00,20%,SKIPPED
2026-02-03 9:38:05,LIN.US,4-hour,Short,463.05655,489.39455,447.68174,498.22749,3.32%,8.52%,7.60%,1.80%,514.92,New,19c23f07afb66a9b,2026-02-09 7:00:00,2026-02-17 7:00:00,2026-02-03 11:00:00,20%,SKIPPED
2026-02-03 9:43:35,PG.US,Daily,Short,154.08366,164.91284,145.52261,169.14169,5.56%,11.76%,9.77%,2.56%,143.82,New,19c23f58b335120f,2026-02-13 19:00:00,2026-03-02 19:00:00,2026-02-02 19:00:00,10%,SKIPPED
2026-02-03 9:43:35,JNJ.US,4-hour,Short,234.54412,242.18487,222.47435,247.14527,5.15%,8.14%,5.37%,2.05%,231.19,New,19c23f58b335120f,2026-02-09 7:00:00,2026-02-17 7:00:00,2026-02-03 11:00:00,50%,SKIPPED
2026-02-03 9:43:35,FAST.US,1-hour,Short,45.77791,47.13234,43.62565,47.85858,4.70%,7.44%,4.55%,1.54%,44.15,New,19c23f58b335120f,2026-02-04 11:00:00,2026-02-08 9:00:00,2026-02-03 11:00:00,45%,SKIPPED
2026-02-03 9:47:35,SNPS.US,4-hour,Long,437.70825,389.1966,497.26348,367.57956,13.61%,27.77%,16.02%,5.55%,535.38,New,19c23f9334c1d9a7,2026-02-09 7:00:00,2026-02-17 7:00:00,2026-02-03 11:00:00,12%,SKIPPED
2026-02-03 9:54:40,AAPL.US,1-hour,Short,270.47815,282.26425,259.46391,287.12625,4.07%,8.08%,6.16%,1.72%,310.38,New,19c23ffa92ecfced,2026-02-04 11:00:00,2026-02-08 9:00:00,2026-02-03 11:00:00,15%,SKIPPED
2026-02-03 10:02:05,SNPS.US,1-hour,Long,431.08,415.43397,469.74957,390.40033,8.97%,13.07%,9.44%,6.03%,535.38,New,19c24067c1917300,2026-02-04 12:00:00,2026-02-08 10:00:00,2026-02-03 12:00:00,30%,SKIPPED
2026-02-03 10:28:50,CSX.US,1-hour,Short,39.42845,40.43728,37.76,40.93116,4.23%,6.62%,3.81%,1.22%,46.33,New,19c241ef664fb2fe,2026-02-04 12:00:00,2026-02-08 10:00:00,2026-02-03 12:00:00,68%,SKIPPED
2026-02-03 10:37:20,NOW.US,4-hour,Long,108.98457,101.05832,126.42478,93.80639,16.00%,25.10%,13.93%,7.18%,101.73,New,19c2426b8f6606b1,2026-02-09 7:00:00,2026-02-17 7:00:00,2026-02-03 11:00:00,45%,SKIPPED
2026-02-03 11:10:35,ISRG.US,4-hour,Long,485,443.40783,520.71522,429.31698,7.36%,17.43%,11.48%,3.18%,436.45,New,19c244530cda1f00,2026-02-09 7:00:00,2026-02-17 7:00:00,2026-02-03 11:00:00,22%,SKIPPED
2026-02-03 11:23:10,DOCU.US,1-hour,Long,46.16681,44.70946,52.14522,42.78217,12.95%,16.63%,7.33%,4.31%,49.66,New,19c2450b6d947901,2026-02-04 13:00:00,2026-02-08 11:00:00,2026-02-03 13:00:00,67%,SKIPPED
2026-02-03 11:39:00,ACN.US,1-hour,Long,241.57074,229.77133,261.46348,222.83264,8.23%,13.79%,7.76%,3.02%,178.21,New,19c245f35ba6c809,2026-02-04 13:00:00,2026-02-08 11:00:00,2026-02-03 13:00:00,31%,SKIPPED
2026-02-03 12:02:05,CRM.US,1-hour,Long,197.12,184.89888,210.67652,179.40683,6.88%,13.94%,8.99%,2.97%,181.53,New,19c24745894495db,2026-02-04 14:00:00,2026-02-08 12:00:00,2026-02-03 14:00:00,51%,SKIPPED
2026-02-03 12:02:05,BKNG.US,1-hour,Long,4730,4573.37457,5030.61739,4455.9064,6.36%,10.00%,5.79%,2.57%,164.23,New,19c24745894495db,2026-02-04 14:00:00,2026-02-08 12:00:00,2026-02-03 14:00:00,21%,SKIPPED
2026-02-03 12:02:05,ADBE.US,1-hour,Long,273.62,260.50062,290.28913,253.77947,6.09%,11.44%,7.25%,2.58%,242.3,New,19c24745894495db,2026-02-04 14:00:00,2026-02-08 12:00:00,2026-02-03 14:00:00,57%,SKIPPED
2026-02-03 12:02:05,NAS100,1-hour,Long,25381.7,25114.2725,25790.46087,24961.31618,1.61%,2.69%,1.66%,0.61%,#N/A,New,19c24745894495db,2026-02-03 21:00:00,2026-02-04 10:00:00,2026-02-03 14:00:00,5%,SKIPPED
2026-02-03 12:29:10,CRM.US,4-hour,Long,195.86134,186.32321,223.24783,177.41057,13.98%,19.82%,9.42%,4.78%,181.53,New,19c248d210786bd1,2026-02-09 7:00:00,2026-02-17 7:00:00,2026-02-03 11:00:00,55%,SKIPPED
2026-02-03 13:02:05,ACN.US,4-hour,Long,240.25,215.01129,273.45913,202.18603,13.82%,27.18%,15.84%,5.96%,178.21,New,19c24ab4b1c77e50,2026-02-08 19:00:00,2026-02-16 19:00:00,2026-02-03 15:00:00,12%,SKIPPED
2026-02-03 13:02:05,NXPI.US,1-hour,Long,210.73,196.14672,226.3313,188.58558,7.40%,15.39%,10.51%,3.85%,327.75,New,19c24ab4b1c77e50,2026-02-04 15:00:00,2026-02-08 13:00:00,2026-02-03 15:00:00,12%,SKIPPED
2026-02-03 13:02:05,MRVL.US,1-hour,Long,73.22,67.81353,78.55174,65.45341,7.28%,15.83%,10.61%,3.48%,201.81,New,19c24ab4b1c77e50,2026-02-04 15:00:00,2026-02-08 13:00:00,2026-02-03 15:00:00,32%,SKIPPED
2026-02-03 13:02:05,PANW.US,1-hour,Long,165.39,153.68987,174.19565,149.63257,5.32%,13.34%,9.53%,2.64%,258.35,New,19c24ab4b1c77e50,2026-02-04 15:00:00,2026-02-08 13:00:00,2026-02-03 15:00:00,35%,SKIPPED
2026-02-03 13:02:05,JNJ.US,1-hour,Short,234.37,241.9673,228.9713,244.71302,2.30%,5.37%,4.41%,1.13%,231.19,New,19c24ab4b1c77e50,2026-02-04 15:00:00,2026-02-08 13:00:00,2026-02-03 15:00:00,30%,SKIPPED
2026-02-03 13:05:25,NOW.US,1-hour,Long,108.55244,94.05914,115.99217,90.17869,6.85%,23.32%,16.93%,4.13%,101.73,New,19c24ae574be2b15,2026-02-04 15:00:00,2026-02-08 13:00:00,2026-02-03 15:00:00,40%,SKIPPED
2026-02-03 13:05:25,TJX.US,1-hour,Short,152.16467,157.6017,148.97304,159.40686,2.10%,5.47%,4.76%,1.15%,158.75,New,19c24ae574be2b15,2026-02-04 15:00:00,2026-02-08 13:00:00,2026-02-03 15:00:00,5%,SKIPPED
2026-02-03 13:18:52,ILMN.US,1-hour,Long,137.25,128.72488,143.5187,125.20993,4.57%,11.49%,8.77%,2.73%,145.37,New,19c24baa146ef37b,2026-02-04 15:00:00,2026-02-08 13:00:00,2026-02-03 15:00:00,15%,SKIPPED
2026-02-03 13:46:35,MSFT.US,1-hour,Long,410.18602,370.94012,424.96696,363.97509,3.60%,14.56%,11.27%,1.88%,415.18,New,19c24d3fd2ca5caf,2026-02-04 15:00:00,2026-02-08 13:00:00,2026-02-03 15:00:00,35%,SKIPPED
2026-02-03 14:02:05,ORCL.US,1-hour,Long,152.6,137.96218,163.27391,132.74457,6.99%,18.35%,13.01%,3.78%,192.09,New,19c24e230205fabd,2026-02-04 16:00:00,2026-02-07 21:00:00,2026-02-03 16:00:00,40%,SKIPPED
2026-02-03 14:02:05,ADSK.US,1-hour,Long,240.16,218.10938,251.68826,212.24098,4.80%,15.40%,11.63%,2.69%,239.01,New,19c24e230205fabd,2026-02-04 16:00:00,2026-02-07 21:00:00,2026-02-03 16:00:00,30%,SKIPPED
2026-02-03 14:02:05,CRWD.US,1-hour,Long,417.29,379.447,437.20174,369.35114,4.77%,15.22%,11.49%,2.66%,673.96,New,19c24e230205fabd,2026-02-04 16:00:00,2026-02-07 21:00:00,2026-02-03 16:00:00,30%,SKIPPED
2026-02-03 15:02:06,META.US,1-hour,Long,688.71,621.51898,711.52435,607.57296,3.31%,14.48%,11.78%,2.24%,607.92,New,19c25191dac982ab,2026-02-04 17:00:00,2026-02-07 22:00:00,2026-02-03 17:00:00,5%,SKIPPED
2026-02-04 9:33:09,ORCL.US,Daily,Long,150.33708,110.17538,183.80217,95.42476,22.26%,66.83%,36.53%,13.39%,192.09,New,19c2912521bd7215,2026-02-12 19:00:00,2026-03-03 19:00:00,2026-02-03 19:00:00,15%,SKIPPED
2026-02-04 9:33:09,BSX.US,1-hour,Long,79.54,76.85198,92.41,72.55114,16.18%,20.24%,8.79%,5.60%,57.69,New,19c2912521bd7215,2026-02-05 11:00:00,2026-02-09 9:00:00,2026-02-04 11:00:00,92%,SKIPPED
2026-02-04 9:33:09,BSX.US,4-hour,Long,79.54,76.82895,92.21696,73.97904,15.94%,20.03%,6.99%,3.71%,57.69,New,19c2912521bd7215,2026-02-10 7:00:00,2026-02-18 7:00:00,2026-02-04 11:00:00,69%,SKIPPED
2026-02-04 9:33:09,MU.US,Daily,Short,401.6,420.67873,368.52217,463.73483,8.24%,12.40%,15.47%,10.23%,877.87,New,19c2912521bd7215,2026-02-12 19:00:00,2026-03-03 19:00:00,2026-02-03 19:00:00,19%,SKIPPED
2026-02-04 9:33:09,LOW.US,1-hour,Short,278.12956,290.88174,268.56,295.43898,3.44%,7.67%,6.22%,1.57%,212.06,New,19c2912521bd7215,2026-02-05 11:00:00,2026-02-09 9:00:00,2026-02-04 11:00:00,5%,SKIPPED
2026-02-04 9:38:29,UBER.US,1-hour,Long,74.19545,70.68514,79.91696,68.92436,7.71%,13.06%,7.10%,2.49%,70.58,New,19c291734bc700ee,2026-02-05 11:00:00,2026-02-09 9:00:00,2026-02-04 11:00:00,69%,SKIPPED
2026-02-04 9:42:34,BSX.US,Daily,Long,77.78419,75.16158,93.75913,71.06521,20.54%,24.74%,8.64%,5.45%,57.69,New,19c291af1c550c2c,2026-02-12 19:00:00,2026-03-03 19:00:00,2026-02-03 19:00:00,39%,SKIPPED
2026-02-04 9:42:34,UNP.US,1-hour,Short,246.3626,255.39002,234.93,259.52486,4.64%,8.01%,5.34%,1.62%,271.24,New,19c291af1c550c2c,2026-02-05 11:00:00,2026-02-09 9:00:00,2026-02-04 11:00:00,64%,SKIPPED
2026-02-04 10:02:04,AMD.US,1-hour,Long,207.08,189.76738,241.77304,179.0409,16.75%,27.40%,13.54%,5.65%,488.34,New,19c292cd9771497b,2026-02-05 12:00:00,2026-02-09 10:00:00,2026-02-04 12:00:00,20%,SKIPPED
2026-02-04 10:33:39,ODFL.US,4-hour,Short,199.71291,211.16908,175.81391,218.25577,11.97%,16.74%,9.28%,3.36%,214.99,New,19c2949b4ea26d47,2026-02-10 7:00:00,2026-02-18 7:00:00,2026-02-04 11:00:00,53%,SKIPPED
2026-02-04 11:02:09,KLAC.US,4-hour,Long,1338,1095.20125,1516.8987,999.60663,13.37%,38.50%,25.29%,8.73%,1977.22,New,19c2963d1729d9ac,2026-02-10 7:00:00,2026-02-18 7:00:00,2026-02-04 11:00:00,5%,SKIPPED
2026-02-04 11:02:09,ABBV.US,1-hour,Long,209.6,195.62295,223.20957,190.03229,6.49%,14.10%,9.34%,2.86%,213.94,New,19c2963d1729d9ac,2026-02-05 13:00:00,2026-02-09 11:00:00,2026-02-04 13:00:00,32%,SKIPPED
2026-02-04 11:48:54,PG.US,4-hour,Short,158.17893,162.20943,149.48957,165.52518,5.49%,7.84%,4.64%,2.04%,143.82,New,19c298e990458e88,2026-02-10 7:00:00,2026-02-18 7:00:00,2026-02-04 11:00:00,24%,SKIPPED
2026-02-04 12:02:04,LRCX.US,1-hour,Long,211.65,190.12012,233.6213,181.34977,10.38%,22.88%,14.32%,4.61%,315.08,New,19c299aab85b69ed,2026-02-05 14:00:00,2026-02-09 12:00:00,2026-02-04 14:00:00,10%,SKIPPED
2026-02-04 12:02:04,AMAT.US,1-hour,Long,294.28,280.95289,321.99652,270.63913,9.42%,14.61%,8.03%,3.67%,448.93,New,19c299aab85b69ed,2026-02-05 14:00:00,2026-02-09 12:00:00,2026-02-04 14:00:00,19%,SKIPPED
2026-02-04 12:02:04,AVGO.US,1-hour,Long,304.2,276.79308,323.9987,266.47382,6.51%,17.05%,12.40%,3.73%,423.21,New,19c299aab85b69ed,2026-02-05 14:00:00,2026-02-09 12:00:00,2026-02-04 14:00:00,42%,SKIPPED
2026-02-04 12:02:04,LIN.US,1-hour,Short,475.88,482.12685,461.31478,488.70418,3.06%,4.32%,2.69%,1.36%,514.92,New,19c299aab85b69ed,2026-02-05 14:00:00,2026-02-09 12:00:00,2026-02-04 14:00:00,31%,SKIPPED
2026-02-04 12:40:39,ASML.US,1-hour,Long,1322.35,1208.72223,1413.12739,1173.73222,6.86%,16.91%,11.24%,2.89%,1608.97,New,19c29bdfa5585e66,2026-02-05 14:00:00,2026-02-09 12:00:00,2026-02-04 14:00:00,12%,SKIPPED
2026-02-04 13:02:04,MRK.US,4-hour,Short,119.55,129.67247,110.16783,133.38792,7.85%,15.04%,11.58%,2.87%,120.9,New,19c29d196916774b,2026-02-09 19:00:00,2026-02-17 19:00:00,2026-02-04 15:00:00,43%,SKIPPED
2026-02-04 13:53:39,MU.US,1-hour,Long,363.98476,323.0903,419.22435,302.06765,15.18%,29.75%,17.01%,6.51%,877.87,New,19c2a00d04eb7375,2026-02-05 15:00:00,2026-02-09 13:00:00,2026-02-04 15:00:00,10%,SKIPPED
2026-02-04 15:02:04,SBUX.US,1-hour,Short,96.62,106.31743,93.29913,108.29848,3.44%,12.24%,12.09%,1.86%,101.63,New,19c2a3f75dc9cc01,2026-02-05 17:00:00,2026-02-06 22:00:00,2026-02-04 17:00:00,5%,SKIPPED
2026-02-04 15:05:04,KLAC.US,1-hour,Long,1310.52,1284.11156,1371.38478,1237.6953,4.64%,6.80%,5.56%,3.61%,1977.22,New,19c2a42317187509,2026-02-05 17:00:00,2026-02-06 22:00:00,2026-02-04 17:00:00,5%,SKIPPED
2026-02-04 15:15:54,LLY.US,1-hour,Short,1105.04,1189.95773,1050.15913,1223.2883,4.97%,11.75%,10.70%,2.80%,1078.43,New,19c2a4c1f52a1f7f,2026-02-05 17:00:00,2026-02-06 22:00:00,2026-02-04 17:00:00,5%,SKIPPED
2026-02-04 15:15:54,XOM.US,1-hour,Short,146.9176,157.48708,142.15217,160.5321,3.24%,9.74%,9.27%,1.93%,151.66,New,19c2a4c1f52a1f7f,2026-02-05 17:00:00,2026-02-06 22:00:00,2026-02-04 17:00:00,30%,SKIPPED
2026-02-04 15:28:54,AAPL.US,4-hour,Short,277.64476,295.08935,256.60696,304.12223,7.58%,13.04%,9.54%,3.06%,310.38,New,19c2a58078baa551,2026-02-09 19:00:00,2026-02-17 19:00:00,2026-02-04 15:00:00,5%,SKIPPED
2026-02-04 16:06:09,NAS100,1-hour,Long,24781.07371,24229.35014,25205.48261,24024.02712,1.71%,4.03%,3.05%,0.85%,#N/A,New,19c2a7a1f8ff1a58,2026-02-05 1:00:00,2026-02-05 13:00:00,2026-02-04 18:00:00,15%,SKIPPED
2026-02-05 9:33:04,ORCL.US,4-hour,Long,145.23,131.34718,169.28435,119.82727,16.56%,28.88%,17.49%,8.77%,192.09,New,19c2e389c92515cb,2026-02-11 7:00:00,2026-02-19 7:00:00,2026-02-05 11:00:00,20%,SKIPPED
2026-02-05 9:33:04,ILMN.US,4-hour,Long,132.45,102.31808,146.58783,95.69754,10.67%,43.27%,27.75%,6.47%,145.37,New,19c2e389c92515cb,2026-02-11 7:00:00,2026-02-19 7:00:00,2026-02-05 11:00:00,5%,SKIPPED
2026-02-05 9:33:04,BKNG.US,4-hour,Long,4655.62,4075.28053,5008.32522,3880.3571,7.58%,22.90%,16.65%,4.78%,164.23,New,19c2e389c92515cb,2026-02-11 7:00:00,2026-02-19 7:00:00,2026-02-05 11:00:00,5%,SKIPPED
2026-02-05 9:33:04,FAST.US,4-hour,Short,47.54175,51.67169,44.38957,53.22817,6.63%,14.09%,11.96%,3.01%,44.15,New,19c2e389c92515cb,2026-02-11 7:00:00,2026-02-19 7:00:00,2026-02-05 11:00:00,17%,SKIPPED
2026-02-05 9:33:04,COP.US,4-hour,Short,107.37,119.7615,100.85957,123.39597,6.06%,15.78%,14.93%,3.03%,118.45,New,19c2e389c92515cb,2026-02-11 7:00:00,2026-02-19 7:00:00,2026-02-05 11:00:00,25%,SKIPPED
2026-02-05 9:44:34,MSFT.US,Daily,Long,401.73203,369.92182,458.54478,345.4621,14.14%,23.96%,14.01%,6.61%,415.18,New,19c2e4324c5736ec,2026-02-13 19:00:00,2026-03-04 19:00:00,2026-02-04 19:00:00,15%,SKIPPED
2026-02-05 10:02:04,AMZN.US,1-hour,Long,223.31108,214.15685,238.11,208.54027,6.63%,11.18%,6.61%,2.62%,263.72,New,19c2e532df5d2a2d,2026-02-06 12:00:00,2026-02-08 10:00:00,2026-02-05 12:00:00,24%,SKIPPED
2026-02-05 10:02:04,MRK.US,1-hour,Short,121.51,122.93396,116.00826,126.25501,4.53%,5.63%,3.91%,2.70%,120.9,New,19c2e532df5d2a2d,2026-02-06 12:00:00,2026-02-08 10:00:00,2026-02-05 12:00:00,49%,SKIPPED
2026-02-05 10:16:44,PG.US,1-hour,Short,158.55297,159.77564,155.16652,161.81342,2.14%,2.88%,2.06%,1.28%,143.82,New,19c2e6094f039de7,2026-02-06 12:00:00,2026-02-08 10:00:00,2026-02-05 12:00:00,30%,SKIPPED
2026-02-05 11:02:04,ALGN.US,1-hour,Short,177.94,188.52273,161.87043,194.60503,9.03%,14.14%,9.37%,3.23%,164.05,New,19c2e8a17a9f326a,2026-02-06 13:00:00,2026-02-08 11:00:00,2026-02-05 13:00:00,39%,SKIPPED
2026-02-05 12:52:09,ISRG.US,1-hour,Long,479.3,474.07126,485.17087,464.71297,1.22%,2.34%,3.04%,1.97%,436.45,New,19c2eeedfda099da,2026-02-06 14:00:00,2026-02-08 12:00:00,2026-02-05 14:00:00,10%,SKIPPED
2026-02-05 13:02:04,AMD.US,4-hour,Long,193.8,148.15132,242.66217,128.08823,25.21%,63.79%,33.91%,13.54%,488.34,New,19c2ef7f5ea61bc2,2026-02-08 19:00:00,2026-02-18 19:00:00,2026-02-05 15:00:00,20%,SKIPPED
2026-02-05 13:02:04,TMO.US,1-hour,Long,552.63,511.9758,571.02348,501.96227,3.33%,11.53%,9.17%,1.96%,447.3,New,19c2ef7f5ea61bc2,2026-02-06 15:00:00,2026-02-08 13:00:00,2026-02-05 15:00:00,20%,SKIPPED
2026-02-05 13:11:24,CRWD.US,4-hour,Long,403.23349,345.81304,445.97348,323.80473,10.60%,28.96%,19.70%,6.36%,673.96,New,19c2f007d698a452,2026-02-08 19:00:00,2026-02-18 19:00:00,2026-02-05 15:00:00,19%,SKIPPED
2026-02-05 13:11:24,PANW.US,4-hour,Long,160.43229,144.06458,176.91522,136.2696,10.27%,22.80%,15.06%,5.41%,258.35,New,19c2f007d698a452,2026-02-08 19:00:00,2026-02-18 19:00:00,2026-02-05 15:00:00,17%,SKIPPED
2026-02-05 14:02:05,ORLY.US,1-hour,Long,92.28,87.29753,96.65957,85.09569,4.75%,10.72%,7.79%,2.52%,88.09,New,19c2f2eeca80d05c,2026-02-06 16:00:00,2026-02-07 21:00:00,2026-02-05 16:00:00,5%,SKIPPED
2026-02-05 14:02:05,CSX.US,1-hour,Short,39.74,39.83776,39.29261,40.46488,1.13%,1.37%,1.82%,1.57%,46.33,New,19c2f2eeca80d05c,2026-02-06 16:00:00,2026-02-07 21:00:00,2026-02-05 16:00:00,15%,SKIPPED
2026-02-05 15:02:04,NVDA.US,1-hour,Long,173.17,170.72784,177.86391,166.07487,2.71%,4.18%,4.10%,2.73%,213.56,New,19c2f65d198203c0,2026-02-06 17:00:00,2026-02-07 22:00:00,2026-02-05 17:00:00,5%,SKIPPED
2026-02-05 15:02:04,TJX.US,1-hour,Short,156.07,156.53388,153.21522,158.52944,1.83%,2.12%,1.58%,1.27%,158.75,New,19c2f65d198203c0,2026-02-06 17:00:00,2026-02-07 22:00:00,2026-02-05 17:00:00,5%,SKIPPED
2026-02-05 23:55:28,NAS100,4-hour,Long,24353.8,23400.6762,25230.94783,22916.37068,3.60%,7.82%,5.90%,2.07%,#N/A,New,19c314e29a61bc4a,2026-02-07 3:00:00,2026-02-09 3:00:00,2026-02-05 23:00:00,10%,SKIPPED
2026-02-06 9:33:03,SNPS.US,Daily,Long,418,319.50579,492.77217,282.64443,17.89%,54.23%,32.38%,11.54%,535.38,New,19c335ef8cc8ad10,2026-02-14 19:00:00,2026-03-05 19:00:00,2026-02-05 19:00:00,5%,SKIPPED
2026-02-06 9:33:03,BKNG.US,Daily,Long,4437.57,3946.10395,5118.39652,3658.26079,15.34%,29.71%,17.56%,7.29%,164.23,New,19c335ef8cc8ad10,2026-02-14 19:00:00,2026-03-05 19:00:00,2026-02-05 19:00:00,10%,SKIPPED
2026-02-06 9:33:03,CSCO.US,Daily,Short,83.584,90.93841,76.61478,94.11031,8.34%,15.75%,12.59%,3.49%,118.06,New,19c335ef8cc8ad10,2026-02-14 19:00:00,2026-03-05 19:00:00,2026-02-05 19:00:00,30%,SKIPPED
2026-02-06 9:33:03,ADSK.US,4-hour,Long,237.88,211.38323,257.32739,199.44593,8.18%,21.74%,16.16%,5.65%,239.01,New,19c335ef8cc8ad10,2026-02-10 7:00:00,2026-02-20 7:00:00,2026-02-06 11:00:00,10%,SKIPPED
2026-02-06 9:33:03,CSX.US,Daily,Short,39.91,43.33158,36.81,44.86938,7.77%,15.05%,12.43%,3.55%,46.33,New,19c335ef8cc8ad10,2026-02-14 19:00:00,2026-03-05 19:00:00,2026-02-05 19:00:00,32%,SKIPPED
2026-02-06 9:33:03,UNP.US,4-hour,Short,251.41,269.66121,235.24478,277.64477,6.43%,12.76%,10.44%,2.96%,271.24,New,19c335ef8cc8ad10,2026-02-10 7:00:00,2026-02-20 7:00:00,2026-02-06 11:00:00,12%,SKIPPED
2026-02-06 9:33:03,ACN.US,1-hour,Long,232.46,229.13449,242.30739,220.85754,4.24%,5.75%,4.99%,3.61%,178.21,New,19c335ef8cc8ad10,2026-02-07 11:00:00,2026-02-09 9:00:00,2026-02-06 11:00:00,10%,SKIPPED
2026-02-06 9:54:33,BIIB.US,4-hour,Short,197.46479,203.87051,176.53,209.96649,10.60%,13.41%,6.33%,2.99%,194.36,New,19c3372a48317b04,2026-02-10 7:00:00,2026-02-20 7:00:00,2026-02-06 11:00:00,52%,SKIPPED
2026-02-06 9:54:33,BIIB.US,1-hour,Short,197.45,200.79563,182.0913,205.4724,7.78%,9.32%,4.06%,2.33%,194.36,New,19c3372a48317b04,2026-02-07 11:00:00,2026-02-09 9:00:00,2026-02-06 11:00:00,74%,SKIPPED
2026-02-06 10:01:53,ILMN.US,1-hour,Long,120.1,117.89887,135.97696,113.95585,13.22%,15.33%,5.12%,3.34%,145.37,New,19c33795dc73c8e5,2026-02-07 11:00:00,2026-02-09 9:00:00,2026-02-06 11:00:00,42%,SKIPPED
2026-02-06 10:01:53,FAST.US,1-hour,Short,48.18025,48.75391,46.9787,49.70999,2.49%,3.64%,3.18%,1.96%,44.15,New,19c33795dc73c8e5,2026-02-07 12:00:00,2026-02-09 10:00:00,2026-02-06 12:00:00,10%,SKIPPED
2026-02-06 10:09:08,VRSN.US,1-hour,Long,217.41,213.31288,244.47652,206.09585,12.45%,14.61%,5.20%,3.38%,308,New,19c338003c3ff93d,2026-02-07 12:00:00,2026-02-09 10:00:00,2026-02-06 12:00:00,83%,SKIPPED
2026-02-06 11:02:08,SWKS.US,1-hour,Short,62.06,67.37779,58.33087,69.77676,6.01%,13.43%,12.43%,3.56%,81.81,New,19c33b08bd4c8dbd,2026-02-07 13:00:00,2026-02-09 11:00:00,2026-02-06 13:00:00,15%,SKIPPED
2026-02-06 12:14:38,GILD.US,4-hour,Short,152.14,157.77487,140.12304,166.79067,7.90%,11.19%,9.63%,5.71%,135.26,New,19c33f2e44f88da4,2026-02-10 7:00:00,2026-02-20 7:00:00,2026-02-06 11:00:00,61%,SKIPPED
2026-02-06 13:02:33,IDXX.US,4-hour,Long,645.2,552.38682,668.00348,526.31414,3.53%,20.93%,18.43%,4.72%,555.4,New,19c341ec8ea51f6c,2026-02-09 19:00:00,2026-02-17 19:00:00,2026-02-06 15:00:00,5%,SKIPPED
2026-02-06 13:06:33,GILD.US,1-hour,Short,151.81879,158.83756,147.47174,161.55832,2.86%,7.16%,6.42%,1.71%,135.26,New,19c34226d4ddc022,2026-02-07 15:00:00,2026-02-09 13:00:00,2026-02-06 15:00:00,35%,SKIPPED
2026-02-06 13:13:28,CSX.US,4-hour,Short,40.41245,42.67574,38.04348,43.93833,5.86%,10.85%,8.72%,2.96%,46.33,New,19c3428c2113b5fe,2026-02-09 19:00:00,2026-02-17 19:00:00,2026-02-06 15:00:00,49%,SKIPPED
2026-02-06 14:59:58,ADBE.US,4-hour,Long,265.80397,235.87551,289.77261,223.16222,9.02%,22.85%,16.04%,5.39%,242.3,New,19c348a425784792,2026-02-09 19:00:00,2026-02-17 19:00:00,2026-02-06 15:00:00,27%,SKIPPED
2026-02-06 15:21:53,AMAT.US,1-hour,Short,323.44499,352.6465,306.99,363.89942,5.09%,12.95%,12.51%,3.19%,448.93,New,19c349e53988c88b,2026-02-07 17:00:00,2026-02-08 22:00:00,2026-02-06 17:00:00,5%,SKIPPED
2026-02-09 9:33:11,AMZN.US,4-hour,Long,205.65,185.44821,235.69217,174.49706,14.61%,27.09%,15.15%,5.91%,263.72,New,19c42d228e24892d,2026-02-15 7:00:00,2026-02-23 7:00:00,2026-02-09 11:00:00,22%,SKIPPED
2026-02-09 11:02:11,MRVL.US,1-hour,Short,81.13,91.84623,75.99,95.13841,6.34%,17.26%,17.27%,3.58%,201.81,New,19c4323a507ddb7d,2026-02-12 13:00:00,2026-02-14 11:00:00,2026-02-09 13:00:00,5%,SKIPPED
2026-02-09 11:07:21,ALGN.US,4-hour,Short,190.77703,207.45192,166.69957,216.14187,12.62%,19.64%,13.30%,4.19%,164.05,New,19c43285d55607f1,2026-02-15 7:00:00,2026-02-23 7:00:00,2026-02-09 11:00:00,40%,SKIPPED
2026-02-09 11:47:56,AVGO.US,1-hour,Short,347.91083,389.30644,319.44348,402.47059,8.18%,17.95%,15.68%,3.38%,423.21,New,19c434d84b902cc3,2026-02-12 13:00:00,2026-02-14 11:00:00,2026-02-09 13:00:00,10%,SKIPPED
2026-02-09 12:02:06,ORCL.US,1-hour,Short,157.67,168.55072,144.12348,174.85159,8.59%,14.49%,10.90%,3.74%,192.09,New,19c435a875c4b81f,2026-02-12 14:00:00,2026-02-14 12:00:00,2026-02-09 14:00:00,5%,SKIPPED
2026-02-09 12:07:36,ASML.US,1-hour,Short,1435.62,1577.35276,1373.87565,1614.92407,4.30%,12.90%,12.49%,2.38%,1608.97,New,19c435f889d28ec5,2026-02-12 14:00:00,2026-02-14 12:00:00,2026-02-09 14:00:00,5%,SKIPPED
2026-02-09 15:58:16,BKNG.US,1-hour,Long,4216.94987,3830.1464,4420.94174,3718.74762,4.84%,15.42%,11.81%,2.91%,164.23,New,19c4432b444a0f3d,2026-02-12 17:00:00,2026-02-13 22:00:00,2026-02-09 17:00:00,50%,SKIPPED
2026-02-10 9:33:33,ILMN.US,Daily,Long,117,88.50757,143.05609,77.8276,22.27%,61.63%,33.48%,12.07%,145.37,New,19c47f8dc08e0886,2026-02-20 19:00:00,2026-03-09 20:00:00,2026-02-09 19:00:00,10%,SKIPPED
2026-02-10 10:11:23,MSFT.US,1-hour,Short,423.47833,448.67028,404.4313,457.22279,4.50%,9.86%,7.97%,1.91%,415.18,New,19c481b7d9e91153,2026-02-11 12:00:00,2026-02-15 10:00:00,2026-02-10 12:00:00,5%,SKIPPED
2026-02-10 11:04:48,ALGN.US,1-hour,Short,194.34,198.27805,184.50739,205.1653,5.06%,6.95%,5.57%,3.47%,164.05,New,19c484c6a1acae8f,2026-02-11 13:00:00,2026-02-15 11:00:00,2026-02-10 13:00:00,39%,SKIPPED
2026-02-10 12:02:03,LULU.US,1-hour,Short,183.51,199.05001,174.35087,202.90514,4.99%,12.41%,10.57%,1.94%,127.25,New,19c4880d87ced72a,2026-02-11 14:00:00,2026-02-15 12:00:00,2026-02-10 14:00:00,10%,SKIPPED
2026-02-10 12:02:03,FTNT.US,1-hour,Short,86.66,96.79932,82.55478,99.74574,4.74%,14.72%,15.10%,3.04%,134.57,New,19c4880d87ced72a,2026-02-11 14:00:00,2026-02-15 12:00:00,2026-02-10 14:00:00,10%,SKIPPED
2026-02-10 12:17:23,TSLA.US,1-hour,Short,424.63647,467.61741,411.06522,477.36131,3.20%,12.09%,12.42%,2.08%,429.35,New,19c488ed81bd89aa,2026-02-11 14:00:00,2026-02-15 12:00:00,2026-02-10 14:00:00,5%,SKIPPED
2026-02-10 13:02:13,VRSN.US,4-hour,Long,218.6,184.1931,240.82522,171.72006,10.17%,30.75%,21.45%,6.77%,308,New,19c48b7e6bcae159,2026-02-15 19:00:00,2026-02-23 19:00:00,2026-02-10 15:00:00,14%,SKIPPED
2026-02-10 14:02:08,UNP.US,1-hour,Short,260.51,274.30633,253.4313,277.75451,2.72%,7.61%,6.62%,1.26%,271.24,New,19c48eebff0b12d6,2026-02-11 16:00:00,2026-02-14 21:00:00,2026-02-10 16:00:00,35%,SKIPPED
2026-02-10 14:02:08,KLAC.US,1-hour,Short,1435.26,1451.43338,1415.53304,1488.93677,1.37%,2.47%,3.74%,2.58%,1977.22,New,19c48eebff0b12d6,2026-02-11 16:00:00,2026-02-14 21:00:00,2026-02-10 16:00:00,5%,SKIPPED
2026-02-10 14:02:08,XOM.US,1-hour,Short,151.1884,152.28441,149.17957,154.1111,1.33%,2.04%,1.93%,1.20%,151.66,New,19c48eebff0b12d6,2026-02-11 16:00:00,2026-02-14 21:00:00,2026-02-10 16:00:00,20%,SKIPPED
2026-02-10 15:02:03,NXPI.US,1-hour,Short,237.91442,271.2741,227.35348,277.62774,4.44%,16.19%,16.69%,2.34%,327.75,New,19c49259b91c7f61,2026-02-11 17:00:00,2026-02-14 22:00:00,2026-02-10 17:00:00,5%,SKIPPED
2026-02-10 15:02:03,MRK.US,1-hour,Long,117.32,102.08506,119.06826,99.98277,1.49%,16.64%,14.78%,2.06%,120.9,New,19c49259b91c7f61,2026-02-11 17:00:00,2026-02-14 22:00:00,2026-02-10 17:00:00,5%,SKIPPED
2026-02-10 15:52:23,TMO.US,Daily,Long,538.04,450.26054,600.43696,418.91849,11.60%,33.35%,22.14%,6.96%,447.3,New,19c4953b13a3c513,2026-02-20 19:00:00,2026-03-09 20:00:00,2026-02-09 19:00:00,10%,SKIPPED
2026-02-11 9:33:03,UNP.US,Daily,Short,260.68,286.29481,235.5013,297.64676,9.66%,17.74%,14.18%,3.97%,271.24,New,19c4d1ec30cddc1f,2026-02-19 19:00:00,2026-03-10 20:00:00,2026-02-10 19:00:00,30%,SKIPPED
2026-02-11 10:02:03,PANW.US,1-hour,Short,164.59,166.23871,161.84913,170.72006,1.67%,2.64%,3.72%,2.70%,258.35,New,19c4d3950a210eb4,2026-02-12 12:00:00,2026-02-16 10:00:00,2026-02-11 12:00:00,5%,SKIPPED
2026-02-11 10:49:13,ACN.US,Daily,Long,230.118,177.80576,267.50783,158.34082,16.25%,50.45%,31.19%,10.95%,178.21,New,19c4d647dd2d66e4,2026-02-19 19:00:00,2026-03-10 20:00:00,2026-02-10 19:00:00,10%,SKIPPED
2026-02-11 13:02:28,LOW.US,1-hour,Short,286.10805,305.38961,280.42,309.17906,1.99%,8.18%,8.06%,1.24%,212.06,New,19c4dde87afa2273,2026-02-12 15:00:00,2026-02-16 13:00:00,2026-02-11 15:00:00,35%,SKIPPED
2026-02-11 14:38:23,ADI.US,1-hour,Short,336.01482,363.21917,325.11565,368.52061,3.24%,10.49%,9.67%,1.46%,415.08,New,19c4e364a06b0c41,2026-02-12 16:00:00,2026-02-13 21:00:00,2026-02-11 16:00:00,39%,SKIPPED
2026-02-11 15:02:03,DOCU.US,1-hour,Long,44.5,35.94516,46.73783,34.54592,5.03%,30.03%,22.37%,3.89%,49.66,New,19c4e4bfbc5ffe65,2026-02-12 17:00:00,2026-02-13 22:00:00,2026-02-11 17:00:00,30%,SKIPPED
2026-02-11 15:02:03,MCHP.US,1-hour,Short,80.49,93.61582,76.99522,95.81038,4.34%,17.75%,19.03%,2.34%,97.33,New,19c4e4bfbc5ffe65,2026-02-12 17:00:00,2026-02-13 22:00:00,2026-02-11 17:00:00,5%,SKIPPED
2026-02-12 9:33:04,AMZN.US,Daily,Long,202.67,166.54182,233.09,152.61565,15.01%,39.96%,24.70%,8.36%,263.72,New,19c5245252231ddf,2026-02-20 19:00:00,2026-03-11 20:00:00,2026-02-11 19:00:00,5%,SKIPPED
2026-02-12 9:33:04,ADSK.US,1-hour,Long,232.89,206.01319,238.98087,201.25724,2.62%,16.00%,13.58%,2.31%,239.01,New,19c5245252231ddf,2026-02-13 11:00:00,2026-02-15 9:00:00,2026-02-12 11:00:00,20%,SKIPPED
2026-02-12 9:36:34,CSCO.US,4-hour,Long,78.81148,76.94126,82.1887,73.82423,4.29%,6.82%,6.33%,4.05%,118.06,New,19c524857680c43f,2026-02-18 7:00:00,2026-02-26 7:00:00,2026-02-12 11:00:00,5%,SKIPPED
2026-02-12 9:38:44,TMO.US,1-hour,Long,515.24,491.56782,538.18348,482.23652,4.45%,9.48%,6.41%,1.90%,447.3,New,19c524a53b2bec33,2026-02-13 11:00:00,2026-02-15 9:00:00,2026-02-12 11:00:00,35%,SKIPPED
2026-02-12 9:46:09,CSCO.US,1-hour,Long,78.44786,77.38279,86.41783,75.60766,10.16%,11.68%,3.62%,2.29%,118.06,New,19c52511ecfc94cc,2026-02-13 11:00:00,2026-02-15 9:00:00,2026-02-12 11:00:00,12%,SKIPPED
2026-02-12 10:03:44,ADBE.US,Daily,Long,256.9,237.07732,291.99609,205.36102,13.66%,23.16%,20.06%,13.38%,242.3,New,19c52613d87c8525,2026-02-20 19:00:00,2026-03-11 20:00:00,2026-02-11 19:00:00,37%,SKIPPED
2026-02-12 10:27:14,CPRT.US,1-hour,Long,38.18105,36.4407,40.16217,35.90185,5.19%,10.21%,5.97%,1.48%,33.07,New,19c5276b44c75ffe,2026-02-13 12:00:00,2026-02-15 10:00:00,2026-02-12 12:00:00,15%,SKIPPED
2026-02-12 10:46:09,ACN.US,1-hour,Long,220.8753,203.56474,235.27696,198.03001,6.52%,15.58%,10.34%,2.72%,178.21,New,19c528809d8d40d9,2026-02-13 12:00:00,2026-02-15 10:00:00,2026-02-12 12:00:00,54%,SKIPPED
2026-02-12 10:54:44,ADBE.US,1-hour,Long,253.89117,238.30758,263.74957,233.3522,3.88%,10.68%,8.09%,2.08%,242.3,New,19c528fe13b2ad84,2026-02-13 12:00:00,2026-02-15 10:00:00,2026-02-12 12:00:00,50%,SKIPPED
2026-02-12 10:56:54,UBER.US,1-hour,Long,70.19696,60.30145,73.30739,58.89002,4.43%,21.57%,16.11%,2.34%,70.58,New,19c5291ddfef0624,2026-02-13 12:00:00,2026-02-15 10:00:00,2026-02-12 12:00:00,50%,SKIPPED
2026-02-12 12:02:04,LIN.US,1-hour,Short,473.52,479.98832,462.51652,490.33764,2.32%,3.64%,3.55%,2.16%,514.92,New,19c52cd933dcbb36,2026-02-13 14:00:00,2026-02-15 12:00:00,2026-02-12 14:00:00,5%,SKIPPED
2026-02-12 12:02:04,PG.US,1-hour,Short,162.57,170.32459,159.17435,172.13798,2.09%,6.55%,5.89%,1.06%,143.82,New,19c52cd933dcbb36,2026-02-13 14:00:00,2026-02-15 12:00:00,2026-02-12 14:00:00,35%,SKIPPED
2026-02-12 12:52:59,AAPL.US,1-hour,Long,262.57409,247.95292,274.21391,244.02686,4.43%,10.59%,7.06%,1.58%,310.38,New,19c52fc243099a11,2026-02-13 14:00:00,2026-02-15 12:00:00,2026-02-12 14:00:00,12%,SKIPPED
2026-02-12 13:02:04,AMZN.US,1-hour,Long,199.4,168.39813,206.16478,164.33226,3.39%,22.43%,17.59%,2.41%,263.72,New,19c53047c608ee77,2026-02-13 15:00:00,2026-02-15 13:00:00,2026-02-12 15:00:00,25%,SKIPPED
2026-02-12 13:02:04,NAS100,1-hour,Long,24742.4,24277.48115,25177.46522,24109.41619,1.76%,3.71%,2.56%,0.69%,#N/A,New,19c53047c608ee77,2026-02-12 22:00:00,2026-02-13 10:00:00,2026-02-12 15:00:00,12%,SKIPPED
2026-02-12 14:02:09,DXCM.US,1-hour,Long,65.66829,60.89532,68.14739,59.56883,3.78%,11.91%,9.29%,2.18%,72.64,New,19c533b7c334804a,2026-02-13 16:00:00,2026-02-14 21:00:00,2026-02-12 16:00:00,10%,SKIPPED
2026-02-12 15:04:24,JNJ.US,1-hour,Short,245.69169,252.56982,240.62217,255.01212,2.06%,4.73%,3.79%,0.97%,231.19,New,19c53747a282e974,2026-02-13 17:00:00,2026-02-14 22:00:00,2026-02-12 17:00:00,50%,SKIPPED
2026-02-13 9:33:07,DOCU.US,4-hour,Long,43.8,43.25427,48.14783,39.55024,9.93%,11.31%,9.70%,8.56%,49.66,New,19c576b850b2ea2d,2026-02-17 7:00:00,2026-02-27 7:00:00,2026-02-13 11:00:00,32%,SKIPPED
2026-02-13 10:40:32,UBER.US,4-hour,Long,69.64881,63.40339,76.08261,59.60579,9.24%,20.00%,14.42%,5.99%,70.58,New,19c57a93d52fd093,2026-02-17 7:00:00,2026-02-27 7:00:00,2026-02-13 11:00:00,20%,SKIPPED
2026-02-13 10:46:47,UBER.US,Daily,Long,69.21732,56.00853,79.6613,50.98276,15.09%,42.23%,26.34%,8.97%,70.58,New,19c57aef497fe4cf,2026-02-21 19:00:00,2026-03-12 20:00:00,2026-02-12 19:00:00,20%,SKIPPED
2026-02-13 11:02:07,XOM.US,1-hour,Long,148.73,146.576,152.60348,144.13441,2.60%,4.11%,3.09%,1.67%,151.66,New,19c57bd03f344cb1,2026-02-14 13:00:00,2026-02-16 11:00:00,2026-02-13 13:00:00,5%,SKIPPED
2026-02-13 11:02:07,MSFT.US,1-hour,Long,399.73521,395.31843,407.66348,387.95712,1.98%,3.12%,2.95%,1.86%,415.18,New,19c57bd03f344cb1,2026-02-14 13:00:00,2026-02-16 11:00:00,2026-02-13 13:00:00,5%,SKIPPED
2026-02-13 12:02:08,ABBV.US,1-hour,Short,234.18,244.5111,224.7787,248.81534,4.01%,8.07%,6.25%,1.76%,213.94,New,19c57f3fce8d0eac,2026-02-14 14:00:00,2026-02-16 12:00:00,2026-02-13 14:00:00,15%,SKIPPED
2026-02-13 13:02:12,ACN.US,4-hour,Long,224.09,218.64357,242.0313,204.40118,8.01%,10.70%,8.79%,6.51%,178.21,New,19c582af39ba07e0,2026-02-16 19:00:00,2026-02-24 19:00:00,2026-02-13 15:00:00,30%,SKIPPED
2026-02-13 13:22:42,ALGN.US,1-hour,Long,187.67,169.18044,191.93348,163.91094,2.27%,13.45%,12.66%,3.11%,164.05,New,19c583db45d1c1a3,2026-02-14 15:00:00,2026-02-16 13:00:00,2026-02-13 15:00:00,5%,SKIPPED
2026-02-13 14:02:07,SBUX.US,1-hour,Long,94.49,90.11883,97.62783,88.26987,3.32%,8.33%,6.58%,2.05%,101.63,New,19c5861ccd290d29,2026-02-14 16:00:00,2026-02-15 21:00:00,2026-02-13 16:00:00,5%,SKIPPED
2026-02-17 9:33:16,COP.US,Daily,Short,111.72,129.17437,102.78522,134.42742,8.00%,20.43%,20.33%,4.07%,118.45,New,19c6c051eb951a10,2026-02-28 19:00:00,2026-03-16 20:00:00,2026-02-16 19:00:00,15%,SKIPPED
2026-02-17 15:02:01,DHR.US,1-hour,Long,204.96,192.42342,211.93696,187.59025,3.40%,10.14%,8.47%,2.51%,172,New,19c6d321a47ed7a9,2026-02-21 17:00:00,2026-02-22 22:00:00,2026-02-17 17:00:00,20%,SKIPPED
2026-02-17 15:02:01,MDT.US,1-hour,Long,96.8,90.32102,99.76217,88.33685,3.06%,10.45%,8.74%,2.20%,77.69,New,19c6d321a47ed7a9,2026-02-21 17:00:00,2026-02-22 22:00:00,2026-02-17 17:00:00,5%,SKIPPED
2026-02-18 10:00:31,AAPL.US,1-hour,Short,264.56841,267.71324,263.07609,272.95462,0.56%,1.73%,3.17%,1.96%,310.38,New,19c71446d2d23172,2026-02-19 11:00:00,2026-02-24 9:00:00,2026-02-18 11:00:00,5%,SKIPPED
2026-02-18 12:16:06,DXCM.US,1-hour,Short,72.74084,76.55022,69.55957,78.95288,4.37%,9.13%,8.54%,3.14%,72.64,New,19c71c08ae8ae1e5,2026-02-19 14:00:00,2026-02-24 12:00:00,2026-02-18 14:00:00,5%,SKIPPED
2026-02-18 14:02:06,FTNT.US,1-hour,Long,80.93,73.71779,83.08565,71.7636,2.66%,12.71%,11.33%,2.65%,134.57,New,19c722197c3c8f9e,2026-02-19 16:00:00,2026-02-23 21:00:00,2026-02-18 16:00:00,5%,SKIPPED
2026-02-18 14:02:06,ORLY.US,1-hour,Long,92.8,86.18421,94.83652,84.58964,2.19%,10.04%,8.85%,1.85%,88.09,New,19c722197c3c8f9e,2026-02-19 16:00:00,2026-02-23 21:00:00,2026-02-18 16:00:00,5%,SKIPPED
2026-02-18 14:05:01,PANW.US,1-hour,Long,152.25017,134.53058,161.5,128.88237,6.08%,20.05%,15.35%,4.20%,258.35,New,19c7224400d5ec94,2026-02-19 16:00:00,2026-02-23 21:00:00,2026-02-18 16:00:00,5%,SKIPPED
2026-02-19 9:33:16,BIIB.US,Daily,Short,192.9,233.20092,181.40783,243.99936,5.96%,22.21%,26.49%,4.63%,194.36,New,19c7651d27b8eab8,2026-02-28 19:00:00,2026-03-18 20:00:00,2026-02-18 19:00:00,10%,SKIPPED
2026-02-19 13:02:06,XOM.US,1-hour,Short,151.33,157.56261,148.74478,159.77763,1.71%,5.60%,5.58%,1.41%,151.66,New,19c771103133ae81,2026-02-20 15:00:00,2026-02-25 13:00:00,2026-02-19 15:00:00,5%,SKIPPED
2026-02-19 14:02:11,ABBV.US,1-hour,Long,223.9,211.8489,229.18957,208.28443,2.36%,8.19%,6.97%,1.68%,213.94,New,19c774805c6e5e7b,2026-02-20 16:00:00,2026-02-21 21:00:00,2026-02-19 16:00:00,5%,SKIPPED
2026-02-20 9:33:06,AMAT.US,4-hour,Short,370.55,440.0839,335.32217,464.13197,9.51%,23.80%,25.25%,5.46%,448.93,New,19c7b78061439dd4,2026-02-27 7:00:00,2026-03-07 7:00:00,2026-02-20 11:00:00,15%,SKIPPED
2026-02-20 9:33:06,VRSN.US,Daily,Long,216.18,165.68069,236.23522,150.69824,9.28%,42.58%,30.29%,9.04%,308,New,19c7b78061439dd4,2026-03-01 19:00:00,2026-03-19 20:00:00,2026-02-19 19:00:00,10%,SKIPPED
2026-02-20 9:33:06,MRK.US,Daily,Short,121.76357,138.29455,114.57522,143.89182,5.90%,17.15%,18.17%,4.05%,120.9,New,19c7b78061439dd4,2026-03-01 19:00:00,2026-03-19 20:00:00,2026-02-19 19:00:00,10%,SKIPPED
2026-02-20 11:02:06,UBER.US,1-hour,Short,74.57,75.94511,72.17522,78.14529,3.21%,4.96%,4.79%,2.90%,70.58,New,19c7bc98d44c7141,2026-02-21 13:00:00,2026-02-23 11:00:00,2026-02-20 13:00:00,5%,SKIPPED
2026-02-20 12:02:06,NXPI.US,1-hour,Long,232.25,205.80494,237.45826,200.22183,2.24%,15.38%,13.79%,2.71%,327.75,New,19c7c0074686f85d,2026-02-21 14:00:00,2026-02-23 12:00:00,2026-02-20 14:00:00,5%,SKIPPED
2026-02-20 15:02:06,GOOGL.US,1-hour,Short,315.32,330.90379,306.08522,336.16123,2.93%,7.50%,6.61%,1.59%,386.56,New,19c7ca54a19d9d99,2026-02-21 17:00:00,2026-02-22 22:00:00,2026-02-20 17:00:00,5%,SKIPPED
2026-02-20 15:02:06,GOOG.US,1-hour,Short,315.48,331.01517,306.55609,336.12069,2.83%,7.39%,6.54%,1.54%,382.55,New,19c7ca54a19d9d99,2026-02-21 17:00:00,2026-02-22 22:00:00,2026-02-20 17:00:00,5%,SKIPPED
2026-02-23 9:33:14,OKTA.US,1-hour,Long,72.15,67.14802,81.43217,64.05502,12.87%,21.27%,11.22%,4.61%,96.05,New,19c8aeb3ca76d91b,2026-02-26 11:00:00,2026-02-28 9:00:00,2026-02-23 11:00:00,66%,SKIPPED
2026-02-23 9:33:14,ORCL.US,1-hour,Long,143.02,132.0383,154.4213,128.03335,7.97%,16.95%,10.48%,3.03%,192.09,New,19c8aeb3ca76d91b,2026-02-26 11:00:00,2026-02-28 9:00:00,2026-02-23 11:00:00,12%,SKIPPED
2026-02-23 9:46:49,CRWD.US,1-hour,Long,364.75,347.48867,415.67739,333.43305,13.96%,19.62%,8.59%,4.04%,673.96,New,19c8af7b063a125c,2026-02-26 11:00:00,2026-02-28 9:00:00,2026-02-23 11:00:00,54%,SKIPPED
2026-02-23 9:54:04,BKNG.US,1-hour,Long,3820,3437.89577,4079.47826,3301.99338,6.79%,18.66%,13.56%,3.95%,164.23,New,19c8afe4ca94bc51,2026-02-26 11:00:00,2026-02-28 9:00:00,2026-02-23 11:00:00,50%,SKIPPED
2026-02-23 11:02:34,PG.US,1-hour,Short,164.10189,172.15331,158.84783,174.21863,3.20%,7.73%,6.16%,1.20%,143.82,New,19c8b3d06ae0d0d4,2026-02-26 13:00:00,2026-02-28 11:00:00,2026-02-23 13:00:00,45%,SKIPPED
2026-02-23 11:13:39,LIN.US,4-hour,Short,497.02,527.28766,472.6487,542.04771,4.90%,10.36%,9.06%,2.80%,514.92,New,19c8b472bd5257ef,2026-03-01 7:00:00,2026-03-12 8:00:00,2026-02-23 11:00:00,35%,SKIPPED
2026-02-23 11:13:39,XOM.US,Daily,Short,150.05,152.84323,143.51348,159.91572,4.36%,6.10%,6.57%,4.63%,151.66,New,19c8b472bd5257ef,2026-03-06 19:00:00,2026-03-22 20:00:00,2026-02-22 19:00:00,19%,SKIPPED
2026-02-23 11:13:39,TMO.US,4-hour,Long,508,500.84562,524.25696,481.58836,3.20%,4.67%,5.20%,3.84%,447.3,New,19c8b472bd5257ef,2026-03-01 7:00:00,2026-03-12 8:00:00,2026-02-23 11:00:00,5%,SKIPPED
2026-02-23 12:02:04,NOW.US,1-hour,Long,99.48,89.83419,105.65609,87.04351,6.21%,17.61%,12.50%,3.11%,101.73,New,19c8b7380bb18ce6,2026-02-26 14:00:00,2026-02-28 12:00:00,2026-02-23 14:00:00,5%,SKIPPED
2026-02-23 12:02:04,ANET.US,1-hour,Long,128.5,110.50987,136.11826,106.45331,5.93%,23.17%,17.16%,3.67%,159.34,New,19c8b7380bb18ce6,2026-02-26 14:00:00,2026-02-28 12:00:00,2026-02-23 14:00:00,5%,SKIPPED
2026-02-23 12:02:04,FTNT.US,1-hour,Long,76.16,71.28674,80.60304,69.36602,5.83%,13.07%,8.92%,2.69%,134.57,New,19c8b7380bb18ce6,2026-02-26 14:00:00,2026-02-28 12:00:00,2026-02-23 14:00:00,10%,SKIPPED
2026-02-23 12:16:04,ACN.US,1-hour,Long,207.35316,185.98736,215.40043,180.79735,3.88%,15.81%,12.81%,2.79%,178.21,New,19c8b80508312508,2026-02-26 14:00:00,2026-02-28 12:00:00,2026-02-23 14:00:00,45%,SKIPPED
2026-02-23 13:02:07,DOCU.US,1-hour,Long,41.12,36.09893,43.82174,34.60681,6.57%,21.39%,15.84%,4.13%,49.66,New,19c8baa7b4c55824,2026-02-26 15:00:00,2026-02-28 13:00:00,2026-02-23 15:00:00,30%,SKIPPED
2026-02-23 13:02:07,CRM.US,1-hour,Long,175.25,161.80578,184.42913,157.39724,5.24%,13.98%,10.19%,2.72%,181.53,New,19c8baa7b4c55824,2026-02-26 15:00:00,2026-02-28 13:00:00,2026-02-23 15:00:00,30%,SKIPPED
2026-02-23 13:02:07,ADBE.US,1-hour,Long,245.25,227.48806,256.69304,221.96756,4.67%,12.84%,9.49%,2.43%,242.3,New,19c8baa7b4c55824,2026-02-26 15:00:00,2026-02-28 13:00:00,2026-02-23 15:00:00,40%,SKIPPED
2026-02-23 14:02:07,MSFT.US,1-hour,Long,386.3,367.01601,396.15391,361.58553,2.55%,7.94%,6.40%,1.48%,415.18,New,19c8be166bf14f1f,2026-02-26 16:00:00,2026-02-27 21:00:00,2026-02-23 16:00:00,30%,SKIPPED
2026-02-23 15:02:07,ADSK.US,1-hour,Long,217.39,194.09121,225.46217,189.34012,3.71%,16.16%,12.90%,2.45%,239.01,New,19c8c1856ffe31f7,2026-02-26 17:00:00,2026-02-27 22:00:00,2026-02-23 17:00:00,5%,SKIPPED
2026-02-24 9:33:03,OKTA.US,4-hour,Long,69.13,55.4639,83.19522,49.58117,20.35%,50.00%,28.28%,10.61%,96.05,New,19c901170599716b,2026-03-02 7:00:00,2026-03-11 8:00:00,2026-02-24 11:00:00,41%,SKIPPED
2026-02-24 9:33:03,CPRT.US,4-hour,Long,35.51,32.0178,38.1913,30.26857,7.55%,19.28%,14.76%,5.46%,33.07,New,19c901170599716b,2026-03-02 7:00:00,2026-03-11 8:00:00,2026-02-24 11:00:00,20%,SKIPPED
2026-02-24 12:45:43,PANW.US,1-hour,Long,140.03658,120.70024,148.9813,115.96923,6.39%,23.43%,17.19%,3.92%,258.35,New,19c90c1d49a0619d,2026-02-25 14:00:00,2026-03-01 12:00:00,2026-02-24 14:00:00,50%,SKIPPED
2026-02-24 13:02:03,AMD.US,1-hour,Short,216.03,236.56429,201.58522,242.89219,6.69%,14.79%,12.43%,2.67%,488.34,New,19c90d0c847cf676,2026-02-25 15:00:00,2026-03-01 13:00:00,2026-02-24 15:00:00,10%,SKIPPED
2026-02-24 13:08:08,UBER.US,1-hour,Long,71.29,65.7326,72.28174,64.27522,1.39%,9.96%,9.84%,2.22%,70.58,New,19c90d65abfca1e4,2026-02-25 15:00:00,2026-03-01 13:00:00,2026-02-24 15:00:00,5%,SKIPPED
2026-02-24 14:02:03,AAPL.US,1-hour,Short,271.92,285.92147,266.01913,290.25802,2.17%,6.96%,6.74%,1.52%,310.38,New,19c9107baab323e6,2026-02-25 16:00:00,2026-02-28 21:00:00,2026-02-24 16:00:00,5%,SKIPPED
2026-02-25 11:03:07,NOW.US,Daily,Long,103.6,98.70155,112.30565,87.4108,8.40%,13.78%,15.63%,11.44%,101.73,New,19c958a5f0e13c03,2026-03-08 20:00:00,2026-03-24 20:00:00,2026-02-24 19:00:00,5%,SKIPPED
2026-02-25 13:02:02,CRWD.US,4-hour,Long,359.46,253.25956,399.9287,225.62913,11.26%,57.91%,37.23%,10.91%,673.96,New,19c95f729ab1d753,2026-03-02 19:00:00,2026-03-11 20:00:00,2026-02-25 15:00:00,10%,SKIPPED
2026-02-25 13:02:02,LOW.US,1-hour,Long,262.65,248.344,275.13304,242.57424,4.75%,10.79%,7.64%,2.32%,212.06,New,19c95f729ab1d753,2026-02-26 15:00:00,2026-03-02 13:00:00,2026-02-25 15:00:00,15%,SKIPPED
2026-02-25 13:02:02,AMAT.US,1-hour,Short,394.86,420.93194,377.2487,429.00081,4.46%,10.38%,8.65%,1.92%,448.93,New,19c95f729ab1d753,2026-02-26 15:00:00,2026-03-02 13:00:00,2026-02-25 15:00:00,40%,SKIPPED
2026-02-25 13:02:02,IDXX.US,1-hour,Short,660.38,701.16375,637.27261,714.97884,3.50%,9.11%,8.27%,1.97%,555.4,New,19c95f729ab1d753,2026-02-26 15:00:00,2026-03-02 13:00:00,2026-02-25 15:00:00,5%,SKIPPED
2026-02-25 13:02:02,NAS100,1-hour,Short,25302,25732.74674,25061.94348,25846.04447,0.95%,2.61%,2.15%,0.44%,#N/A,New,19c95f729ab1d753,2026-02-25 22:00:00,2026-02-26 10:00:00,2026-02-25 15:00:00,12%,SKIPPED
2026-02-25 14:02:02,BKNG.US,1-hour,Short,4155.56,4715.00061,3993.37174,4839.34383,3.90%,15.30%,16.45%,2.64%,164.23,New,19c962e157940fcb,2026-02-26 16:00:00,2026-02-27 21:00:00,2026-02-25 16:00:00,5%,SKIPPED
2026-02-25 15:02:02,CRM.US,1-hour,Short,191.89,206.19947,183.79957,211.82815,4.22%,10.86%,10.39%,2.73%,181.53,New,19c9665056e2a338,2026-02-26 17:00:00,2026-02-27 22:00:00,2026-02-25 17:00:00,5%,SKIPPED
2026-02-25 15:48:02,LIN.US,Daily,Short,508.13755,530.57138,467.74217,548.89926,7.95%,11.84%,8.02%,3.45%,514.92,New,19c968f20ada4d6a,2026-03-08 20:00:00,2026-03-24 20:00:00,2026-02-24 19:00:00,40%,SKIPPED
2026-02-26 9:33:04,MSFT.US,1-hour,Short,404.04,410.39697,391.08957,416.72746,3.21%,4.70%,3.14%,1.54%,415.18,New,19c9a5e2b26e115d,2026-02-27 11:00:00,2026-03-01 9:00:00,2026-02-26 11:00:00,5%,SKIPPED
2026-02-26 10:06:09,ACN.US,1-hour,Short,203.79251,207.74052,199.65435,214.32054,2.03%,3.89%,5.17%,3.17%,178.21,New,19c9a7c76d6d3e1b,2026-02-27 12:00:00,2026-03-01 10:00:00,2026-02-26 12:00:00,5%,SKIPPED
2026-02-26 12:02:04,ORLY.US,1-hour,Long,91.02,84.28848,93.23522,82.73344,2.43%,10.61%,9.10%,1.84%,88.09,New,19c9ae69655dc7c7,2026-02-27 14:00:00,2026-03-01 12:00:00,2026-02-26 14:00:00,5%,SKIPPED
2026-02-26 13:02:04,BIIB.US,1-hour,Long,186.19,174.58654,192.88261,171.18907,3.59%,10.48%,8.06%,1.95%,194.36,New,19c9b1d84a8317d6,2026-02-27 15:00:00,2026-03-01 13:00:00,2026-02-26 15:00:00,10%,SKIPPED
2026-02-26 13:02:04,MRK.US,1-hour,Long,119.26,113.33672,122.84174,111.66202,3.00%,8.39%,6.37%,1.48%,120.9,New,19c9b1d84a8317d6,2026-02-27 15:00:00,2026-03-01 13:00:00,2026-02-26 15:00:00,5%,SKIPPED
2026-02-26 13:02:04,NAS100,1-hour,Long,24886.3,24681.73942,25242.38696,24532.0764,1.43%,2.27%,1.42%,0.61%,#N/A,New,19c9b1d84a8317d6,2026-02-26 22:00:00,2026-02-27 10:00:00,2026-02-26 15:00:00,5%,SKIPPED
2026-02-26 14:02:04,CRWD.US,1-hour,Short,376.28,415.6723,359.05913,427.51595,4.58%,13.62%,13.62%,2.85%,673.96,New,19c9b54733128a4d,2026-02-27 16:00:00,2026-02-28 21:00:00,2026-02-26 16:00:00,5%,SKIPPED
2026-02-26 14:02:04,NVDA.US,1-hour,Long,185.19,170.05048,192.13913,166.20592,3.75%,12.99%,10.25%,2.26%,213.56,New,19c9b54733128a4d,2026-02-27 16:00:00,2026-02-28 21:00:00,2026-02-26 16:00:00,5%,SKIPPED
2026-02-26 15:02:04,AMD.US,1-hour,Long,203.39,202.46486,207.90043,196.0582,2.22%,2.68%,3.60%,3.16%,488.34,New,19c9b8b63d16acb6,2026-02-27 17:00:00,2026-02-28 22:00:00,2026-02-26 17:00:00,5%,SKIPPED
2026-02-26 15:05:39,VRSN.US,1-hour,Short,225.10571,234.03343,214.82565,238.19012,4.57%,8.21%,5.81%,1.78%,308,New,19c9b8eaba9f7684,2026-02-27 17:00:00,2026-02-28 22:00:00,2026-02-26 17:00:00,12%,SKIPPED
2026-02-27 9:33:07,CPRT.US,1-hour,Short,36.96,42.15725,35.8687,42.84748,2.95%,14.92%,15.93%,1.64%,33.07,New,19c9f8499bd238b2,2026-02-28 11:00:00,2026-03-02 9:00:00,2026-02-27 11:00:00,5%,SKIPPED
2026-02-27 9:47:52,ADSK.US,1-hour,Short,241.35719,248.9524,224.63087,254.65519,6.93%,9.77%,5.51%,2.29%,239.01,New,19c9f92161471f26,2026-02-28 11:00:00,2026-03-02 9:00:00,2026-02-27 11:00:00,12%,SKIPPED
2026-02-27 14:02:02,ILMN.US,1-hour,Short,133.25317,144.30968,125.12913,148.52357,6.10%,13.29%,11.46%,2.92%,145.37,New,19ca07ac82eec85a,2026-02-28 16:00:00,2026-03-01 21:00:00,2026-02-27 16:00:00,15%,SKIPPED
2026-03-06 12:51:18,MCHP.US,1-hour,Long,65.62,62.37675,69.67174,60.23371,6.17%,11.70%,8.21%,3.44%,97.33,New,19cc4468745c6a8f,2026-03-07 14:00:00,2026-03-09 13:00:00,2026-03-06 14:00:00,12%,SKIPPED
2026-03-06 12:51:18,LOW.US,4-hour,Long,251.61,230.37216,266.72652,220.75615,6.01%,15.78%,12.26%,4.17%,212.06,New,19cc4468745c6a8f,2026-03-10 8:00:00,2026-03-20 8:00:00,2026-03-06 11:00:00,5%,SKIPPED
2026-03-06 12:51:18,OKTA.US,1-hour,Short,80.22,89.83177,75.51478,93.41858,5.87%,15.94%,16.45%,3.99%,96.05,New,19cc4468745c6a8f,2026-03-07 14:00:00,2026-03-09 13:00:00,2026-03-06 14:00:00,5%,SKIPPED
2026-03-06 12:51:18,SYK.US,1-hour,Long,362.37,349.57939,376.16565,341.7948,3.81%,7.61%,5.68%,2.23%,311.44,New,19cc4468745c6a8f,2026-03-07 14:00:00,2026-03-09 13:00:00,2026-03-06 14:00:00,5%,SKIPPED
2026-03-06 12:51:18,ABT.US,1-hour,Long,108.37,104.91236,112.11217,103.16211,3.45%,6.86%,4.81%,1.67%,86.63,New,19cc4468745c6a8f,2026-03-07 14:00:00,2026-03-09 13:00:00,2026-03-06 14:00:00,15%,SKIPPED
2026-03-06 13:02:03,NXPI.US,4-hour,Long,203.11011,167.25486,224.48304,157.4908,10.52%,34.22%,22.46%,5.84%,327.75,New,19cc4507c6711c38,2026-03-09 20:00:00,2026-03-17 20:00:00,2026-03-06 15:00:00,20%,SKIPPED
2026-03-06 13:02:03,TXN.US,4-hour,Long,193.74,174.63381,209.94261,166.53649,8.36%,20.22%,14.04%,4.64%,322.31,New,19cc4507c6711c38,2026-03-09 20:00:00,2026-03-17 20:00:00,2026-03-06 15:00:00,10%,SKIPPED
2026-03-06 13:02:03,DXCM.US,1-hour,Long,67.81,62.82171,71.52696,60.95308,5.48%,13.86%,10.11%,2.97%,72.64,New,19cc4507c6711c38,2026-03-07 15:00:00,2026-03-09 14:00:00,2026-03-06 15:00:00,5%,SKIPPED
2026-03-06 13:02:03,PG.US,4-hour,Long,153.04,136.24864,161.29565,132.07885,5.39%,18.38%,13.70%,3.06%,143.82,New,19cc4507c6711c38,2026-03-09 20:00:00,2026-03-17 20:00:00,2026-03-06 15:00:00,5%,SKIPPED
2026-03-06 14:02:18,ALGN.US,1-hour,Long,170.69,153.91981,177.7587,148.93245,4.14%,15.49%,12.75%,3.24%,164.05,New,19cc4878769fd7e9,2026-03-07 16:00:00,2026-03-08 22:00:00,2026-03-06 16:00:00,5%,SKIPPED
2026-03-06 14:02:18,TXN.US,1-hour,Long,192.97477,181.30714,199.62652,177.15558,3.45%,10.10%,8.20%,2.29%,322.31,New,19cc4878769fd7e9,2026-03-07 16:00:00,2026-03-08 22:00:00,2026-03-06 16:00:00,10%,SKIPPED
2026-03-06 14:08:28,CRWD.US,1-hour,Short,427.47,435.91904,411.05174,450.92231,3.84%,5.70%,5.49%,3.44%,673.96,New,19cc48d2a9473f30,2026-03-07 16:00:00,2026-03-08 22:00:00,2026-03-06 16:00:00,5%,SKIPPED
2026-03-06 15:02:03,ODFL.US,1-hour,Long,195.85,170.66976,207.55565,162.43329,5.98%,21.61%,17.06%,4.83%,214.99,New,19cc4be3ac5237eb,2026-03-07 17:00:00,2026-03-08 23:00:00,2026-03-06 17:00:00,5%,SKIPPED
2026-03-06 15:02:03,LRCX.US,1-hour,Long,204.31,181.83234,215.36304,175.01436,5.41%,18.44%,14.34%,3.75%,315.08,New,19cc4be3ac5237eb,2026-03-07 17:00:00,2026-03-08 23:00:00,2026-03-06 17:00:00,20%,SKIPPED
2026-03-06 15:25:48,MCHP.US,4-hour,Long,64.77296,54.72661,73.67391,51.05347,13.74%,34.62%,21.18%,6.71%,97.33,New,19cc4d3fac3ed595,2026-03-09 20:00:00,2026-03-17 20:00:00,2026-03-06 15:00:00,10%,SKIPPED
2026-03-06 15:34:28,AMAT.US,1-hour,Long,323.4694,291.25092,346.96261,280.62009,7.26%,19.13%,13.25%,3.65%,448.93,New,19cc4dbe565aac76,2026-03-07 17:00:00,2026-03-08 23:00:00,2026-03-06 17:00:00,15%,SKIPPED
2026-03-06 15:40:38,DHR.US,1-hour,Long,195.60652,184.30986,201.63348,180.90315,3.08%,9.40%,7.52%,1.85%,172,New,19cc4e18d5c6209f,2026-03-07 17:00:00,2026-03-08 23:00:00,2026-03-06 17:00:00,47%,SKIPPED
2026-03-09 9:33:04,LRCX.US,4-hour,Long,196.92,152.3602,231.01913,136.99408,17.32%,51.63%,30.43%,10.09%,315.08,New,19cd2cd33c565496,2026-03-15 8:00:00,2026-03-23 8:00:00,2026-03-09 12:00:00,10%,SKIPPED
2026-03-09 9:33:04,ADI.US,4-hour,Long,308.04,262.17125,346.33696,247.74741,12.43%,32.10%,19.57%,5.50%,415.08,New,19cd2cd33c565496,2026-03-15 8:00:00,2026-03-23 8:00:00,2026-03-09 12:00:00,5%,SKIPPED
2026-03-09 9:33:04,ASML.US,4-hour,Long,1277.93,1088.69213,1428.99696,1019.85218,11.82%,31.26%,20.19%,6.32%,1608.97,New,19cd2cd33c565496,2026-03-15 8:00:00,2026-03-23 8:00:00,2026-03-09 12:00:00,10%,SKIPPED
2026-03-09 9:33:04,PANW.US,4-hour,Short,167.12,214.60008,151.85043,222.41787,9.14%,29.24%,33.09%,3.64%,258.35,New,19cd2cd33c565496,2026-03-15 8:00:00,2026-03-23 8:00:00,2026-03-09 12:00:00,5%,SKIPPED
2026-03-09 9:33:04,ADBE.US,4-hour,Short,284.06,331.15726,263.66043,342.31434,7.18%,20.38%,20.51%,3.37%,242.3,New,19cd2cd33c565496,2026-03-15 8:00:00,2026-03-23 8:00:00,2026-03-09 12:00:00,5%,SKIPPED
2026-03-09 9:33:04,IDXX.US,1-hour,Long,594.86,552.25111,623.76609,535.98729,4.86%,12.95%,9.90%,2.95%,555.4,New,19cd2cd33c565496,2026-03-12 12:00:00,2026-03-14 10:00:00,2026-03-09 12:00:00,26%,SKIPPED
2026-03-09 10:02:04,ASML.US,1-hour,Long,1289.26,1155.44745,1356.76,1116.9277,5.24%,17.42%,13.37%,3.33%,1608.97,New,19cd2e7c37732c3f,2026-03-12 13:00:00,2026-03-14 11:00:00,2026-03-09 13:00:00,15%,SKIPPED
2026-03-09 10:11:54,BKNG.US,1-hour,Long,4362.53541,4276.72347,4442.78739,4133.70356,1.84%,3.88%,5.25%,3.34%,164.23,New,19cd2f0bd7756520,2026-03-12 13:00:00,2026-03-14 11:00:00,2026-03-09 13:00:00,5%,SKIPPED
2026-03-09 12:02:04,CSCO.US,1-hour,Long,75.81,71.80211,79.13261,70.2181,4.38%,10.21%,7.38%,2.21%,118.06,New,19cd355a3b09695a,2026-03-12 15:00:00,2026-03-14 13:00:00,2026-03-09 15:00:00,5%,SKIPPED
2026-03-09 12:02:04,META.US,1-hour,Long,636.03993,584.79862,653.56,572.05441,2.75%,11.76%,10.06%,2.18%,607.92,New,19cd355a3b09695a,2026-03-12 15:00:00,2026-03-14 13:00:00,2026-03-09 15:00:00,5%,SKIPPED
2026-03-09 13:02:04,MDT.US,4-hour,Long,90.58,82.97345,95.87783,80.33965,5.85%,15.55%,11.31%,3.17%,77.69,New,19cd38c8bfd20b4f,2026-03-14 20:00:00,2026-03-22 20:00:00,2026-03-09 16:00:00,12%,SKIPPED
2026-03-09 13:02:04,LOW.US,1-hour,Long,245.79,231.28621,252.62174,227.04051,2.78%,9.22%,7.63%,1.84%,212.06,New,19cd38c8bfd20b4f,2026-03-12 16:00:00,2026-03-14 14:00:00,2026-03-09 16:00:00,10%,SKIPPED
2026-03-09 15:08:10,CRWD.US,4-hour,Short,427.37,567.22398,387.8787,596.21683,9.24%,31.62%,39.51%,5.11%,673.96,New,19cd3fff8438cb8b,2026-03-14 20:00:00,2026-03-22 20:00:00,2026-03-09 16:00:00,5%,SKIPPED
2026-03-10 9:44:32,MDT.US,1-hour,Long,90.13236,89.17173,91.82304,87.57068,1.88%,2.97%,2.84%,1.80%,77.69,New,19cd7fe0ca3c701a,2026-03-11 12:00:00,2026-03-15 10:00:00,2026-03-10 12:00:00,15%,SKIPPED
2026-03-10 14:09:42,ACN.US,1-hour,Long,200.95442,184.69353,210.4187,179.18424,4.71%,13.93%,10.83%,2.98%,178.21,New,19cd8f0d0152a683,2026-03-11 17:00:00,2026-03-14 22:00:00,2026-03-10 17:00:00,5%,SKIPPED
2026-03-11 10:02:23,MU.US,1-hour,Short,413.69608,475.90578,391.28609,491.83904,5.42%,17.78%,18.89%,3.35%,877.87,New,19cdd34e76d4e717,2026-03-12 13:00:00,2026-03-16 11:00:00,2026-03-11 13:00:00,5%,SKIPPED
2026-03-11 10:21:43,SYK.US,4-hour,Long,346.06,305.99914,377.17478,294.54991,8.99%,23.26%,14.88%,3.74%,311.44,New,19cdd467069e0c13,2026-03-17 8:00:00,2026-03-25 8:00:00,2026-03-11 12:00:00,10%,SKIPPED
2026-03-11 11:02:03,LRCX.US,1-hour,Short,220.17,239.11724,209.83565,246.4711,4.69%,12.25%,11.95%,3.08%,315.08,New,19cdd6b6d325796a,2026-03-12 14:00:00,2026-03-16 12:00:00,2026-03-11 14:00:00,5%,SKIPPED
2026-03-11 11:02:03,GOOGL.US,1-hour,Short,310.77,329.60761,303.17522,334.35225,2.44%,8.02%,7.59%,1.44%,386.56,New,19cdd6b6d325796a,2026-03-12 14:00:00,2026-03-16 12:00:00,2026-03-11 14:00:00,5%,SKIPPED
2026-03-11 11:02:03,GOOG.US,1-hour,Short,310.37,329.33876,302.88478,334.07044,2.41%,8.03%,7.64%,1.44%,382.55,New,19cdd6b6d325796a,2026-03-12 14:00:00,2026-03-16 12:00:00,2026-03-11 14:00:00,5%,SKIPPED
2026-03-11 13:02:03,NOW.US,4-hour,Short,114.39,118.17024,113.20348,124.88656,1.04%,4.20%,9.18%,5.68%,101.73,New,19cddd93a487d6c2,2026-03-16 20:00:00,2026-03-24 20:00:00,2026-03-11 16:00:00,5%,SKIPPED
2026-03-11 14:02:03,NOW.US,1-hour,Long,114.2,100.67252,119.53565,96.976,4.67%,18.74%,15.08%,3.67%,101.73,New,19cde102a1383fb5,2026-03-12 17:00:00,2026-03-13 22:00:00,2026-03-11 17:00:00,5%,SKIPPED
2026-03-12 9:33:17,LOW.US,Daily,Long,244,203.53433,269.05696,189.73152,10.27%,32.19%,22.24%,6.78%,212.06,New,19ce24078b3bd590,2026-03-20 20:00:00,2026-04-08 20:00:00,2026-03-11 20:00:00,5%,SKIPPED
2026-03-12 9:33:17,DXCM.US,4-hour,Long,65.14,55.55478,70.98348,52.71131,8.97%,27.77%,19.08%,5.12%,72.64,New,19ce24078b3bd590,2026-03-18 8:00:00,2026-03-26 8:00:00,2026-03-12 12:00:00,5%,SKIPPED
2026-03-12 11:23:00,MDT.US,Daily,Long,88.25248,78.00609,96.82957,73.92795,9.72%,24.13%,16.23%,5.23%,77.69,New,19ce2a4ebb3a37f1,2026-03-20 20:00:00,2026-04-08 20:00:00,2026-03-11 20:00:00,15%,SKIPPED
2026-03-12 12:02:05,SYK.US,1-hour,Long,334.32,309.94059,354.14,300.20104,5.93%,14.26%,10.21%,3.14%,311.44,New,19ce2c8bae99c1e5,2026-03-13 15:00:00,2026-03-15 13:00:00,2026-03-12 15:00:00,45%,SKIPPED
2026-03-12 12:14:55,DHR.US,4-hour,Long,187.72619,171.23712,202.7,165.16592,7.98%,18.37%,12.02%,3.55%,172,New,19ce2d474b44d4d8,2026-03-18 8:00:00,2026-03-26 8:00:00,2026-03-12 12:00:00,30%,SKIPPED
2026-03-12 12:29:50,CPRT.US,1-hour,Long,34.47895,32.98941,36.48,32.21621,5.80%,10.58%,6.56%,2.34%,33.07,New,19ce2e21c97acfb1,2026-03-13 15:00:00,2026-03-15 13:00:00,2026-03-12 15:00:00,10%,SKIPPED
2026-03-12 13:02:15,LULU.US,4-hour,Long,159.82,132.52683,173.72652,124.86539,8.70%,31.09%,21.87%,5.78%,127.25,New,19ce2ffd1629a9b1,2026-03-15 20:00:00,2026-03-25 20:00:00,2026-03-12 16:00:00,25%,SKIPPED
2026-03-12 14:02:10,HD.US,1-hour,Long,341.87,323.90056,351.28348,318.02371,2.75%,8.45%,6.98%,1.81%,309.75,New,19ce336a9d89a021,2026-03-13 17:00:00,2026-03-14 22:00:00,2026-03-12 17:00:00,15%,SKIPPED
2026-03-12 15:02:05,NXPI.US,1-hour,Long,190.61,168.33952,199.91565,162.99888,4.88%,18.76%,14.49%,3.17%,327.75,New,19ce36d89eaf80b1,2026-03-13 18:00:00,2026-03-14 23:00:00,2026-03-12 18:00:00,30%,SKIPPED
2026-03-12 15:02:05,LULU.US,1-hour,Long,158.75,142.01344,165.08043,138.47166,3.99%,16.24%,12.77%,2.49%,127.25,New,19ce36d89eaf80b1,2026-03-13 18:00:00,2026-03-14 23:00:00,2026-03-12 18:00:00,45%,SKIPPED
2026-03-12 15:02:05,TMO.US,1-hour,Long,475.48,444.53923,494.05478,434.5189,3.91%,11.14%,8.61%,2.25%,447.3,New,19ce36d89eaf80b1,2026-03-13 18:00:00,2026-03-14 23:00:00,2026-03-12 18:00:00,33%,SKIPPED
2026-03-12 15:14:10,ODFL.US,1-hour,Long,177.90303,148.41554,189.18304,142.05923,6.34%,27.47%,20.15%,4.28%,214.99,New,19ce3788e4b1c729,2026-03-13 18:00:00,2026-03-14 23:00:00,2026-03-12 18:00:00,20%,SKIPPED
2026-03-12 15:52:05,DHR.US,1-hour,Long,186.58,175.31613,194.23652,171.75099,4.10%,10.79%,7.95%,2.03%,172,New,19ce39b48c541cc1,2026-03-13 18:00:00,2026-03-14 23:00:00,2026-03-12 18:00:00,45%,SKIPPED
2026-03-12 15:59:45,IDXX.US,4-hour,Long,569.06,505.9651,625.97304,479.16714,10.00%,23.72%,15.80%,5.30%,555.4,New,19ce3a249b6b555b,2026-03-15 20:00:00,2026-03-25 20:00:00,2026-03-12 16:00:00,34%,SKIPPED
2026-03-13 9:33:04,MCHP.US,Daily,Long,63.03,41.69805,73.28522,36.04936,16.27%,75.75%,42.81%,13.55%,97.33,New,19ce766a7d083ac2,2026-03-21 20:00:00,2026-04-09 20:00:00,2026-03-12 20:00:00,5%,SKIPPED
2026-03-13 9:33:04,HD.US,4-hour,Long,341,309.91492,362.25348,297.96297,6.23%,16.89%,12.62%,3.86%,309.75,New,19ce766a7d083ac2,2026-03-17 8:00:00,2026-03-27 8:00:00,2026-03-13 12:00:00,10%,SKIPPED
2026-03-13 9:33:04,UNP.US,4-hour,Long,244.96,223.8235,258.2987,216.06867,5.45%,15.40%,11.79%,3.46%,271.24,New,19ce766a7d083ac2,2026-03-17 8:00:00,2026-03-27 8:00:00,2026-03-13 12:00:00,5%,SKIPPED
2026-03-13 9:33:04,CSX.US,4-hour,Long,39.5016,36.20052,41.48304,34.90698,5.02%,14.59%,11.63%,3.57%,46.33,New,19ce766a7d083ac2,2026-03-17 8:00:00,2026-03-27 8:00:00,2026-03-13 12:00:00,5%,SKIPPED
2026-03-13 10:02:04,COP.US,1-hour,Short,121.2,131.69321,117.08087,134.11518,3.40%,11.10%,10.66%,1.84%,118.45,New,19ce7813a0565324,2026-03-14 13:00:00,2026-03-16 11:00:00,2026-03-13 13:00:00,10%,SKIPPED
2026-03-13 10:02:04,LOW.US,1-hour,Long,238.85,225.32512,246.94043,220.7537,3.39%,9.59%,7.58%,2.03%,212.06,New,19ce7813a0565324,2026-03-14 13:00:00,2026-03-16 11:00:00,2026-03-13 13:00:00,25%,SKIPPED
2026-03-13 10:02:04,CSX.US,1-hour,Long,39.28,36.70645,40.3513,36.01101,2.73%,9.93%,8.32%,1.89%,46.33,New,19ce7813a0565324,2026-03-14 13:00:00,2026-03-16 11:00:00,2026-03-13 13:00:00,15%,SKIPPED
2026-03-13 11:02:04,META.US,1-hour,Long,619.33,582.34375,647.46261,570.69848,4.54%,11.18%,7.85%,2.00%,607.92,New,19ce7bdba33a264f,2026-03-14 14:00:00,2026-03-16 12:00:00,2026-03-13 14:00:00,15%,SKIPPED
2026-03-13 12:02:04,ADBE.US,1-hour,Long,252.13,233.91306,269.98391,226.38062,7.08%,15.42%,10.21%,3.22%,242.3,New,19ce7efbdc6454e7,2026-03-14 15:00:00,2026-03-16 13:00:00,2026-03-13 15:00:00,5%,SKIPPED
2026-03-13 12:02:04,REGN.US,1-hour,Long,742.1,684.63791,764.91435,671.17656,3.07%,11.73%,9.56%,1.97%,641.79,New,19ce7efbdc6454e7,2026-03-14 15:00:00,2026-03-16 13:00:00,2026-03-13 15:00:00,20%,SKIPPED
2026-03-13 12:02:04,AAPL.US,1-hour,Long,252.06,234.32905,258.31261,231.00144,2.48%,10.23%,8.35%,1.42%,310.38,New,19ce7efbdc6454e7,2026-03-14 15:00:00,2026-03-16 13:00:00,2026-03-13 15:00:00,20%,SKIPPED
2026-03-13 13:02:04,CPRT.US,4-hour,Long,33.94664,27.62417,37.05348,26.13888,9.15%,34.13%,23.00%,5.38%,33.07,New,19ce8260082ec36b,2026-03-16 20:00:00,2026-03-24 20:00:00,2026-03-13 16:00:00,5%,SKIPPED
2026-03-13 13:02:04,LIN.US,1-hour,Short,497.78,525.41455,484.84522,533.29632,2.60%,7.72%,7.13%,1.50%,514.92,New,19ce8260082ec36b,2026-03-14 16:00:00,2026-03-16 14:00:00,2026-03-13 16:00:00,5%,SKIPPED
2026-03-13 13:55:44,XOM.US,1-hour,Short,156.20249,167.95947,151.95478,170.40296,2.72%,9.53%,9.09%,1.45%,151.66,New,19ce8571dd5357f5,2026-03-14 16:00:00,2026-03-16 14:00:00,2026-03-13 16:00:00,10%,SKIPPED
2026-03-13 14:02:04,AMD.US,1-hour,Long,193.04,171.20473,200.67565,166.56977,3.96%,17.21%,13.71%,2.71%,488.34,New,19ce85cf2e88abca,2026-03-14 17:00:00,2026-03-15 22:00:00,2026-03-13 17:00:00,5%,SKIPPED
2026-03-16 9:33:01,NXPI.US,Daily,Long,193,126.65739,222.85522,108.54888,15.47%,75.95%,43.76%,14.30%,327.75,New,19cf6d9ad3e66292,2026-03-26 20:00:00,2026-04-11 20:00:00,2026-03-15 20:00:00,5%,SKIPPED
2026-03-16 9:33:01,TXN.US,Daily,Long,192.1,145.67703,209.94348,133.37435,9.29%,44.12%,30.57%,8.45%,322.31,New,19cf6d9ad3e66292,2026-03-26 20:00:00,2026-04-11 20:00:00,2026-03-15 20:00:00,5%,SKIPPED
2026-03-16 9:33:01,BSX.US,4-hour,Long,69.01298,61.58691,72.05043,58.93302,4.40%,16.99%,14.61%,4.31%,57.69,New,19cf6d9ad3e66292,2026-03-22 8:00:00,2026-03-30 8:00:00,2026-03-16 12:00:00,10%,SKIPPED
2026-03-16 12:02:01,MU.US,1-hour,Short,449.04,489.09178,419.84304,503.94362,6.50%,14.16%,12.23%,3.04%,877.87,New,19cf7621d754e1cc,2026-03-19 15:00:00,2026-03-21 13:00:00,2026-03-16 15:00:00,10%,SKIPPED
2026-03-16 13:02:11,ORLY.US,1-hour,Long,90.47,85.17072,92.81043,83.59198,2.59%,8.97%,7.60%,1.85%,88.09,New,19cf7992a62b455a,2026-03-19 16:00:00,2026-03-21 14:00:00,2026-03-16 16:00:00,20%,SKIPPED
2026-03-16 15:02:06,CPRT.US,1-hour,Long,33.78923,33.36136,34.50217,32.64823,2.11%,3.42%,3.38%,2.14%,33.07,New,19cf806f3aaa4c3b,2026-03-19 18:00:00,2026-03-20 23:00:00,2026-03-16 18:00:00,5%,SKIPPED
2026-03-17 9:33:16,ODFL.US,4-hour,Long,185.47,139.52052,195.7413,127.30846,5.54%,40.30%,31.36%,8.75%,214.99,New,19cfc003f0f405a6,2026-03-23 8:00:00,2026-03-31 8:00:00,2026-03-17 12:00:00,5%,SKIPPED
2026-03-17 12:02:06,UBER.US,1-hour,Short,78.4,84.2931,74.49913,86.18851,4.98%,11.62%,9.93%,2.25%,70.58,New,19cfc889b9689bf3,2026-03-18 15:00:00,2026-03-22 13:00:00,2026-03-17 15:00:00,10%,SKIPPED
2026-03-17 13:02:06,BSX.US,1-hour,Short,71.68,76.8418,69.42522,78.00903,3.15%,9.65%,8.83%,1.52%,57.69,New,19cfcbf7352beb90,2026-03-18 16:00:00,2026-03-22 14:00:00,2026-03-17 16:00:00,5%,SKIPPED
2026-03-17 13:20:36,LLY.US,1-hour,Long,927.96077,892.51119,978.13957,873.87058,5.41%,9.59%,5.83%,2.09%,1078.43,New,19cfcd05e6a6c9ef,2026-03-18 16:00:00,2026-03-22 14:00:00,2026-03-17 16:00:00,47%,SKIPPED
2026-03-17 14:02:11,ALGN.US,1-hour,Short,178.27,202.08803,167.99913,207.27704,5.76%,16.87%,16.27%,2.57%,164.05,New,19cfcf6729b394ce,2026-03-18 17:00:00,2026-03-21 22:00:00,2026-03-17 17:00:00,10%,SKIPPED
2026-03-17 14:02:11,DXCM.US,1-hour,Short,68.16273,75.60479,66.0987,77.03822,3.03%,12.57%,13.02%,1.90%,72.64,New,19cfcf6729b394ce,2026-03-18 17:00:00,2026-03-21 22:00:00,2026-03-17 17:00:00,5%,SKIPPED
2026-03-17 15:02:06,DHR.US,1-hour,Short,195.33,206.40382,189.95783,209.94076,2.75%,7.97%,7.48%,1.71%,172,New,19cfd2d4e7fa5040,2026-03-18 18:00:00,2026-03-21 23:00:00,2026-03-17 18:00:00,5%,SKIPPED
2026-03-18 1:02:24,NAS100,1-hour,Short,24914.6,25429.07369,24746.22609,25557.1755,0.68%,2.69%,2.58%,0.50%,#N/A,New,19cff52eae1acb5c,2026-03-18 11:00:00,2026-03-19 0:00:00,2026-03-18 4:00:00,10%,SKIPPED
2026-03-18 12:02:04,LRCX.US,1-hour,Short,231.37,250.55516,219.79565,256.40636,5.00%,12.28%,10.82%,2.34%,315.08,New,19d01aeda06f51db,2026-03-19 15:00:00,2026-03-23 13:00:00,2026-03-18 15:00:00,10%,SKIPPED
2026-03-18 12:02:04,ABBV.US,1-hour,Long,210.81,202.96168,220.42087,198.65796,4.56%,8.60%,5.76%,2.12%,213.94,New,19d01aeda06f51db,2026-03-19 15:00:00,2026-03-23 13:00:00,2026-03-18 15:00:00,12%,SKIPPED
2026-03-18 12:07:19,SBUX.US,1-hour,Long,95.03262,88.81799,98.22391,87.39074,3.36%,10.59%,8.04%,1.61%,101.63,New,19d01b3a6ac682bc,2026-03-19 15:00:00,2026-03-23 13:00:00,2026-03-18 15:00:00,10%,SKIPPED
2026-03-18 13:02:04,TMO.US,4-hour,Long,466.25,412.89665,491.46913,394.76427,5.41%,19.03%,15.33%,4.39%,447.3,New,19d01e5d040debde,2026-03-23 20:00:00,2026-03-31 20:00:00,2026-03-18 16:00:00,5%,SKIPPED
2026-03-18 14:35:14,PG.US,1-hour,Long,147.04769,140.32279,150.87174,138.57021,2.60%,7.52%,5.77%,1.25%,143.82,New,19d023b12091e9ac,2026-03-19 17:00:00,2026-03-20 22:00:00,2026-03-18 17:00:00,25%,SKIPPED
2026-03-18 15:02:05,LOW.US,1-hour,Long,232.29,222.1102,239.31739,218.67493,3.03%,7.75%,5.86%,1.55%,212.06,New,19d0253a7dd55e17,2026-03-19 18:00:00,2026-03-20 23:00:00,2026-03-18 18:00:00,30%,SKIPPED
2026-03-18 15:02:05,BKNG.US,1-hour,Short,4427.89,4432.37993,4366.84783,4515.32539,1.38%,1.48%,1.97%,1.87%,164.23,New,19d0253a7dd55e17,2026-03-19 18:00:00,2026-03-20 23:00:00,2026-03-18 18:00:00,5%,SKIPPED
2026-03-19 9:33:05,HD.US,Daily,Long,328.26,280.48921,364.38087,262.22996,11.00%,29.91%,20.12%,6.51%,309.75,New,19d064ccd56851bc,2026-03-27 20:00:00,2026-04-14 20:00:00,2026-03-18 20:00:00,20%,SKIPPED
2026-03-19 9:33:05,UNP.US,Daily,Long,235.25,206.71808,256.9187,196.32774,9.21%,24.28%,16.55%,5.03%,271.24,New,19d064ccd56851bc,2026-03-27 20:00:00,2026-04-14 20:00:00,2026-03-18 20:00:00,5%,SKIPPED
2026-03-19 9:33:05,ADBE.US,4-hour,Long,246.57,200.7677,267.69783,187.9126,8.57%,33.34%,23.79%,6.40%,242.3,New,19d064ccd56851bc,2026-03-25 8:00:00,2026-04-02 8:00:00,2026-03-19 12:00:00,5%,SKIPPED
2026-03-19 9:33:05,LOW.US,4-hour,Long,227,213.91099,246.25739,205.41191,8.48%,15.12%,9.51%,3.97%,212.06,New,19d064ccd56851bc,2026-03-25 8:00:00,2026-04-02 8:00:00,2026-03-19 12:00:00,22%,SKIPPED
2026-03-19 9:33:05,HD.US,1-hour,Long,328.26,315.20774,339.81522,310.67562,3.52%,7.81%,5.36%,1.44%,309.75,New,19d064ccd56851bc,2026-03-20 12:00:00,2026-03-22 10:00:00,2026-03-19 12:00:00,52%,SKIPPED
2026-03-19 11:02:30,CTAS.US,1-hour,Long,184.14,174.86806,191.32261,171.66267,3.90%,9.41%,6.78%,1.83%,171.17,New,19d069ebfb39e1bc,2026-03-20 14:00:00,2026-03-22 12:00:00,2026-03-19 14:00:00,22%,SKIPPED
2026-03-19 11:02:30,UNP.US,1-hour,Long,232.99,223.0832,240.51217,219.56605,3.23%,7.81%,5.76%,1.58%,271.24,New,19d069ebfb39e1bc,2026-03-20 14:00:00,2026-03-22 12:00:00,2026-03-19 14:00:00,20%,SKIPPED
2026-03-19 12:02:05,CPRT.US,1-hour,Long,32.46,30.38512,33.68609,29.76715,3.78%,10.86%,8.30%,2.03%,33.07,New,19d06d5365884bdb,2026-03-20 15:00:00,2026-03-22 13:00:00,2026-03-19 15:00:00,45%,SKIPPED
2026-03-19 13:02:05,ABBV.US,4-hour,Long,208.08,188.0774,224.35,180.21455,7.82%,19.29%,13.39%,4.18%,213.94,New,19d070c2c0992b31,2026-03-22 20:00:00,2026-04-01 20:00:00,2026-03-19 16:00:00,10%,SKIPPED
2026-03-19 13:02:05,ORLY.US,4-hour,Long,87.63,76.36381,92.48478,73.69856,5.54%,21.11%,15.90%,3.49%,88.09,New,19d070c2c0992b31,2026-03-22 20:00:00,2026-04-01 20:00:00,2026-03-19 16:00:00,15%,SKIPPED
2026-03-19 13:02:05,TXN.US,1-hour,Long,186.5,172.42423,192.60522,168.98938,3.27%,11.70%,9.39%,1.99%,322.31,New,19d070c2c0992b31,2026-03-20 16:00:00,2026-03-22 14:00:00,2026-03-19 16:00:00,10%,SKIPPED
2026-03-19 13:07:30,CSX.US,1-hour,Long,38.41831,36.66702,39.71826,36.10904,3.38%,8.32%,6.01%,1.52%,46.33,New,19d07111741f5b3c,2026-03-20 16:00:00,2026-03-22 14:00:00,2026-03-19 16:00:00,25%,SKIPPED
2026-03-19 13:10:55,TSLA.US,1-hour,Long,380.94695,355.81105,394.86957,349.22799,3.65%,10.98%,8.33%,1.85%,429.35,New,19d07143932f8668,2026-03-20 16:00:00,2026-03-22 14:00:00,2026-03-19 16:00:00,25%,SKIPPED
2026-03-19 14:02:05,META.US,1-hour,Long,603.81362,566.98737,619.81565,558.79636,2.65%,9.32%,7.46%,1.44%,607.92,New,19d074316e3a6b70,2026-03-20 17:00:00,2026-03-21 22:00:00,2026-03-19 17:00:00,20%,SKIPPED
2026-03-19 14:02:05,MSFT.US,1-hour,Long,387.8,373.04642,395.63913,368.54105,2.02%,6.06%,4.97%,1.21%,415.18,New,19d074316e3a6b70,2026-03-20 17:00:00,2026-03-21 22:00:00,2026-03-19 17:00:00,15%,SKIPPED
2026-03-19 14:37:30,FAST.US,1-hour,Long,44.16477,41.90936,45.41435,41.29678,2.83%,8.36%,6.49%,1.46%,44.15,New,19d0763811cddd74,2026-03-20 17:00:00,2026-03-21 22:00:00,2026-03-19 17:00:00,15%,SKIPPED
2026-03-20 9:33:03,PG.US,Daily,Long,144.54,127.87313,156.91565,121.51609,8.56%,22.71%,15.93%,4.97%,143.82,New,19d0b7321ca598d8,2026-03-28 20:00:00,2026-04-13 20:00:00,2026-03-19 20:00:00,5%,SKIPPED
2026-03-20 9:33:03,LLY.US,4-hour,Long,917.95,818.81836,972.1287,786.40164,5.90%,18.72%,14.33%,3.96%,1078.43,New,19d0b7321ca598d8,2026-03-24 8:00:00,2026-04-03 8:00:00,2026-03-20 12:00:00,10%,SKIPPED
2026-03-20 9:33:03,COP.US,4-hour,Short,126.26,140.72925,119.66087,144.37315,5.23%,14.97%,14.35%,2.59%,118.45,New,19d0b7321ca598d8,2026-03-24 8:00:00,2026-04-03 8:00:00,2026-03-20 12:00:00,27%,SKIPPED
2026-03-20 11:02:09,ABT.US,1-hour,Long,106.35,99.39263,109.18391,97.76374,2.66%,9.85%,8.07%,1.64%,86.63,New,19d0bc4b47280d24,2026-03-21 14:00:00,2026-03-23 12:00:00,2026-03-20 14:00:00,20%,SKIPPED
2026-03-20 12:02:08,UBER.US,1-hour,Long,73.99,70.01996,76.6113,68.39586,3.54%,9.41%,7.56%,2.32%,70.58,New,19d0bfba5bbc323b,2026-03-21 15:00:00,2026-03-23 13:00:00,2026-03-20 15:00:00,5%,SKIPPED
2026-03-20 14:02:03,NVDA.US,1-hour,Long,174.95,164.29164,179.54783,161.48118,2.63%,9.29%,7.70%,1.71%,213.56,New,19d0c6966f5227bf,2026-03-21 17:00:00,2026-03-22 22:00:00,2026-03-20 17:00:00,20%,SKIPPED
2026-03-20 15:02:03,CRWD.US,1-hour,Long,405.46,368.04002,426.44,356.17807,5.17%,15.87%,12.15%,3.22%,673.96,New,19d0ca05c5e49925,2026-03-21 18:00:00,2026-03-22 23:00:00,2026-03-20 18:00:00,5%,SKIPPED
2026-03-20 15:02:03,GOOGL.US,1-hour,Long,299,285.18164,306.17391,281.37781,2.40%,7.36%,5.89%,1.33%,386.56,New,19d0ca05c5e49925,2026-03-21 18:00:00,2026-03-22 23:00:00,2026-03-20 18:00:00,10%,SKIPPED
2026-03-20 15:36:08,GOOG.US,1-hour,Long,297.43333,283.94787,304.74609,280.18321,2.46%,7.32%,5.80%,1.33%,382.55,New,19d0cbf8addabf2d,2026-03-21 18:00:00,2026-03-22 23:00:00,2026-03-20 18:00:00,10%,SKIPPED
2026-03-20 15:36:08,NAS100,1-hour,Long,23815.48864,23291.08551,24258.01739,23113.60828,1.86%,4.15%,2.95%,0.76%,#N/A,New,19d0cbf8addabf2d,2026-03-21 1:00:00,2026-03-21 13:00:00,2026-03-20 18:00:00,49%,SKIPPED
2026-03-23 1:24:44,NAS100,4-hour,Long,23777.8,22895.40769,24416.73913,22550.22998,2.69%,6.64%,5.16%,1.51%,#N/A,New,19d192728090835d,2026-03-26 8:00:00,2026-03-28 8:00:00,2026-03-23 4:00:00,15%,SKIPPED
2026-03-23 9:33:04,SYK.US,Daily,Long,333,264.48397,365.18217,245.38147,9.66%,38.07%,26.31%,7.22%,311.44,New,19d1ae63ac95b248,2026-04-02 20:00:00,2026-04-18 20:00:00,2026-03-22 20:00:00,5%,SKIPPED
2026-03-23 9:33:04,ADI.US,Daily,Long,312,227.15053,331.35043,207.46765,6.20%,45.87%,33.50%,8.67%,415.08,New,19d1ae63ac95b248,2026-04-02 20:00:00,2026-04-18 20:00:00,2026-03-22 20:00:00,5%,SKIPPED
2026-03-23 9:37:19,PG.US,4-hour,Long,145.19,135.16004,151.10783,131.45364,4.08%,11.80%,9.46%,2.74%,143.82,New,19d1aea1cfe96a1d,2026-03-29 8:00:00,2026-04-06 8:00:00,2026-03-23 12:00:00,5%,SKIPPED
2026-03-23 10:09:19,LOW.US,1-hour,Short,236.1639,238.78861,230.02522,243.16312,2.60%,3.67%,2.96%,1.83%,212.06,New,19d1b076bd7eb987,2026-03-26 13:00:00,2026-03-28 11:00:00,2026-03-23 13:00:00,5%,SKIPPED
2026-03-23 11:47:04,MU.US,1-hour,Long,410.04226,366.15931,443.11826,347.70034,8.07%,21.02%,15.20%,5.04%,877.87,New,19d1b60e8cee7224,2026-03-26 14:00:00,2026-03-28 12:00:00,2026-03-23 14:00:00,5%,SKIPPED
2026-03-23 13:02:04,MSFT.US,4-hour,Long,382.59,344.61625,398.29087,335.56522,4.10%,15.58%,12.29%,2.63%,415.18,New,19d1ba594fddc52b,2026-03-28 20:00:00,2026-04-05 20:00:00,2026-03-23 16:00:00,5%,SKIPPED
2026-03-24 9:33:10,DHR.US,Daily,Long,186.76,161.08547,199.4987,152.30606,6.82%,23.85%,18.45%,5.45%,172,New,19d200caa7d31b79,2026-04-03 20:00:00,2026-04-19 20:00:00,2026-03-23 20:00:00,5%,SKIPPED
2026-03-24 11:44:50,CTAS.US,4-hour,Long,177.04838,156.86324,191.40478,148.89791,8.11%,22.02%,15.90%,5.08%,171.17,New,19d20853635704e2,2026-03-30 8:00:00,2026-04-07 8:00:00,2026-03-24 12:00:00,40%,SKIPPED
2026-03-24 13:02:07,META.US,4-hour,Long,595.14,523.84932,623.4213,503.22572,4.75%,19.01%,15.44%,3.94%,607.92,New,19d20cbffcbf707e,2026-03-29 20:00:00,2026-04-06 20:00:00,2026-03-24 16:00:00,10%,SKIPPED
2026-03-25 9:54:17,COP.US,Daily,Short,128.877,142.24549,118.18957,148.35621,8.29%,16.91%,15.11%,4.30%,118.45,New,19d25465ca5c56f0,2026-04-02 20:00:00,2026-04-20 20:00:00,2026-03-24 20:00:00,20%,SKIPPED
2026-03-25 11:02:02,CRM.US,1-hour,Long,183.8,165.59156,190.33087,160.40807,3.55%,14.94%,12.73%,3.13%,181.53,New,19d25846872c571e,2026-03-26 14:00:00,2026-03-30 12:00:00,2026-03-25 14:00:00,5%,SKIPPED
2026-03-25 12:02:03,NOW.US,1-hour,Long,101.66,93.73088,108.46652,90.23219,6.70%,15.72%,11.24%,3.73%,101.73,New,19d25bb5c54e76e0,2026-03-26 15:00:00,2026-03-30 13:00:00,2026-03-25 15:00:00,15%,SKIPPED
2026-03-25 12:02:03,GOOGL.US,1-hour,Long,290.54,279.50166,298.11217,274.68014,2.61%,6.66%,5.46%,1.73%,386.56,New,19d25bb5c54e76e0,2026-03-26 15:00:00,2026-03-30 13:00:00,2026-03-25 15:00:00,20%,SKIPPED
2026-03-25 12:02:03,GOOG.US,1-hour,Long,288.7491,278.72035,295.98957,274.16005,2.51%,6.20%,5.05%,1.64%,382.55,New,19d25bb5c54e76e0,2026-03-26 15:00:00,2026-03-30 13:00:00,2026-03-25 15:00:00,30%,SKIPPED
2026-03-25 12:02:03,MSFT.US,1-hour,Long,370.35,358.93291,378.93739,353.4679,2.32%,5.57%,4.56%,1.52%,415.18,New,19d25bb5c54e76e0,2026-03-26 15:00:00,2026-03-30 13:00:00,2026-03-25 15:00:00,45%,SKIPPED
2026-03-25 13:44:17,AMD.US,1-hour,Short,219.65747,237.85034,205.62739,244.32605,6.39%,13.55%,11.23%,2.72%,488.34,New,19d2618f1987a8ba,2026-03-26 16:00:00,2026-03-30 14:00:00,2026-03-25 16:00:00,10%,SKIPPED
2026-03-25 14:02:02,MU.US,1-hour,Long,381.58,375.79089,400.4113,360.6383,4.94%,6.55%,5.49%,4.03%,877.87,New,19d262930ed9ed03,2026-03-26 17:00:00,2026-03-27 22:00:00,2026-03-25 17:00:00,5%,SKIPPED
2026-03-25 14:02:02,MRK.US,1-hour,Short,119.44069,125.16285,116.13435,126.95171,2.77%,7.21%,6.29%,1.43%,120.9,New,19d262930ed9ed03,2026-03-26 17:00:00,2026-03-27 22:00:00,2026-03-25 17:00:00,5%,SKIPPED
2026-03-26 9:33:02,CPRT.US,Daily,Long,33,25.18462,35.43652,23.11641,7.38%,40.71%,29.95%,8.21%,33.07,New,19d2a59478b6fa4a,2026-04-03 20:00:00,2026-04-21 20:00:00,2026-03-25 20:00:00,15%,SKIPPED
2026-03-26 9:33:02,ABBV.US,Daily,Long,206.8,160.5923,222.06739,149.91723,7.38%,38.28%,27.51%,6.65%,213.94,New,19d2a59478b6fa4a,2026-04-03 20:00:00,2026-04-21 20:00:00,2026-03-25 20:00:00,5%,SKIPPED
2026-03-26 9:33:02,SBUX.US,4-hour,Long,91.86342,78.68441,96.33565,75.4224,4.87%,22.43%,17.90%,4.15%,101.63,New,19d2a59478b6fa4a,2026-04-01 8:00:00,2026-04-09 8:00:00,2026-03-26 12:00:00,5%,SKIPPED
2026-03-26 9:33:02,PANW.US,1-hour,Long,152.8,142.18702,159.55391,138.038,4.42%,12.21%,9.66%,2.92%,258.35,New,19d2a59478b6fa4a,2026-03-27 12:00:00,2026-03-29 10:00:00,2026-03-26 12:00:00,10%,SKIPPED
2026-03-26 9:47:21,CSCO.US,1-hour,Short,83.0867,86.44983,80.03913,87.95289,3.67%,7.42%,5.86%,1.74%,118.06,New,19d2a666199e5f12,2026-03-27 12:00:00,2026-03-29 10:00:00,2026-03-26 12:00:00,27%,SKIPPED
2026-03-26 12:02:01,ORLY.US,1-hour,Short,91.92805,96.72811,89.5013,98.12543,2.64%,7.47%,6.74%,1.44%,88.09,New,19d2ae1aff9352fe,2026-03-27 15:00:00,2026-03-29 13:00:00,2026-03-26 15:00:00,5%,SKIPPED
2026-03-26 12:20:51,META.US,1-hour,Long,556.5,531.82392,594.02783,517.5029,6.74%,11.70%,7.01%,2.69%,607.92,New,19d2af2ea22f1bf4,2026-03-27 15:00:00,2026-03-29 13:00:00,2026-03-26 15:00:00,55%,SKIPPED
2026-03-26 12:57:41,JNJ.US,1-hour,Short,241.4832,252.55526,237.13478,255.31662,1.80%,6.11%,5.73%,1.09%,231.19,New,19d2b14a39e99c5e,2026-03-27 15:00:00,2026-03-29 13:00:00,2026-03-26 15:00:00,5%,SKIPPED
2026-03-26 13:22:56,LULU.US,1-hour,Long,151.9481,137.23085,160.6787,133.42422,5.75%,17.09%,12.19%,2.77%,127.25,New,19d2b2bc1ef4b928,2026-03-27 16:00:00,2026-03-29 14:00:00,2026-03-26 16:00:00,56%,SKIPPED
2026-03-26 13:51:56,MU.US,4-hour,Long,355.56,234.5913,421.14435,204.00028,18.45%,79.52%,42.63%,13.04%,877.87,New,19d2b464f921ff23,2026-03-29 20:00:00,2026-04-08 20:00:00,2026-03-26 16:00:00,10%,SKIPPED
2026-03-26 14:08:12,GOOGL.US,4-hour,Long,279.5,253.70568,301.86261,245.47624,8.00%,18.98%,12.17%,3.24%,386.56,New,19d2b553224139c1,2026-03-29 20:00:00,2026-04-08 20:00:00,2026-03-26 16:00:00,28%,SKIPPED
2026-03-26 14:08:12,GOOG.US,4-hour,Long,279.41,253.7215,300.51174,245.50536,7.55%,18.44%,12.13%,3.24%,382.55,New,19d2b553224139c1,2026-03-29 20:00:00,2026-04-08 20:00:00,2026-03-26 16:00:00,26%,SKIPPED
2026-03-26 15:02:01,AMAT.US,1-hour,Long,341.09,298.33471,363.88522,286.13638,6.68%,21.97%,16.11%,4.09%,448.93,New,19d2b868121fa8e2,2026-03-27 18:00:00,2026-03-28 23:00:00,2026-03-26 18:00:00,5%,SKIPPED
2026-03-26 16:02:11,NAS100,1-hour,Long,23574.2,23078.49687,23978.6,22896.95598,1.72%,3.90%,2.87%,0.79%,#N/A,New,19d2bbd8f1b53a07,2026-03-27 2:00:00,2026-03-27 14:00:00,2026-03-26 19:00:00,10%,SKIPPED
2026-03-27 9:33:05,CTAS.US,Daily,Long,167.4,145.53634,192.18522,134.58008,14.81%,32.05%,19.61%,7.53%,171.17,New,19d2f7fab50cb618,2026-04-04 20:00:00,2026-04-20 20:00:00,2026-03-26 20:00:00,29%,SKIPPED
2026-03-27 9:33:05,CRWD.US,4-hour,Long,370,316.87894,418.87522,295.40094,13.21%,32.19%,20.16%,6.78%,673.96,New,19d2f7fab50cb618,2026-03-31 8:00:00,2026-04-10 8:00:00,2026-03-27 12:00:00,5%,SKIPPED
2026-03-27 9:33:05,LLY.US,Daily,Long,893.1,633.22018,972.88783,583.28618,8.93%,53.64%,34.69%,7.89%,1078.43,New,19d2f7fab50cb618,2026-04-04 20:00:00,2026-04-20 20:00:00,2026-03-26 20:00:00,10%,SKIPPED
2026-03-27 9:33:05,ANET.US,1-hour,Long,120.55,109.63663,130.7687,105.26667,8.48%,19.27%,12.68%,3.99%,159.34,New,19d2f7fab50cb618,2026-03-28 12:00:00,2026-03-30 10:00:00,2026-03-27 12:00:00,30%,SKIPPED
2026-03-27 9:36:15,UBER.US,1-hour,Long,69.79098,65.75474,72.70565,64.3867,4.18%,10.57%,7.74%,2.08%,70.58,New,19d2f828e02b1995,2026-03-28 12:00:00,2026-03-30 10:00:00,2026-03-27 12:00:00,20%,SKIPPED
2026-03-27 10:24:40,META.US,Daily,Long,530.66,454.45299,629.6213,419.75076,18.65%,38.54%,20.90%,7.64%,607.92,New,19d2faee796029d9,2026-04-04 20:00:00,2026-04-20 20:00:00,2026-03-26 20:00:00,26%,SKIPPED
2026-03-27 12:02:05,AMZN.US,1-hour,Long,200.96,189.03968,208.72565,185.34175,3.86%,10.41%,7.77%,1.96%,263.72,New,19d30081dde0c0f0,2026-03-28 15:00:00,2026-03-30 13:00:00,2026-03-27 15:00:00,15%,SKIPPED
2026-03-27 12:02:05,TSLA.US,1-hour,Long,366.82,329.63477,380.86478,321.22622,3.83%,15.54%,12.43%,2.55%,429.35,New,19d30081dde0c0f0,2026-03-28 15:00:00,2026-03-30 13:00:00,2026-03-27 15:00:00,5%,SKIPPED
2026-03-27 12:02:05,KLAC.US,1-hour,Long,1468.08,1221.03957,1513.71304,1174.78304,3.11%,23.97%,19.98%,3.79%,1977.22,New,19d30081dde0c0f0,2026-03-28 15:00:00,2026-03-30 13:00:00,2026-03-27 15:00:00,5%,SKIPPED
2026-03-27 12:13:25,SBUX.US,1-hour,Long,87.392,83.84242,91.65217,82.14711,4.87%,9.31%,6.00%,2.02%,101.63,New,19d30127276e3771,2026-03-28 15:00:00,2026-03-30 13:00:00,2026-03-27 15:00:00,27%,SKIPPED
2026-03-27 12:36:25,COP.US,1-hour,Short,134.46768,141.31404,130.90217,143.34774,2.65%,7.37%,6.60%,1.44%,118.45,New,19d30278018b3014,2026-03-28 15:00:00,2026-03-30 13:00:00,2026-03-27 15:00:00,35%,SKIPPED
2026-03-27 13:02:07,DXCM.US,1-hour,Long,62.29,57.5775,66.0213,55.89334,5.99%,14.67%,10.27%,2.93%,72.64,New,19d303f0ccfbffb5,2026-03-28 16:00:00,2026-03-30 14:00:00,2026-03-27 16:00:00,34%,SKIPPED
2026-03-27 13:02:07,SNPS.US,1-hour,Long,385.21,360.84951,406.25304,349.72864,5.46%,12.58%,9.21%,3.08%,535.38,New,19d303f0ccfbffb5,2026-03-28 16:00:00,2026-03-30 14:00:00,2026-03-27 16:00:00,26%,SKIPPED
2026-03-27 13:02:07,CTAS.US,1-hour,Long,167.57,154.78658,173.76478,150.54049,3.70%,12.26%,10.16%,2.74%,171.17,New,19d303f0ccfbffb5,2026-03-28 16:00:00,2026-03-30 14:00:00,2026-03-27 16:00:00,30%,SKIPPED
2026-03-27 13:19:50,ALGN.US,1-hour,Long,164.37247,144.76945,177.4387,139.60816,7.95%,22.57%,15.07%,3.57%,164.05,New,19d304f4317b4593,2026-03-28 16:00:00,2026-03-30 14:00:00,2026-03-27 16:00:00,10%,SKIPPED
2026-03-27 13:22:25,AVGO.US,1-hour,Long,300.67336,276.38607,314.22,269.80478,4.51%,13.69%,10.27%,2.38%,423.21,New,19d30519f2c62881,2026-03-28 16:00:00,2026-03-30 14:00:00,2026-03-27 16:00:00,20%,SKIPPED
2026-03-27 14:02:05,ASML.US,1-hour,Long,1302,1153.56399,1359.16913,1117.99293,4.39%,17.82%,14.13%,3.08%,1608.97,New,19d3075f27944e52,2026-03-28 17:00:00,2026-03-29 22:00:00,2026-03-27 17:00:00,5%,SKIPPED
2026-03-27 14:02:05,XOM.US,1-hour,Short,170.31,178.58529,165.53391,181.14879,2.80%,7.31%,6.36%,1.44%,151.66,New,19d3075f27944e52,2026-03-28 17:00:00,2026-03-29 22:00:00,2026-03-27 17:00:00,30%,SKIPPED
2026-03-27 14:07:05,ILMN.US,1-hour,Long,117.20197,104.38014,123.96652,101.13646,5.77%,18.76%,13.71%,3.11%,145.37,New,19d307a84be798dd,2026-03-28 17:00:00,2026-03-29 22:00:00,2026-03-27 17:00:00,10%,SKIPPED
2026-03-27 15:02:06,NAS100,1-hour,Long,23142.6,22817.28043,23519.15652,22623.32232,1.63%,3.08%,2.24%,0.85%,#N/A,New,19d30ace96981b0b,2026-03-28 1:00:00,2026-03-28 13:00:00,2026-03-27 18:00:00,42%,SKIPPED
2026-03-27 15:42:40,MCHP.US,1-hour,Long,61.65441,54.20752,64.83348,52.50991,5.16%,19.60%,14.83%,3.13%,97.33,New,19d30d207f0eb12e,2026-03-28 18:00:00,2026-03-29 23:00:00,2026-03-27 18:00:00,10%,SKIPPED
2026-03-30 0:46:05,NAS100,4-hour,Long,23132.8,21524.7745,23870.69565,21118.46546,3.19%,10.90%,8.71%,1.89%,#N/A,New,19d3d1045a5fd41a,2026-04-02 4:00:00,2026-04-04 4:00:00,2026-03-30 0:00:00,20%,SKIPPED
2026-03-30 9:33:05,NOW.US,4-hour,Long,99.96,84.44366,109.71696,78.74745,9.76%,29.93%,21.22%,6.75%,101.73,New,19d3ef2c10e82eb4,2026-04-05 8:00:00,2026-04-13 8:00:00,2026-03-30 12:00:00,5%,SKIPPED
2026-03-30 9:33:05,MSFT.US,Daily,Long,360.21,285.74527,393.48261,269.94419,9.24%,37.70%,25.06%,5.53%,415.18,New,19d3ef2c10e82eb4,2026-04-09 20:00:00,2026-04-25 20:00:00,2026-03-29 20:00:00,15%,SKIPPED
2026-03-30 9:33:05,ISRG.US,1-hour,Long,453.01,420.18117,466.67435,411.15326,3.02%,11.07%,9.24%,2.15%,436.45,New,19d3ef2c10e82eb4,2026-04-02 12:00:00,2026-04-04 10:00:00,2026-03-30 12:00:00,20%,SKIPPED
2026-03-30 9:50:40,ADI.US,1-hour,Long,305.5,282.9348,316.4413,276.46814,3.58%,11.84%,9.50%,2.29%,415.08,New,19d3f02da2ff1dfc,2026-04-02 12:00:00,2026-04-04 10:00:00,2026-03-30 12:00:00,5%,SKIPPED
2026-03-30 9:57:50,ORCL.US,1-hour,Long,138.21134,130.12546,143.78696,126.89502,4.03%,10.50%,8.19%,2.48%,192.09,New,19d3f096fe71966e,2026-04-02 12:00:00,2026-04-04 10:00:00,2026-03-30 12:00:00,25%,SKIPPED
2026-03-30 10:02:05,BSX.US,1-hour,Long,64.28,61.73868,69.44174,60.08814,8.03%,12.48%,6.52%,2.67%,57.69,New,19d3f0d5c917c437,2026-04-02 13:00:00,2026-04-04 11:00:00,2026-03-30 13:00:00,71%,SKIPPED
2026-03-30 11:02:05,SWKS.US,1-hour,Long,52.68,46.76092,55.40348,45.2232,5.17%,18.48%,14.15%,3.29%,81.81,New,19d3f4458818ab18,2026-04-02 14:00:00,2026-04-04 12:00:00,2026-03-30 14:00:00,15%,SKIPPED
2026-03-30 12:02:20,LLY.US,1-hour,Long,883,837.05169,899.38217,824.52323,1.86%,7.45%,6.62%,1.50%,1078.43,New,19d3f7b66c095fae,2026-04-02 15:00:00,2026-04-04 13:00:00,2026-03-30 15:00:00,20%,SKIPPED
2026-03-30 12:06:46,CSCO.US,1-hour,Long,77.9965,72.50811,81.06391,71.01298,3.93%,11.80%,8.95%,2.06%,118.06,New,19d3f7f707801a36,2026-04-02 15:00:00,2026-04-04 13:00:00,2026-03-30 15:00:00,5%,SKIPPED
2026-03-30 12:29:47,MU.US,1-hour,Long,329.64426,305.24676,362.92826,290.84483,10.10%,18.90%,11.77%,4.72%,877.87,New,19d3f94845627b75,2026-04-02 15:00:00,2026-04-04 13:00:00,2026-03-30 15:00:00,25%,SKIPPED
2026-03-30 13:02:06,MRVL.US,1-hour,Long,88.31,82.25595,95.64348,78.8207,8.30%,16.28%,10.75%,4.18%,201.81,New,19d3fb21d18a1045,2026-04-02 16:00:00,2026-04-04 14:00:00,2026-03-30 16:00:00,5%,SKIPPED
2026-03-30 13:18:15,MSFT.US,1-hour,Long,359.62127,356.49939,364.99957,351.29625,1.50%,2.38%,2.31%,1.46%,415.18,New,19d3fc0e78ecb1e9,2026-04-02 16:00:00,2026-04-04 14:00:00,2026-03-30 16:00:00,15%,SKIPPED
2026-03-30 14:02:10,TXN.US,1-hour,Long,187.17,173.15243,192.63348,169.69895,2.92%,11.25%,9.33%,1.99%,322.31,New,19d3fe91b2d09d1e,2026-04-02 17:00:00,2026-04-03 22:00:00,2026-03-30 17:00:00,5%,SKIPPED
2026-03-30 15:41:05,NXPI.US,1-hour,Long,184.32,166.26696,193.54565,161.82359,5.01%,16.41%,12.21%,2.67%,327.75,New,19d4043a91592660,2026-04-02 18:00:00,2026-04-03 23:00:00,2026-03-30 18:00:00,39%,SKIPPED
2026-03-31 12:02:31,ABT.US,1-hour,Long,101.54095,96.6108,103.72522,95.15412,2.15%,7.36%,6.29%,1.51%,86.63,New,19d44a1f172f7715,2026-04-01 15:00:00,2026-04-05 13:00:00,2026-03-31 15:00:00,40%,SKIPPED
2026-03-31 13:02:06,BSX.US,4-hour,Long,61.86,54.74356,68.9813,51.79323,11.51%,26.01%,16.27%,5.39%,57.69,New,19d44d8763f34aa9,2026-04-05 20:00:00,2026-04-13 20:00:00,2026-03-31 16:00:00,33%,SKIPPED
2026-03-31 13:17:11,META.US,1-hour,Short,570.33869,587.78879,540.12174,601.0339,5.30%,8.11%,5.38%,2.25%,607.92,New,19d44e6462fba3c3,2026-04-01 16:00:00,2026-04-05 14:00:00,2026-03-31 16:00:00,5%,SKIPPED
2026-04-01 9:33:03,GOOGL.US,1-hour,Short,292.29,297.0176,278.32739,302.30986,4.78%,6.29%,3.43%,1.78%,386.56,New,19d493f700632e7d,2026-04-02 12:00:00,2026-04-06 10:00:00,2026-04-01 12:00:00,5%,SKIPPED
2026-04-01 9:33:03,GOOG.US,1-hour,Short,291.09,295.14686,277.78087,300.28268,4.57%,5.88%,3.16%,1.74%,382.55,New,19d493f700632e7d,2026-04-02 12:00:00,2026-04-06 10:00:00,2026-04-01 12:00:00,5%,SKIPPED
2026-04-01 9:33:03,PANW.US,1-hour,Short,160.46678,181.39178,154.17043,186.66254,3.92%,15.01%,16.32%,2.91%,258.35,New,19d493f700632e7d,2026-04-02 12:00:00,2026-04-06 10:00:00,2026-04-01 12:00:00,5%,SKIPPED
2026-04-01 11:02:03,NVDA.US,1-hour,Short,176.67,183.87898,169.51565,187.3566,4.05%,7.81%,6.05%,1.89%,213.56,New,19d4990f7eaf54f7,2026-04-02 14:00:00,2026-04-06 12:00:00,2026-04-01 14:00:00,5%,SKIPPED
2026-04-01 11:11:38,LULU.US,1-hour,Short,158.21517,163.93037,148.56913,167.89265,6.10%,9.37%,6.12%,2.42%,127.25,New,19d4999af58f763d,2026-04-02 14:00:00,2026-04-06 12:00:00,2026-04-01 14:00:00,5%,SKIPPED
2026-04-01 12:02:03,AMAT.US,1-hour,Short,358.4,386.87357,335.16826,398.05601,6.48%,13.36%,11.06%,2.89%,448.93,New,19d49c7dd47fed76,2026-04-02 15:00:00,2026-04-06 13:00:00,2026-04-01 15:00:00,5%,SKIPPED
2026-04-01 12:02:03,KLAC.US,1-hour,Short,1532.89,1656.69153,1438.77217,1704.524,6.14%,13.15%,11.20%,2.89%,1977.22,New,19d49c7dd47fed76,2026-04-02 15:00:00,2026-04-06 13:00:00,2026-04-01 15:00:00,5%,SKIPPED
2026-04-01 12:02:03,ASML.US,1-hour,Short,1384.13,1457.27694,1300.24739,1496.48962,6.06%,10.78%,8.12%,2.69%,1608.97,New,19d49c7dd47fed76,2026-04-02 15:00:00,2026-04-06 13:00:00,2026-04-01 15:00:00,5%,SKIPPED
2026-04-01 12:02:03,MCHP.US,1-hour,Short,65.93,69.87908,62.55696,71.79922,5.12%,10.48%,8.90%,2.75%,97.33,New,19d49c7dd47fed76,2026-04-02 15:00:00,2026-04-06 13:00:00,2026-04-01 15:00:00,5%,SKIPPED
2026-04-01 12:02:03,CSX.US,1-hour,Short,41.57362,43.11809,40.32696,43.77623,3.00%,6.47%,5.30%,1.53%,46.33,New,19d49c7dd47fed76,2026-04-02 15:00:00,2026-04-06 13:00:00,2026-04-01 15:00:00,5%,SKIPPED
2026-04-01 13:02:03,LRCX.US,1-hour,Short,223.47,247.25849,209.75652,255.1237,6.14%,15.17%,14.16%,3.18%,315.08,New,19d49fecc232ff3a,2026-04-02 16:00:00,2026-04-06 14:00:00,2026-04-01 16:00:00,5%,SKIPPED
2026-04-01 13:02:03,XOM.US,1-hour,Long,160.65,151.38199,169.94609,146.84368,5.79%,12.26%,8.59%,3.00%,151.66,New,19d49fecc232ff3a,2026-04-02 16:00:00,2026-04-06 14:00:00,2026-04-01 16:00:00,5%,SKIPPED
2026-04-01 13:02:03,ADI.US,1-hour,Short,323.7,343.68688,310.65739,351.25154,4.03%,9.61%,8.51%,2.20%,415.08,New,19d49fecc232ff3a,2026-04-02 16:00:00,2026-04-06 14:00:00,2026-04-01 16:00:00,5%,SKIPPED
2026-04-01 13:02:03,ROST.US,1-hour,Short,221.16,235.9722,213.56957,240.03631,3.43%,9.49%,8.54%,1.72%,234.24,New,19d49fecc232ff3a,2026-04-02 16:00:00,2026-04-06 14:00:00,2026-04-01 16:00:00,44%,SKIPPED
2026-04-01 13:07:03,TJX.US,1-hour,Short,161.57903,170.76601,157.82696,173.01745,2.32%,7.58%,7.08%,1.32%,158.75,New,19d4a035bcff847c,2026-04-02 16:00:00,2026-04-06 14:00:00,2026-04-01 16:00:00,5%,SKIPPED
2026-04-01 13:16:28,AVGO.US,1-hour,Short,314.25508,332.28985,302.47696,339.57933,3.75%,8.97%,8.06%,2.19%,423.21,New,19d4a0bf83c70a0e,2026-04-02 16:00:00,2026-04-06 14:00:00,2026-04-01 16:00:00,5%,SKIPPED
2026-04-01 13:23:03,ORCL.US,1-hour,Short,146.89708,161.05459,142.06522,164.36627,3.29%,11.79%,11.89%,2.06%,192.09,New,19d4a11fe277e639,2026-04-02 16:00:00,2026-04-06 14:00:00,2026-04-01 16:00:00,5%,SKIPPED
2026-04-01 13:42:23,ILMN.US,1-hour,Short,127.96889,135.94179,121.89,139.19837,4.75%,10.34%,8.78%,2.40%,145.37,New,19d4a23b3833b27c,2026-04-02 16:00:00,2026-04-06 14:00:00,2026-04-01 16:00:00,5%,SKIPPED
2026-04-01 14:02:03,TSLA.US,1-hour,Short,379.64,406.19505,366.74261,414.73613,3.40%,9.71%,9.24%,2.10%,429.35,New,19d4a35b775ca296,2026-04-02 17:00:00,2026-04-03 22:00:00,2026-04-01 17:00:00,5%,SKIPPED
2026-04-01 14:02:03,DHR.US,1-hour,Short,191.09,205.4494,186.55217,208.83666,2.37%,9.20%,9.29%,1.65%,172,New,19d4a35b775ca296,2026-04-02 17:00:00,2026-04-03 22:00:00,2026-04-01 17:00:00,5%,SKIPPED
2026-04-01 14:02:03,FAST.US,1-hour,Short,46.77,49.06978,45.73435,49.76131,2.21%,6.80%,6.40%,1.41%,44.15,New,19d4a35b775ca296,2026-04-02 17:00:00,2026-04-03 22:00:00,2026-04-01 17:00:00,5%,SKIPPED
2026-04-01 15:40:58,AAPL.US,1-hour,Short,255.89726,274.25276,250.43652,277.59657,2.13%,8.68%,8.48%,1.22%,310.38,New,19d4a9044984e2ff,2026-04-02 18:00:00,2026-04-03 23:00:00,2026-04-01 18:00:00,5%,SKIPPED
2026-04-02 6:02:01,NAS100,1-hour,Long,23643.2,22902.59324,23870.16087,22714.70196,0.96%,4.22%,3.93%,0.82%,#N/A,New,19d4da49788d7510,2026-04-02 16:00:00,2026-04-03 5:00:00,2026-04-02 9:00:00,5%,SKIPPED
2026-04-02 10:25:26,AMZN.US,1-hour,Short,209.52477,211.98226,206.55565,216.07808,1.42%,2.56%,3.13%,1.93%,263.72,New,19d4e95c33af52d8,2026-04-03 13:00:00,2026-04-05 11:00:00,2026-04-02 13:00:00,5%,SKIPPED
2026-04-02 13:02:01,AMD.US,1-hour,Short,213.66,234.06564,205.10304,240.76498,4.00%,12.37%,12.69%,2.86%,488.34,New,19d4f251e6a98d90,2026-04-03 16:00:00,2026-04-05 14:00:00,2026-04-02 16:00:00,5%,SKIPPED
2026-04-02 14:07:26,ANET.US,1-hour,Short,126.07356,139.07429,122.49957,142.96568,2.83%,11.92%,13.40%,2.80%,159.34,New,19d4f61078427510,2026-04-03 17:00:00,2026-04-04 22:00:00,2026-04-02 17:00:00,5%,SKIPPED
2026-04-06 14:02:06,BIIB.US,1-hour,Long,169.17564,152.48687,179.11696,148.12688,5.88%,17.46%,12.44%,2.86%,194.36,New,19d63f58a49f46be,2026-04-10 17:00:00,2026-04-11 22:00:00,2026-04-06 17:00:00,30%,SKIPPED
2026-04-06 14:02:06,MU.US,1-hour,Short,378.1,385.19397,362.4113,401.69514,4.15%,5.91%,6.24%,4.28%,877.87,New,19d63f58a49f46be,2026-04-10 17:00:00,2026-04-11 22:00:00,2026-04-06 17:00:00,5%,SKIPPED
2026-04-06 15:02:06,SBUX.US,1-hour,Short,94.38,100.23487,91.10217,101.91752,3.47%,9.11%,7.99%,1.68%,101.63,New,19d642c78c9dee82,2026-04-10 18:00:00,2026-04-11 23:00:00,2026-04-06 18:00:00,10%,SKIPPED
2026-04-07 9:33:05,VRSN.US,4-hour,Short,274.52,293.63947,249.72826,303.87452,9.03%,14.95%,10.69%,3.49%,308,New,19d6825a7590c680,2026-04-14 8:00:00,2026-04-22 8:00:00,2026-04-07 12:00:00,33%,SKIPPED
2026-04-07 15:48:55,AVGO.US,1-hour,Short,333.33736,352.71393,316.51957,360.38939,5.05%,10.26%,8.12%,2.18%,423.21,New,19d697db7011fb1a,2026-04-08 18:00:00,2026-04-12 23:00:00,2026-04-07 18:00:00,5%,SKIPPED
2026-04-08 9:02:05,NAS100,4-hour,Short,25042.5,26209.27726,24225,26597.58074,3.26%,7.57%,6.21%,1.48%,#N/A,New,19d6d2f9f03b5a64,2026-04-09 16:00:00,2026-04-13 20:00:00,2026-04-08 12:00:00,10%,SKIPPED
2026-04-08 9:34:30,ANET.US,1-hour,Short,144.33,146.76095,127.33,151.01058,11.78%,13.24%,4.63%,2.90%,159.34,New,19d6d4d45e4d0e6c,2026-04-09 12:00:00,2026-04-14 10:00:00,2026-04-08 12:00:00,32%,SKIPPED
2026-04-08 9:34:30,CRWD.US,1-hour,Short,446.34,453.07607,398.74174,464.48513,10.66%,11.99%,4.07%,2.52%,673.96,New,19d6d4d45e4d0e6c,2026-04-09 12:00:00,2026-04-14 10:00:00,2026-04-08 12:00:00,20%,SKIPPED
2026-04-08 9:34:30,JNJ.US,1-hour,Long,234.40541,227.90351,241.71043,224.89174,3.12%,6.06%,4.06%,1.32%,231.19,New,19d6d4d45e4d0e6c,2026-04-09 12:00:00,2026-04-14 10:00:00,2026-04-08 12:00:00,10%,SKIPPED
2026-04-08 10:02:10,GOOGL.US,1-hour,Short,316.25262,327.03779,299.34652,332.57308,5.35%,8.47%,5.16%,1.69%,386.56,New,19d6d6807c4f6fc8,2026-04-09 13:00:00,2026-04-14 11:00:00,2026-04-08 13:00:00,24%,SKIPPED
2026-04-08 10:02:10,GOOG.US,1-hour,Short,313.45672,323.83049,297.40304,329.18338,5.12%,8.16%,5.02%,1.65%,382.55,New,19d6d6807c4f6fc8,2026-04-09 13:00:00,2026-04-14 11:00:00,2026-04-08 13:00:00,24%,SKIPPED
2026-04-08 11:38:00,ADI.US,1-hour,Short,346.49554,363.83933,323.01913,372.24511,6.78%,11.22%,7.43%,2.31%,415.08,New,19d6dbe5f45314a7,2026-04-09 14:00:00,2026-04-14 12:00:00,2026-04-08 14:00:00,14%,SKIPPED
2026-04-08 11:53:55,LRCX.US,1-hour,Short,246.1155,265.15008,221.33739,273.9413,10.07%,16.52%,11.31%,3.32%,315.08,New,19d6dcceb05fa424,2026-04-09 14:00:00,2026-04-14 12:00:00,2026-04-08 14:00:00,19%,SKIPPED
2026-04-08 12:02:04,KLAC.US,1-hour,Short,1663.9,1788.60761,1537.46739,1841.27091,7.60%,14.04%,10.66%,2.94%,1977.22,New,19d6dd469d5e31c4,2026-04-09 15:00:00,2026-04-14 13:00:00,2026-04-08 15:00:00,12%,SKIPPED
2026-04-08 12:02:04,TXN.US,1-hour,Short,208.66,220.58199,198.04087,225.08869,5.09%,10.22%,7.87%,2.04%,322.31,New,19d6dd469d5e31c4,2026-04-09 15:00:00,2026-04-14 13:00:00,2026-04-08 15:00:00,5%,SKIPPED
2026-04-08 12:02:04,COP.US,1-hour,Long,124.08,113.72633,130.07435,110.91265,4.83%,14.37%,10.61%,2.47%,118.45,New,19d6dd469d5e31c4,2026-04-09 15:00:00,2026-04-14 13:00:00,2026-04-08 15:00:00,5%,SKIPPED
2026-04-08 12:02:04,AMZN.US,1-hour,Short,221.45,233.08354,212.45565,236.9153,4.06%,8.85%,6.98%,1.64%,263.72,New,19d6dd469d5e31c4,2026-04-09 15:00:00,2026-04-14 13:00:00,2026-04-08 15:00:00,10%,SKIPPED
2026-04-08 12:12:22,HD.US,1-hour,Short,336.62376,356.33784,323.03739,362.63424,4.04%,9.35%,7.73%,1.77%,309.75,New,19d6dddcdd0501bf,2026-04-09 15:00:00,2026-04-14 13:00:00,2026-04-08 15:00:00,5%,SKIPPED
2026-04-08 12:17:35,META.US,1-hour,Short,611.09,641.4272,575.66913,652.77937,5.80%,10.25%,6.82%,1.77%,607.92,New,19d6de298872746e,2026-04-09 15:00:00,2026-04-14 13:00:00,2026-04-08 15:00:00,10%,SKIPPED
2026-04-08 13:02:05,BKNG.US,1-hour,Short,182.51,195.7609,173.3213,201.35229,5.03%,11.46%,10.32%,2.86%,164.23,New,19d6e0b58a6cf6f5,2026-04-09 16:00:00,2026-04-14 14:00:00,2026-04-08 16:00:00,5%,SKIPPED
2026-04-08 13:02:05,XOM.US,1-hour,Long,153.5,140.45494,160.85522,136.89119,4.79%,14.52%,10.82%,2.54%,151.66,New,19d6e0b58a6cf6f5,2026-04-09 16:00:00,2026-04-14 14:00:00,2026-04-08 16:00:00,5%,SKIPPED
2026-04-08 13:02:05,FAST.US,1-hour,Short,47.76516,50.54914,46.15043,51.35842,3.38%,8.70%,7.52%,1.60%,44.15,New,19d6e0b58a6cf6f5,2026-04-09 16:00:00,2026-04-14 14:00:00,2026-04-08 16:00:00,15%,SKIPPED
2026-04-08 13:57:20,MCHP.US,1-hour,Short,70.92966,77.64534,66.87609,79.62866,5.71%,13.87%,12.26%,2.55%,97.33,New,19d6e3de7edffefa,2026-04-09 16:00:00,2026-04-14 14:00:00,2026-04-08 16:00:00,5%,SKIPPED
2026-04-08 13:57:20,DXCM.US,1-hour,Short,65.8178,71.54674,63.2587,72.77963,3.89%,11.58%,10.58%,1.72%,72.64,New,19d6e3de7edffefa,2026-04-09 16:00:00,2026-04-14 14:00:00,2026-04-08 16:00:00,10%,SKIPPED
2026-04-08 14:02:05,AMD.US,1-hour,Short,232.74,249.83076,221.23957,255.79185,4.94%,11.44%,9.90%,2.39%,488.34,New,19d6e42420857389,2026-04-09 17:00:00,2026-04-10 22:00:00,2026-04-08 17:00:00,15%,SKIPPED
2026-04-09 9:33:04,ANET.US,4-hour,Short,143.86,175.24419,128.08652,183.26552,10.96%,26.91%,27.39%,4.58%,159.34,New,19d7272554caaf44,2026-04-16 8:00:00,2026-04-24 8:00:00,2026-04-09 12:00:00,10%,SKIPPED
2026-04-09 9:33:04,AVGO.US,4-hour,Short,351.71,404.01597,316.14435,419.59168,10.11%,21.75%,19.30%,3.86%,423.21,New,19d7272554caaf44,2026-04-16 8:00:00,2026-04-24 8:00:00,2026-04-09 12:00:00,5%,SKIPPED
2026-04-09 9:33:04,MU.US,1-hour,Short,412.35,455.8875,383.89304,471.50423,6.90%,15.79%,14.35%,3.43%,877.87,New,19d7272554caaf44,2026-04-10 12:00:00,2026-04-12 10:00:00,2026-04-09 12:00:00,5%,SKIPPED
2026-04-09 9:50:14,CRM.US,1-hour,Long,169.50947,161.54913,183.56783,157.83003,8.29%,13.63%,6.89%,2.30%,181.53,New,19d72820ac2d13f8,2026-04-10 12:00:00,2026-04-12 10:00:00,2026-04-09 12:00:00,70%,SKIPPED
2026-04-09 10:03:19,NOW.US,1-hour,Long,91.79061,86.12368,100.62739,83.24793,9.63%,16.84%,9.31%,3.34%,101.73,New,19d728e0de9e6e79,2026-04-10 13:00:00,2026-04-12 11:00:00,2026-04-09 13:00:00,63%,SKIPPED
2026-04-09 10:46:19,OKTA.US,1-hour,Long,70.68407,66.98397,79.11826,64.5015,11.93%,18.12%,8.75%,3.71%,96.05,New,19d72b5614facea1,2026-04-10 13:00:00,2026-04-12 11:00:00,2026-04-09 13:00:00,15%,SKIPPED
2026-04-09 10:46:19,MRVL.US,1-hour,Short,120.46796,128.19442,110.51478,131.97337,8.26%,13.79%,9.55%,2.95%,201.81,New,19d72b5614facea1,2026-04-10 13:00:00,2026-04-12 11:00:00,2026-04-09 13:00:00,54%,SKIPPED
2026-04-09 11:02:09,ACN.US,1-hour,Long,183.78,172.1869,196.24304,167.4569,6.78%,13.97%,8.88%,2.75%,178.21,New,19d72c3e992867d4,2026-04-10 14:00:00,2026-04-12 12:00:00,2026-04-09 14:00:00,50%,SKIPPED
2026-04-09 11:11:14,NVDA.US,1-hour,Short,182.7708,193.25018,178.42478,196.09811,2.38%,7.67%,7.29%,1.47%,213.56,New,19d72cc3171927f7,2026-04-10 14:00:00,2026-04-12 12:00:00,2026-04-09 14:00:00,5%,SKIPPED
2026-04-09 12:02:05,ADSK.US,1-hour,Long,223,206.22839,236.47435,200.12335,6.04%,14.67%,10.26%,2.96%,239.01,New,19d72fac087e179c,2026-04-10 15:00:00,2026-04-12 13:00:00,2026-04-09 15:00:00,17%,SKIPPED
2026-04-09 12:02:05,ADBE.US,1-hour,Long,229.1,214.0221,240.45739,208.9953,4.96%,12.35%,8.78%,2.35%,242.3,New,19d72fac087e179c,2026-04-10 15:00:00,2026-04-12 13:00:00,2026-04-09 15:00:00,41%,SKIPPED
2026-04-09 12:02:05,ABBV.US,1-hour,Short,212.00138,222.07572,207.49304,225.18925,2.13%,6.57%,6.22%,1.40%,213.94,New,19d72fac087e179c,2026-04-10 15:00:00,2026-04-12 13:00:00,2026-04-09 15:00:00,5%,SKIPPED
2026-04-09 12:20:50,PG.US,1-hour,Short,146.34238,152.77946,143.20565,154.33844,2.14%,6.27%,5.46%,1.02%,143.82,New,19d730beb607e57e,2026-04-10 15:00:00,2026-04-12 13:00:00,2026-04-09 15:00:00,10%,SKIPPED
2026-04-09 12:24:09,DOCU.US,1-hour,Long,43.83658,38.94804,47.00087,37.46193,7.22%,20.68%,14.54%,3.82%,49.66,New,19d730ef410693d6,2026-04-10 15:00:00,2026-04-12 13:00:00,2026-04-09 15:00:00,10%,SKIPPED
2026-04-09 12:29:19,CSX.US,4-hour,Short,42.93635,45.36687,40.4587,46.43911,5.77%,10.82%,8.16%,2.36%,46.33,New,19d7313b1a982602,2026-04-16 8:00:00,2026-04-24 8:00:00,2026-04-09 12:00:00,10%,SKIPPED
2026-04-09 13:02:04,ROST.US,1-hour,Short,225.98,238.6014,220.81826,242.09476,2.28%,7.45%,7.13%,1.46%,234.24,New,19d7331acf878bb1,2026-04-10 16:00:00,2026-04-12 14:00:00,2026-04-09 16:00:00,30%,SKIPPED
2026-04-09 13:02:04,LLY.US,1-hour,Short,958.94,1026.75737,937.46957,1042.45587,2.24%,8.70%,8.71%,1.53%,1078.43,New,19d7331acf878bb1,2026-04-10 16:00:00,2026-04-12 14:00:00,2026-04-09 16:00:00,5%,SKIPPED
2026-04-09 13:09:29,LRCX.US,4-hour,Short,257.06469,297.92831,223.15391,313.53443,13.19%,25.10%,21.97%,5.24%,315.08,New,19d7338773bd8715,2026-04-12 20:00:00,2026-04-23 20:00:00,2026-04-09 16:00:00,50%,SKIPPED
2026-04-09 13:09:29,CSX.US,1-hour,Short,43.06739,44.39511,41.67174,44.97763,3.24%,6.13%,4.44%,1.31%,46.33,New,19d7338773bd8715,2026-04-10 16:00:00,2026-04-12 14:00:00,2026-04-09 16:00:00,20%,SKIPPED
2026-04-09 14:02:20,LULU.US,1-hour,Short,164.91,177.90768,157.49609,181.88601,4.50%,11.47%,10.29%,2.24%,127.25,New,19d7368d77e2d64e,2026-04-10 17:00:00,2026-04-11 22:00:00,2026-04-09 17:00:00,10%,SKIPPED
2026-04-09 14:02:20,TJX.US,1-hour,Short,164.54959,173.24375,160.78826,175.32345,2.29%,7.19%,6.55%,1.20%,158.75,New,19d7368d77e2d64e,2026-04-10 17:00:00,2026-04-11 22:00:00,2026-04-09 17:00:00,50%,SKIPPED
2026-04-09 15:27:49,NXPI.US,1-hour,Short,205.72,226.53517,199.67087,231.61725,2.94%,11.86%,12.59%,2.24%,327.75,New,19d73b71abd4a104,2026-04-10 18:00:00,2026-04-11 23:00:00,2026-04-09 18:00:00,5%,SKIPPED
2026-04-10 9:33:05,MRVL.US,Daily,Short,125.55,146.27279,96.71696,157.12324,22.97%,33.88%,25.15%,7.42%,201.81,New,19d7798b2c1057c5,2026-04-19 20:00:00,2026-05-07 20:00:00,2026-04-09 20:00:00,31%,SKIPPED
2026-04-10 9:33:05,AMAT.US,4-hour,Short,401.32,456.5064,355.04261,478.64593,11.53%,22.23%,19.27%,4.85%,448.93,New,19d7798b2c1057c5,2026-04-14 8:00:00,2026-04-25 8:00:00,2026-04-10 12:00:00,50%,SKIPPED
2026-04-10 9:33:05,AMZN.US,4-hour,Short,236.58,249.81054,211.70696,259.32796,10.51%,15.25%,9.62%,3.81%,263.72,New,19d7798b2c1057c5,2026-04-14 8:00:00,2026-04-25 8:00:00,2026-04-10 12:00:00,12%,SKIPPED
2026-04-10 9:33:05,META.US,4-hour,Short,635.7,680.5127,576.37043,712.34425,9.33%,15.30%,12.06%,4.68%,607.92,New,19d7798b2c1057c5,2026-04-14 8:00:00,2026-04-25 8:00:00,2026-04-10 12:00:00,5%,SKIPPED
2026-04-10 9:33:05,TXN.US,4-hour,Short,215.68,234.61114,197.39043,242.6505,8.48%,15.86%,12.50%,3.43%,322.31,New,19d7798b2c1057c5,2026-04-14 8:00:00,2026-04-25 8:00:00,2026-04-10 12:00:00,10%,SKIPPED
2026-04-10 9:33:05,SBUX.US,4-hour,Short,96.64,108.03212,91.86739,111.43331,4.94%,14.96%,15.31%,3.15%,101.63,New,19d7798b2c1057c5,2026-04-14 8:00:00,2026-04-25 8:00:00,2026-04-10 12:00:00,5%,SKIPPED
2026-04-10 9:33:05,CSCO.US,1-hour,Short,84.51,85.16775,81.8287,86.59428,3.17%,3.92%,2.47%,1.67%,118.06,New,19d7798b2c1057c5,2026-04-11 12:00:00,2026-04-13 10:00:00,2026-04-10 12:00:00,10%,SKIPPED
2026-04-10 9:48:25,AMD.US,4-hour,Short,247.90706,271.92514,214.10739,285.35562,13.63%,21.26%,15.11%,4.94%,488.34,New,19d77a6b882f72fe,2026-04-14 8:00:00,2026-04-25 8:00:00,2026-04-10 12:00:00,12%,SKIPPED
2026-04-10 11:02:10,PANW.US,1-hour,Long,151.72,144.57809,166.4587,138.00141,9.71%,15.13%,9.04%,4.55%,258.35,New,19d77ea43bd9b3d1,2026-04-11 14:00:00,2026-04-13 12:00:00,2026-04-10 14:00:00,10%,SKIPPED
2026-04-10 13:02:05,NOW.US,4-hour,Long,82.26,70.40168,100.45652,63.81237,22.12%,42.69%,22.43%,9.36%,101.73,New,19d7858107ffe26b,2026-04-13 20:00:00,2026-04-24 20:00:00,2026-04-10 16:00:00,50%,SKIPPED
2026-04-10 13:02:05,FAST.US,4-hour,Short,49.38,53.38793,46.35522,54.86232,6.13%,13.17%,11.10%,2.76%,44.15,New,19d7858107ffe26b,2026-04-13 20:00:00,2026-04-24 20:00:00,2026-04-10 16:00:00,20%,SKIPPED
2026-04-10 13:17:55,FTNT.US,1-hour,Long,77.58368,72.26387,81.53783,69.95806,5.10%,12.83%,9.83%,3.19%,134.57,New,19d7866872b3f66e,2026-04-11 16:00:00,2026-04-13 14:00:00,2026-04-10 16:00:00,5%,SKIPPED
2026-04-10 15:04:50,ANET.US,1-hour,Short,148.50895,151.23554,143.14522,155.77987,3.61%,5.35%,4.90%,3.00%,159.34,New,19d78c869785359b,2026-04-11 18:00:00,2026-04-12 23:00:00,2026-04-10 18:00:00,10%,SKIPPED
2026-04-13 9:33:04,OKTA.US,4-hour,Long,63.41,49.62023,76.08217,44.00542,19.98%,53.33%,30.60%,11.32%,96.05,New,19d870bc6708f82e,2026-04-19 8:00:00,2026-04-30 8:00:00,2026-04-13 12:00:00,37%,SKIPPED
2026-04-13 9:33:04,BSX.US,Daily,Long,61.4,47.66822,66.76783,43.8775,8.74%,40.07%,28.54%,7.95%,57.69,New,19d870bc6708f82e,2026-04-24 20:00:00,2026-05-10 20:00:00,2026-04-12 20:00:00,10%,SKIPPED
2026-04-13 9:33:04,ASML.US,4-hour,Short,1469.2333,1726.63404,1350.59957,1795.86465,8.07%,21.78%,22.23%,4.01%,1608.97,New,19d870bc6708f82e,2026-04-19 8:00:00,2026-04-30 8:00:00,2026-04-13 12:00:00,10%,SKIPPED
2026-04-13 9:43:54,NVDA.US,4-hour,Short,186.69399,211.96701,176.5413,218.3163,5.44%,16.71%,16.94%,3.00%,213.56,New,19d8715b11a19b73,2026-04-19 8:00:00,2026-04-30 8:00:00,2026-04-13 12:00:00,5%,SKIPPED
2026-04-13 10:02:04,ABT.US,1-hour,Long,99.98985,95.02185,102.01652,93.63429,2.03%,7.36%,6.36%,1.46%,86.63,New,19d87265996885ca,2026-04-16 13:00:00,2026-04-18 11:00:00,2026-04-13 13:00:00,25%,SKIPPED
2026-04-13 10:02:04,KLAC.US,1-hour,Short,1732.5,1746.79656,1698.44478,1795.45018,1.97%,2.77%,3.63%,2.79%,1977.22,New,19d87265996885ca,2026-04-16 13:00:00,2026-04-18 11:00:00,2026-04-13 13:00:00,20%,SKIPPED
2026-04-13 10:37:39,FAST.US,1-hour,Long,46.87191,46.27975,48.57043,45.29281,3.62%,4.95%,3.37%,2.13%,44.15,New,19d8746e4d0e918a,2026-04-16 13:00:00,2026-04-18 11:00:00,2026-04-13 13:00:00,5%,SKIPPED
2026-04-13 12:01:54,ORCL.US,1-hour,Short,150.4,165.82474,141.06652,170.33321,6.21%,14.93%,13.25%,2.72%,192.09,New,19d87940c3483611,2026-04-16 15:00:00,2026-04-18 13:00:00,2026-04-13 15:00:00,5%,SKIPPED
2026-04-13 12:01:54,AMD.US,1-hour,Short,245.24842,249.18147,237.95261,255.73656,2.97%,4.51%,4.28%,2.63%,488.34,New,19d87940c3483611,2026-04-16 14:00:00,2026-04-18 12:00:00,2026-04-13 14:00:00,10%,SKIPPED
2026-04-13 13:02:04,MCHP.US,4-hour,Short,72.54,85.02061,66.5213,88.78999,8.30%,21.76%,22.40%,4.43%,97.33,New,19d87cb1f4a1637f,2026-04-18 20:00:00,2026-04-27 20:00:00,2026-04-13 16:00:00,5%,SKIPPED
2026-04-13 14:06:24,JNJ.US,1-hour,Long,236.2912,224.80197,239.73478,222.41814,1.46%,6.64%,5.87%,1.06%,231.19,New,19d880603455d5bd,2026-04-16 17:00:00,2026-04-17 22:00:00,2026-04-13 17:00:00,5%,SKIPPED
2026-04-13 15:02:05,NAS100,1-hour,Short,25289.5,25853.554,25018.06087,26000.79664,1.07%,3.23%,2.81%,0.57%,#N/A,New,19d8838ff9f37cf6,2026-04-14 1:00:00,2026-04-14 13:00:00,2026-04-13 18:00:00,25%,SKIPPED
2026-04-13 15:17:54,MU.US,4-hour,Short,421.9879,505.32502,375.51087,536.12468,11.01%,25.69%,27.05%,6.10%,877.87,New,19d88478135a9cfc,2026-04-18 20:00:00,2026-04-27 20:00:00,2026-04-13 16:00:00,5%,SKIPPED
2026-04-14 9:33:05,AVGO.US,Daily,Short,377.73,475.49505,325.99783,498.39984,13.70%,31.44%,31.95%,4.82%,423.21,New,19d8c322c8c3f88a,2026-04-25 20:00:00,2026-05-11 20:00:00,2026-04-13 20:00:00,10%,SKIPPED
2026-04-14 9:33:05,AMZN.US,Daily,Short,243.56,276.22983,213.20391,287.92069,12.46%,22.82%,18.21%,4.23%,263.72,New,19d8c322c8c3f88a,2026-04-25 20:00:00,2026-05-11 20:00:00,2026-04-13 20:00:00,5%,SKIPPED
2026-04-14 9:33:05,ACN.US,1-hour,Short,192.08,194.79578,184.76304,199.74186,3.81%,5.15%,3.99%,2.54%,178.21,New,19d8c322c8c3f88a,2026-04-15 12:00:00,2026-04-19 10:00:00,2026-04-14 12:00:00,5%,SKIPPED
2026-04-14 9:33:05,LRCX.US,1-hour,Short,269.7,271.0355,259.94087,277.43508,3.62%,4.09%,2.87%,2.36%,315.08,New,19d8c322c8c3f88a,2026-04-15 12:00:00,2026-04-19 10:00:00,2026-04-14 12:00:00,50%,SKIPPED
2026-04-14 9:33:05,MSFT.US,1-hour,Short,387.97,403.12329,374.07826,408.51079,3.58%,7.20%,5.29%,1.34%,415.18,New,19d8c322c8c3f88a,2026-04-15 12:00:00,2026-04-19 10:00:00,2026-04-14 12:00:00,15%,SKIPPED
2026-04-14 10:13:25,CRWD.US,1-hour,Short,401.93504,410.36329,392.78696,424.41037,2.28%,4.28%,5.59%,3.42%,673.96,New,19d8c5713cea0f50,2026-04-15 13:00:00,2026-04-19 11:00:00,2026-04-14 13:00:00,5%,SKIPPED
2026-04-14 10:18:10,NAS100,4-hour,Short,25628.02822,26699.45782,25100.4913,26942.35206,2.06%,5.99%,5.13%,0.91%,#N/A,New,19d8c5b6ab1395ce,2026-04-15 16:00:00,2026-04-19 16:00:00,2026-04-14 12:00:00,20%,SKIPPED
2026-04-14 11:02:05,MRVL.US,1-hour,Short,134.05,134.77163,126.82043,139.84214,5.39%,5.90%,4.32%,3.76%,201.81,New,19d8c83c9b3aa037,2026-04-15 14:00:00,2026-04-19 12:00:00,2026-04-14 14:00:00,40%,SKIPPED
2026-04-14 11:19:55,GOOG.US,1-hour,Short,327.32658,339.23709,316.81913,342.93835,3.21%,6.61%,4.77%,1.09%,382.55,New,19d8c93f4c09b7c8,2026-04-15 14:00:00,2026-04-19 12:00:00,2026-04-14 14:00:00,29%,SKIPPED
2026-04-14 11:24:25,GOOGL.US,1-hour,Short,330.34162,343.22109,318.81565,347.11247,3.49%,7.11%,5.08%,1.13%,386.56,New,19d8c9819c8bb383,2026-04-15 14:00:00,2026-04-19 12:00:00,2026-04-14 14:00:00,29%,SKIPPED
2026-04-14 12:02:05,META.US,1-hour,Short,663.05,698.11079,633.28783,709.24188,4.49%,9.29%,6.97%,1.59%,607.92,New,19d8cba97916a41b,2026-04-15 15:00:00,2026-04-19 13:00:00,2026-04-14 15:00:00,20%,SKIPPED
2026-04-14 12:02:05,TMO.US,1-hour,Short,527.74,555.42791,504.68652,565.47251,4.37%,9.14%,7.15%,1.81%,447.3,New,19d8cba97916a41b,2026-04-15 15:00:00,2026-04-19 13:00:00,2026-04-14 15:00:00,17%,SKIPPED
2026-04-14 12:02:05,SNPS.US,1-hour,Short,420.31,460.37222,404.47652,471.24103,3.77%,12.14%,12.12%,2.36%,535.38,New,19d8cba97916a41b,2026-04-15 15:00:00,2026-04-19 13:00:00,2026-04-14 15:00:00,5%,SKIPPED
2026-04-14 12:02:05,NAS100,1-hour,Short,25720.7,25837.31058,25451.63478,26023.88751,1.05%,1.49%,1.18%,0.72%,#N/A,New,19d8cba97916a41b,2026-04-14 22:00:00,2026-04-15 11:00:00,2026-04-14 15:00:00,32%,SKIPPED
2026-04-14 12:06:55,ALGN.US,1-hour,Short,187.52165,207.29164,176.66478,212.08244,5.79%,14.77%,13.10%,2.31%,164.05,New,19d8cbeffb4a8b58,2026-04-15 15:00:00,2026-04-19 13:00:00,2026-04-14 15:00:00,20%,SKIPPED
2026-04-14 13:02:10,XOM.US,4-hour,Long,147.65,127.65021,160.80087,120.01513,8.91%,25.97%,18.72%,5.98%,151.66,New,19d8cf199522e948,2026-04-19 20:00:00,2026-04-28 20:00:00,2026-04-14 16:00:00,5%,SKIPPED
2026-04-14 13:02:10,ISRG.US,1-hour,Short,469.18,489.74377,455.88957,496.47775,2.83%,6.91%,5.82%,1.38%,436.45,New,19d8cf199522e948,2026-04-15 16:00:00,2026-04-19 14:00:00,2026-04-14 16:00:00,5%,SKIPPED
2026-04-14 14:02:07,TSLA.US,1-hour,Short,364.76,396.70809,351.81652,403.95738,3.55%,11.32%,10.75%,1.83%,429.35,New,19d8d28873149aab,2026-04-15 17:00:00,2026-04-18 22:00:00,2026-04-14 17:00:00,5%,SKIPPED
2026-04-14 14:02:07,DHR.US,1-hour,Short,198.4,209.38214,193.56565,212.59268,2.44%,7.55%,7.15%,1.53%,172,New,19d8d28873149aab,2026-04-15 17:00:00,2026-04-18 22:00:00,2026-04-14 17:00:00,5%,SKIPPED
2026-04-14 15:02:11,TJX.US,1-hour,Long,159.08,158.90587,160.50957,156.82508,0.90%,1.01%,1.42%,1.31%,158.75,New,19d8d5f74fbb779d,2026-04-15 18:00:00,2026-04-18 23:00:00,2026-04-14 18:00:00,5%,SKIPPED
2026-04-14 15:20:00,ILMN.US,1-hour,Short,129.97751,145.83436,124.83957,149.09104,3.95%,14.40%,14.71%,2.23%,145.37,New,19d8d6fc32ef6125,2026-04-15 18:00:00,2026-04-18 23:00:00,2026-04-14 18:00:00,5%,SKIPPED
2026-04-14 15:56:15,MU.US,1-hour,Short,461.94069,493.25758,425.01826,507.2943,7.99%,13.83%,9.82%,2.85%,877.87,New,19d8d90f1df348e1,2026-04-15 18:00:00,2026-04-18 23:00:00,2026-04-14 18:00:00,17%,SKIPPED
2026-04-15 9:33:03,AMD.US,Daily,Short,254.7,302.30115,213.28043,321.71862,16.26%,29.45%,26.31%,6.42%,488.34,New,19d91587ce196f57,2026-04-23 20:00:00,2026-05-12 20:00:00,2026-04-14 20:00:00,5%,SKIPPED
2026-04-15 9:33:03,GOOGL.US,Daily,Short,332.38,388.05733,301.80522,403.43732,9.20%,22.23%,21.38%,3.96%,386.56,New,19d91587ce196f57,2026-04-23 20:00:00,2026-05-12 20:00:00,2026-04-14 20:00:00,5%,SKIPPED
2026-04-15 9:33:03,GOOG.US,Daily,Short,330.17,386.89482,300.33609,401.77503,9.04%,22.37%,21.69%,3.85%,382.55,New,19d91587ce196f57,2026-04-23 20:00:00,2026-05-12 20:00:00,2026-04-14 20:00:00,5%,SKIPPED
2026-04-15 10:58:48,UBER.US,1-hour,Short,76.9369,79.9469,71.99217,81.47065,6.43%,9.95%,5.89%,1.91%,70.58,New,19d91a6faef10360,2026-04-16 13:00:00,2026-04-20 11:00:00,2026-04-15 13:00:00,19%,SKIPPED
2026-04-15 11:02:03,NOW.US,1-hour,Short,93.3,99.78621,87.21,103.28378,6.53%,12.60%,10.70%,3.51%,101.73,New,19d91a9fe1b1e2fc,2026-04-16 14:00:00,2026-04-20 12:00:00,2026-04-15 14:00:00,5%,SKIPPED
2026-04-15 11:02:03,ADSK.US,1-hour,Short,236.22,255.57576,223.87609,261.84562,5.23%,12.40%,10.85%,2.45%,239.01,New,19d91a9fe1b1e2fc,2026-04-16 14:00:00,2026-04-20 12:00:00,2026-04-15 14:00:00,5%,SKIPPED
2026-04-15 11:02:03,BKNG.US,1-hour,Short,184.24,202.51707,177.41304,206.5845,3.71%,12.40%,12.13%,2.01%,164.23,New,19d91a9fe1b1e2fc,2026-04-16 14:00:00,2026-04-20 12:00:00,2026-04-15 14:00:00,5%,SKIPPED
2026-04-15 11:02:03,CRM.US,1-hour,Short,176.07,187.19131,170.34957,191.15799,3.25%,9.00%,8.57%,2.12%,181.53,New,19d91a9fe1b1e2fc,2026-04-16 14:00:00,2026-04-20 12:00:00,2026-04-15 14:00:00,5%,SKIPPED
2026-04-15 13:02:03,MSFT.US,4-hour,Short,408.03,428.38623,375.27522,440.66739,8.03%,12.40%,8.00%,2.87%,415.18,New,19d9217d57f12a15,2026-04-20 20:00:00,2026-04-29 20:00:00,2026-04-15 16:00:00,5%,SKIPPED
2026-04-15 13:13:43,ORCL.US,4-hour,Short,169.19903,187.90578,146.66609,197.23227,13.32%,21.95%,16.57%,4.96%,192.09,New,19d92228111f69d1,2026-04-20 20:00:00,2026-04-29 20:00:00,2026-04-15 16:00:00,5%,SKIPPED
2026-04-15 14:02:03,ASML.US,1-hour,Long,1420.58,1292.63125,1481.78304,1261.72347,4.31%,14.63%,11.18%,2.39%,1608.97,New,19d924ec6394ecd4,2026-04-16 17:00:00,2026-04-17 22:00:00,2026-04-15 17:00:00,5%,SKIPPED
2026-04-15 14:02:03,AVGO.US,1-hour,Short,391.5,413.74763,380.26739,421.19534,2.87%,8.09%,7.59%,1.80%,423.21,New,19d924ec6394ecd4,2026-04-16 17:00:00,2026-04-17 22:00:00,2026-04-15 17:00:00,20%,SKIPPED
2026-04-15 14:02:03,AMD.US,1-hour,Short,254.11,270.34221,249.51522,274.70816,1.81%,7.70%,8.11%,1.61%,488.34,New,19d924ec6394ecd4,2026-04-16 17:00:00,2026-04-17 22:00:00,2026-04-15 17:00:00,10%,SKIPPED
2026-04-15 14:02:03,SBUX.US,1-hour,Short,99.1474,104.8516,97.53652,105.92663,1.62%,6.98%,6.84%,1.03%,101.63,New,19d924ec6394ecd4,2026-04-16 17:00:00,2026-04-17 22:00:00,2026-04-15 17:00:00,15%,SKIPPED
2026-04-15 16:02:04,NAS100,1-hour,Short,26215.5,26387.99286,25912.47826,26508.82307,1.16%,1.80%,1.12%,0.46%,#N/A,New,19d92bca1d0d7355,2026-04-16 2:00:00,2026-04-16 14:00:00,2026-04-15 19:00:00,35%,SKIPPED
2026-04-16 9:33:03,TXN.US,Daily,Short,216.75,253.11896,198.58609,263.92394,8.38%,21.54%,21.76%,4.27%,322.31,New,19d967ed4d507a4c,2026-04-24 20:00:00,2026-05-13 20:00:00,2026-04-15 20:00:00,5%,SKIPPED
2026-04-16 9:33:03,ADBE.US,1-hour,Short,251.56,257.65729,238.29174,267.41294,5.27%,7.52%,6.30%,3.79%,242.3,New,19d967ed4d507a4c,2026-04-17 12:00:00,2026-04-19 10:00:00,2026-04-16 12:00:00,15%,SKIPPED
2026-04-16 11:02:19,OKTA.US,1-hour,Short,71.51041,76.60944,65.97261,78.88026,7.74%,13.88%,10.31%,2.96%,96.05,New,19d96d0906af82ee,2026-04-17 14:00:00,2026-04-19 12:00:00,2026-04-16 14:00:00,5%,SKIPPED
2026-04-16 11:05:28,ANET.US,Daily,Short,157.87341,197.65736,134.66826,209.03324,14.70%,31.87%,32.41%,5.76%,159.34,New,19d96d3701b88fbb,2026-04-24 20:00:00,2026-05-13 20:00:00,2026-04-15 20:00:00,15%,SKIPPED
2026-04-16 12:17:03,ABT.US,1-hour,Long,95.95483,91.95039,100.41957,90.10846,4.65%,9.21%,6.09%,2.00%,86.63,New,19d9714f9d364520,2026-04-17 15:00:00,2026-04-19 13:00:00,2026-04-16 15:00:00,62%,SKIPPED
2026-04-17 9:33:03,ADI.US,Daily,Short,358.79197,422.4847,325.3187,440.42652,9.33%,23.00%,22.75%,4.25%,415.08,New,19d9ba5351284722,2026-04-25 20:00:00,2026-05-14 20:00:00,2026-04-16 20:00:00,10%,SKIPPED
2026-04-17 9:33:03,SNPS.US,1-hour,Short,452.9,460.80255,429.04522,471.08712,5.27%,6.89%,4.02%,2.23%,535.38,New,19d9ba5351284722,2026-04-18 12:00:00,2026-04-20 10:00:00,2026-04-17 12:00:00,25%,SKIPPED
2026-04-17 9:33:03,FTNT.US,1-hour,Short,83.44,88.54636,79.53478,90.2081,4.68%,10.18%,8.11%,1.88%,134.57,New,19d9ba5351284722,2026-04-18 12:00:00,2026-04-20 10:00:00,2026-04-17 12:00:00,5%,SKIPPED
2026-04-17 9:37:18,ANET.US,1-hour,Short,163.36298,167.85051,154.59696,171.06719,5.37%,7.90%,4.72%,1.92%,159.34,New,19d9ba917ed256a3,2026-04-18 12:00:00,2026-04-20 10:00:00,2026-04-17 12:00:00,49%,SKIPPED
2026-04-17 9:59:03,CSCO.US,1-hour,Short,85.23955,89.13964,82.37174,90.22681,3.36%,7.59%,5.85%,1.22%,118.06,New,19d9bbcfd94aeb5b,2026-04-18 12:00:00,2026-04-20 10:00:00,2026-04-17 12:00:00,25%,SKIPPED
2026-04-17 10:02:03,TXN.US,1-hour,Short,226.12,234.14973,218.1513,238.20368,3.52%,6.83%,5.34%,1.73%,322.31,New,19d9bbfc4f0b2989,2026-04-18 13:00:00,2026-04-20 11:00:00,2026-04-17 13:00:00,20%,SKIPPED
2026-04-17 11:02:03,ORCL.US,1-hour,Short,179.84,182.63146,171.1287,189.06456,4.84%,6.30%,5.13%,3.52%,192.09,New,19d9bf6bd6891c71,2026-04-18 14:00:00,2026-04-20 12:00:00,2026-04-17 14:00:00,15%,SKIPPED
2026-04-17 11:02:03,ADI.US,1-hour,Short,367.45,377.47847,350.1487,384.00243,4.71%,7.24%,4.50%,1.73%,415.08,New,19d9bf6bd6891c71,2026-04-18 14:00:00,2026-04-20 12:00:00,2026-04-17 14:00:00,49%,SKIPPED
2026-04-17 11:02:03,MCHP.US,1-hour,Short,78.57,80.961,75.15696,82.67635,4.34%,7.17%,5.23%,2.12%,97.33,New,19d9bf6bd6891c71,2026-04-18 14:00:00,2026-04-20 12:00:00,2026-04-17 14:00:00,15%,SKIPPED
2026-04-17 11:02:03,ODFL.US,1-hour,Short,218.31404,233.09653,209.95913,237.56466,3.83%,9.93%,8.82%,1.92%,214.99,New,19d9bf6bd6891c71,2026-04-18 14:00:00,2026-04-20 12:00:00,2026-04-17 14:00:00,22%,SKIPPED
2026-04-17 11:08:48,AAPL.US,1-hour,Short,271.59444,277.72086,262.54826,281.57994,3.33%,5.46%,3.68%,1.39%,310.38,New,19d9bfcd89adfa4a,2026-04-18 14:00:00,2026-04-20 12:00:00,2026-04-17 14:00:00,29%,SKIPPED
2026-04-17 12:02:03,LOW.US,1-hour,Short,253.67,263.90031,245.71261,267.53097,3.14%,6.89%,5.46%,1.38%,212.06,New,19d9c2da7b4965de,2026-04-18 15:00:00,2026-04-20 13:00:00,2026-04-17 15:00:00,15%,SKIPPED
2026-04-17 12:02:03,HD.US,1-hour,Short,350.48,360.231,340.36435,364.53172,2.89%,5.51%,4.01%,1.19%,309.75,New,19d9c2da7b4965de,2026-04-18 15:00:00,2026-04-20 13:00:00,2026-04-17 15:00:00,10%,SKIPPED
2026-04-17 12:02:03,NAS100,1-hour,Short,26656.7,26965.25529,26388.45217,27090.75455,1.01%,2.14%,1.63%,0.47%,#N/A,New,19d9c2da7b4965de,2026-04-17 22:00:00,2026-04-18 11:00:00,2026-04-17 15:00:00,35%,SKIPPED
2026-04-17 13:02:04,TSLA.US,4-hour,Short,405.93,468.00999,363.03957,488.53036,10.57%,22.43%,20.35%,4.38%,429.35,New,19d9c6493fdb040e,2026-04-20 20:00:00,2026-04-28 20:00:00,2026-04-17 16:00:00,5%,SKIPPED
2026-04-17 13:02:04,SNPS.US,4-hour,Short,452.05,492.82431,410.58478,512.0638,9.17%,16.69%,13.28%,3.90%,535.38,New,19d9c6493fdb040e,2026-04-20 20:00:00,2026-04-28 20:00:00,2026-04-17 16:00:00,10%,SKIPPED
2026-04-17 13:02:04,BKNG.US,1-hour,Short,192.01,197.7714,185.73087,201.2194,3.27%,6.09%,4.80%,1.74%,164.23,New,19d9c6493fdb040e,2026-04-18 16:00:00,2026-04-20 14:00:00,2026-04-17 16:00:00,15%,SKIPPED
2026-04-17 13:02:04,PG.US,1-hour,Short,147.44,151.5367,144.12739,153.09329,2.25%,4.89%,3.83%,1.03%,143.82,New,19d9c6493fdb040e,2026-04-18 16:00:00,2026-04-20 14:00:00,2026-04-17 16:00:00,10%,SKIPPED
2026-04-17 14:02:03,FAST.US,1-hour,Short,45.85,49.3926,44.82261,50.07819,2.24%,9.25%,9.22%,1.39%,44.15,New,19d9c9b79260f639,2026-04-18 17:00:00,2026-04-19 22:00:00,2026-04-17 17:00:00,5%,SKIPPED
2026-04-17 14:02:03,CSX.US,1-hour,Short,43.43,44.61911,42.57565,45.13463,1.97%,4.58%,3.93%,1.16%,46.33,New,19d9c9b79260f639,2026-04-18 17:00:00,2026-04-19 22:00:00,2026-04-17 17:00:00,30%,SKIPPED
2026-04-20 1:12:39,NAS100,Daily,Short,26534,30344.34471,24546.3,31381.67998,7.49%,19.11%,18.27%,3.42%,#N/A,New,19da94e29b9b89af,2026-04-30 20:00:00,2026-05-16 20:00:00,2026-04-19 20:00:00,40%,SKIPPED
2026-04-20 9:33:03,MCHP.US,Daily,Short,78.65,95.0711,67.71174,100.47029,13.91%,28.78%,27.74%,5.68%,97.33,New,19dab1849b6987fb,2026-04-30 20:00:00,2026-05-17 20:00:00,2026-04-19 20:00:00,5%,SKIPPED
2026-04-20 9:33:03,KLAC.US,Daily,Short,1785.99,2185.82998,1581.21739,2315.98575,11.47%,27.66%,29.68%,5.95%,1977.22,New,19dab1849b6987fb,2026-04-30 20:00:00,2026-05-17 20:00:00,2026-04-19 20:00:00,20%,SKIPPED
2026-04-20 9:33:03,TSLA.US,1-hour,Short,405.01,405.03432,389.41261,416.79393,3.85%,3.86%,2.91%,2.90%,429.35,New,19dab1849b6987fb,2026-04-23 12:00:00,2026-04-25 10:00:00,2026-04-20 12:00:00,5%,SKIPPED
2026-04-20 9:56:12,NOW.US,1-hour,Short,100.36855,102.06372,94.94957,104.889,5.40%,6.97%,4.50%,2.77%,101.73,New,19dab2d7984b3ac2,2026-04-23 12:00:00,2026-04-25 10:00:00,2026-04-20 12:00:00,5%,SKIPPED
2026-04-20 10:20:47,CSX.US,Daily,Short,43.57513,48.91537,40.83174,50.47253,6.30%,16.53%,15.83%,3.18%,46.33,New,19dab43fbe74e892,2026-04-30 20:00:00,2026-05-17 20:00:00,2026-04-19 20:00:00,32%,SKIPPED
2026-04-20 12:02:03,MRVL.US,1-hour,Short,145.42,157.97631,136.34522,162.60305,6.24%,13.69%,11.82%,2.93%,201.81,New,19daba0b949ccded,2026-04-23 15:00:00,2026-04-25 13:00:00,2026-04-20 15:00:00,35%,SKIPPED
2026-04-20 13:03:29,ROST.US,1-hour,Short,228.91,238.1386,224.99696,241.0129,1.71%,5.52%,5.29%,1.21%,234.24,New,19dabd8f1fb0df35,2026-04-23 16:00:00,2026-04-25 14:00:00,2026-04-20 16:00:00,30%,SKIPPED
2026-04-20 15:04:38,BSX.US,1-hour,Long,61.33721,58.25984,63.78913,57.2149,4.00%,9.49%,6.72%,1.79%,57.69,New,19dac47ddd41fd21,2026-04-23 18:00:00,2026-04-24 23:00:00,2026-04-20 18:00:00,5%,SKIPPED
2026-04-20 16:35:32,NAS100,4-hour,Short,26619.52677,26779.91542,26313.71739,27047.22983,1.15%,1.74%,1.61%,1.00%,#N/A,New,19dac9b13718eed9,2026-04-23 20:00:00,2026-04-25 20:00:00,2026-04-20 16:00:00,25%,SKIPPED
2026-04-21 9:33:25,TMO.US,4-hour,Short,526.5,587.18848,509.39174,602.96157,3.25%,13.25%,14.52%,2.69%,447.3,New,19db03efc763077b,2026-04-27 8:00:00,2026-05-05 8:00:00,2026-04-21 12:00:00,5%,SKIPPED
2026-04-21 9:52:55,OKTA.US,1-hour,Short,78.59317,80.16679,72.63783,82.78948,7.58%,9.39%,5.34%,3.27%,96.05,New,19db050d52bdb1ab,2026-04-22 12:00:00,2026-04-26 10:00:00,2026-04-21 12:00:00,10%,SKIPPED
2026-04-21 10:41:15,CSCO.US,4-hour,Short,88.91862,93.09386,82.75565,95.63619,6.93%,11.11%,7.55%,2.73%,118.06,New,19db07d13cf38bed,2026-04-27 8:00:00,2026-05-05 8:00:00,2026-04-21 12:00:00,52%,SKIPPED
2026-04-21 11:02:00,SNPS.US,1-hour,Short,474.61,492.15666,452.4187,503.01137,4.68%,8.07%,5.98%,2.21%,535.38,New,19db090326754d9e,2026-04-22 14:00:00,2026-04-26 12:00:00,2026-04-21 14:00:00,27%,SKIPPED
2026-04-21 11:51:41,BIIB.US,1-hour,Short,187.17543,195.34303,179.20739,198.92257,4.26%,8.26%,6.28%,1.83%,194.36,New,19db0bd90a78f864,2026-04-22 14:00:00,2026-04-26 12:00:00,2026-04-21 14:00:00,10%,SKIPPED
2026-04-21 12:02:00,JNJ.US,1-hour,Long,225.42,219.46117,232.61739,216.34534,3.19%,5.99%,4.03%,1.42%,231.19,New,19db0c724ce944c1,2026-04-22 15:00:00,2026-04-26 13:00:00,2026-04-21 15:00:00,40%,SKIPPED
2026-04-21 13:02:00,ABT.US,4-hour,Long,93.36,85.28478,99.88913,81.98005,6.99%,17.12%,12.19%,3.87%,86.63,New,19db0fdf8efe6b04,2026-04-26 20:00:00,2026-05-04 20:00:00,2026-04-21 16:00:00,40%,SKIPPED
2026-04-21 13:02:00,MDT.US,1-hour,Long,82.94,80.10998,85.87087,78.9458,3.53%,7.19%,4.82%,1.45%,77.69,New,19db0fdf8efe6b04,2026-04-22 16:00:00,2026-04-26 14:00:00,2026-04-21 16:00:00,58%,SKIPPED
2026-04-21 13:02:00,GILD.US,1-hour,Long,132.57,126.99283,136.61087,124.93358,3.05%,7.57%,5.76%,1.62%,135.26,New,19db0fdf8efe6b04,2026-04-22 16:00:00,2026-04-26 14:00:00,2026-04-21 16:00:00,20%,SKIPPED
2026-04-21 13:02:00,AAPL.US,1-hour,Long,266.31,262.82656,269.27087,257.25305,1.11%,2.45%,3.40%,2.12%,310.38,New,19db0fdf8efe6b04,2026-04-22 16:00:00,2026-04-26 14:00:00,2026-04-21 16:00:00,5%,SKIPPED
2026-04-21 14:02:00,PANW.US,1-hour,Short,174.58,187.40735,169.62783,190.72491,2.84%,9.49%,9.25%,1.77%,258.35,New,19db134e0b5dda90,2026-04-22 17:00:00,2026-04-25 22:00:00,2026-04-21 17:00:00,5%,SKIPPED
2026-04-21 14:02:00,TXN.US,1-hour,Short,233.88,235.37984,229.77391,239.0644,1.76%,2.38%,2.22%,1.57%,322.31,New,19db134e0b5dda90,2026-04-22 17:00:00,2026-04-25 22:00:00,2026-04-21 17:00:00,20%,SKIPPED
2026-04-21 15:02:00,SYK.US,1-hour,Long,329.13,314.36817,338.83609,309.27461,2.95%,7.78%,6.03%,1.62%,311.44,New,19db16bd37550c75,2026-04-22 18:00:00,2026-04-25 23:00:00,2026-04-21 18:00:00,10%,SKIPPED
2026-04-21 15:02:00,COP.US,1-hour,Short,119.4445,120.80016,117.25696,123.05958,1.83%,2.93%,3.03%,1.87%,118.45,New,19db16bd37550c75,2026-04-22 18:00:00,2026-04-25 23:00:00,2026-04-21 18:00:00,5%,SKIPPED
2026-04-22 9:33:05,ORCL.US,Daily,Short,185.57,231.03619,153.01652,246.01325,17.54%,33.77%,32.57%,6.48%,192.09,New,19db56504dc49498,2026-04-30 20:00:00,2026-05-19 20:00:00,2026-04-21 20:00:00,10%,SKIPPED
2026-04-22 9:33:05,NXPI.US,4-hour,Short,227.28,248.20755,208.83217,257.13291,8.12%,15.86%,13.13%,3.60%,327.75,New,19db56504dc49498,2026-04-28 8:00:00,2026-05-06 8:00:00,2026-04-22 12:00:00,10%,SKIPPED
2026-04-22 9:33:05,ABT.US,1-hour,Long,92.29,84.61331,95.55391,83.09604,3.54%,12.93%,9.96%,1.79%,86.63,New,19db56504dc49498,2026-04-23 12:00:00,2026-04-27 10:00:00,2026-04-22 12:00:00,50%,SKIPPED
2026-04-22 10:09:20,FTNT.US,1-hour,Short,87.06046,90.82867,83.32348,92.52177,4.29%,8.26%,6.27%,1.86%,134.57,New,19db58634fc85aca,2026-04-23 13:00:00,2026-04-27 11:00:00,2026-04-22 13:00:00,25%,SKIPPED
2026-04-22 11:02:05,ANET.US,1-hour,Short,173.36,177.27914,167.63,183.54976,3.31%,5.44%,5.88%,3.54%,159.34,New,19db5b6876f0885d,2026-04-23 14:00:00,2026-04-27 12:00:00,2026-04-22 14:00:00,20%,SKIPPED
2026-04-22 13:02:05,AMD.US,1-hour,Short,298.34,318.14085,281.15348,325.71922,5.76%,11.63%,9.18%,2.38%,488.34,New,19db62466a4a4ab7,2026-04-23 16:00:00,2026-04-27 14:00:00,2026-04-22 16:00:00,50%,SKIPPED
2026-04-22 13:02:05,BKNG.US,1-hour,Long,180.43,170.00779,189.93087,166.09692,5.27%,11.72%,7.94%,2.30%,164.23,New,19db62466a4a4ab7,2026-04-23 16:00:00,2026-04-27 14:00:00,2026-04-22 16:00:00,5%,SKIPPED
2026-04-22 13:02:05,ISRG.US,1-hour,Short,485.09,507.95305,468.21826,518.08388,3.48%,7.82%,6.80%,1.99%,436.45,New,19db62466a4a4ab7,2026-04-23 16:00:00,2026-04-27 14:00:00,2026-04-22 16:00:00,5%,SKIPPED
2026-04-22 13:34:50,AVGO.US,1-hour,Short,420,433.81303,402.78826,440.28924,4.10%,7.15%,4.83%,1.49%,423.21,New,19db642566133937,2026-04-23 16:00:00,2026-04-27 14:00:00,2026-04-22 16:00:00,50%,SKIPPED
2026-04-22 14:02:05,ORCL.US,1-hour,Short,187.26,206.03297,180.13304,210.92439,3.81%,12.57%,12.64%,2.37%,192.09,New,19db65b4d851eb70,2026-04-23 17:00:00,2026-04-24 22:00:00,2026-04-22 17:00:00,20%,SKIPPED
2026-04-22 14:45:45,MU.US,1-hour,Short,487.70509,535.9983,455.35696,550.10691,6.63%,15.05%,12.79%,2.63%,877.87,New,19db6834466be61a,2026-04-23 17:00:00,2026-04-24 22:00:00,2026-04-22 17:00:00,50%,SKIPPED
2026-04-23 9:33:02,TXN.US,4-hour,Short,263.27,276.23218,220.67826,296.97167,16.18%,20.11%,12.80%,7.51%,322.31,New,19dba8b56c105284,2026-04-29 8:00:00,2026-05-07 8:00:00,2026-04-23 12:00:00,76%,SKIPPED
2026-04-23 9:33:02,TMO.US,1-hour,Long,468.03,462.51494,523.90478,450.31436,11.94%,13.27%,3.79%,2.64%,447.3,New,19dba8b56c105284,2026-04-24 12:00:00,2026-04-26 10:00:00,2026-04-23 12:00:00,20%,SKIPPED
2026-04-23 9:33:02,ACN.US,1-hour,Long,178.1,174.38341,194.62478,169.96586,9.28%,11.61%,4.57%,2.53%,178.21,New,19dba8b56c105284,2026-04-24 12:00:00,2026-04-26 10:00:00,2026-04-23 12:00:00,14%,SKIPPED
2026-04-23 9:33:02,MRVL.US,1-hour,Short,159.51,164.78135,150.22565,173.21551,5.82%,8.83%,8.59%,5.12%,201.81,New,19dba8b56c105284,2026-04-24 12:00:00,2026-04-26 10:00:00,2026-04-23 12:00:00,50%,SKIPPED
2026-04-23 9:35:32,LULU.US,1-hour,Long,148.095,145.6474,165.62087,141.56807,11.83%,13.71%,4.41%,2.80%,127.25,New,19dba8da5d5aa224,2026-04-24 12:00:00,2026-04-26 10:00:00,2026-04-23 12:00:00,20%,SKIPPED
2026-04-23 9:35:32,DHR.US,1-hour,Long,177.5,170.91148,192.11261,166.19107,8.23%,12.40%,6.37%,2.76%,172,New,19dba8da5d5aa224,2026-04-24 12:00:00,2026-04-26 10:00:00,2026-04-23 12:00:00,58%,SKIPPED
2026-04-23 9:47:22,NXPI.US,1-hour,Short,238.95878,241.95472,222.22043,246.94795,7.00%,8.16%,3.34%,2.06%,327.75,New,19dba98701f7558f,2026-04-24 12:00:00,2026-04-26 10:00:00,2026-04-23 12:00:00,39%,SKIPPED
2026-04-23 10:02:02,CSX.US,1-hour,Short,45.77489,46.71818,43.55,47.39301,4.86%,6.78%,3.53%,1.44%,46.33,New,19dbaa5eed4cff52,2026-04-24 13:00:00,2026-04-26 11:00:00,2026-04-23 13:00:00,73%,SKIPPED
2026-04-23 10:02:02,HD.US,1-hour,Long,338.54931,321.12069,344.88783,317.04284,1.87%,7.40%,6.35%,1.27%,309.75,New,19dbaa5eed4cff52,2026-04-24 13:00:00,2026-04-26 11:00:00,2026-04-23 13:00:00,5%,SKIPPED
2026-04-23 10:06:17,MCHP.US,1-hour,Short,87.8348,90.6663,80.95087,92.83669,7.84%,10.72%,5.69%,2.39%,97.33,New,19dbaa9c71e791f1,2026-04-24 13:00:00,2026-04-26 11:00:00,2026-04-23 13:00:00,55%,SKIPPED
2026-04-23 10:08:47,NOW.US,1-hour,Long,87.04459,80.00588,100.54043,75.77617,15.50%,25.67%,12.95%,5.29%,101.73,New,19dbaac0f0fb984b,2026-04-24 13:00:00,2026-04-26 11:00:00,2026-04-23 13:00:00,10%,SKIPPED
2026-04-23 10:48:02,ADI.US,4-hour,Short,402.04,419.35314,357.51391,447.05416,11.08%,14.75%,11.20%,6.61%,415.08,New,19dbad001d138ae0,2026-04-29 8:00:00,2026-05-07 8:00:00,2026-04-23 12:00:00,50%,SKIPPED
2026-04-23 10:48:02,LRCX.US,Daily,Short,261.63,345.95722,240.77783,368.43105,7.97%,30.40%,40.82%,6.50%,315.08,New,19dbad001d138ae0,2026-05-01 20:00:00,2026-05-20 20:00:00,2026-04-22 20:00:00,15%,SKIPPED
2026-04-23 10:48:02,BSX.US,1-hour,Short,65.55,67.56134,62.67087,70.77948,4.39%,7.24%,7.98%,4.76%,57.69,New,19dbad001d138ae0,2026-04-24 13:00:00,2026-04-26 11:00:00,2026-04-23 13:00:00,15%,SKIPPED
2026-04-23 12:02:07,CRM.US,1-hour,Long,173.29,158.17001,186.45522,152.35424,7.60%,17.88%,12.08%,3.68%,181.53,New,19dbb13d3f56efb6,2026-04-24 15:00:00,2026-04-26 13:00:00,2026-04-23 15:00:00,5%,SKIPPED
2026-04-23 12:02:07,ADI.US,1-hour,Short,404.94,429.66872,382.11522,439.11827,5.64%,11.07%,8.44%,2.20%,415.08,New,19dbb13d3f56efb6,2026-04-24 15:00:00,2026-04-26 13:00:00,2026-04-23 15:00:00,51%,SKIPPED
2026-04-23 12:02:07,UNP.US,1-hour,Short,266.81,275.186,252.86565,280.28226,5.23%,8.11%,5.05%,1.85%,271.24,New,19dbb13d3f56efb6,2026-04-24 15:00:00,2026-04-26 13:00:00,2026-04-23 15:00:00,27%,SKIPPED
2026-04-23 12:07:02,ADSK.US,1-hour,Long,229.00085,212.64063,243.86043,206.62248,6.49%,14.68%,9.77%,2.83%,239.01,New,19dbb1850af026e6,2026-04-24 15:00:00,2026-04-26 13:00:00,2026-04-23 15:00:00,5%,SKIPPED
2026-04-23 13:02:02,DOCU.US,1-hour,Long,44.1,38.7271,46.95609,37.28924,6.48%,21.25%,15.44%,3.71%,49.66,New,19dbb4ab472e8685,2026-04-24 16:00:00,2026-04-26 14:00:00,2026-04-23 16:00:00,5%,SKIPPED
2026-04-23 13:06:32,CRWD.US,1-hour,Long,444.60626,437.52843,449.48348,425.73205,1.10%,2.73%,4.25%,2.70%,673.96,New,19dbb4ec89f2069c,2026-04-24 16:00:00,2026-04-26 14:00:00,2026-04-23 16:00:00,5%,SKIPPED
2026-04-23 13:11:52,LOW.US,1-hour,Long,245.4,228.41598,249.65478,224.9457,1.73%,9.30%,8.34%,1.52%,212.06,New,19dbb53aa78b7131,2026-04-24 16:00:00,2026-04-26 14:00:00,2026-04-23 16:00:00,5%,SKIPPED
2026-04-23 13:46:27,ILMN.US,1-hour,Long,121.32,111.26662,130.56043,107.69978,7.62%,17.34%,11.23%,3.21%,145.37,New,19dbb7353187ae3e,2026-04-24 16:00:00,2026-04-26 14:00:00,2026-04-23 16:00:00,10%,SKIPPED
2026-04-23 15:02:07,ADBE.US,1-hour,Long,238.38672,212.87323,247.71391,205.69395,3.91%,16.37%,13.71%,3.37%,242.3,New,19dbbb89ffe17f93,2026-04-24 18:00:00,2026-04-25 23:00:00,2026-04-23 18:00:00,5%,SKIPPED
2026-04-23 15:02:07,JNJ.US,1-hour,Short,231.03,233.76515,227.4313,238.14138,1.56%,2.71%,3.08%,1.87%,231.19,New,19dbbb89ffe17f93,2026-04-24 18:00:00,2026-04-25 23:00:00,2026-04-23 18:00:00,5%,SKIPPED
2026-04-24 9:33:05,NXPI.US,Daily,Short,240.91,270.51408,205.1387,285.17043,14.85%,24.17%,18.37%,5.42%,327.75,New,19dbfb1c9e0600c3,2026-05-02 20:00:00,2026-05-21 20:00:00,2026-04-23 20:00:00,5%,SKIPPED
2026-04-24 9:33:05,CSX.US,4-hour,Short,46.1,48.80937,43.06087,50.07383,6.59%,11.78%,8.62%,2.59%,46.33,New,19dbfb1c9e0600c3,2026-04-28 8:00:00,2026-05-08 8:00:00,2026-04-24 12:00:00,43%,SKIPPED
2026-04-24 9:33:05,CRWD.US,4-hour,Short,444.97,530.09,419.71522,555.03933,5.68%,20.82%,24.74%,4.71%,673.96,New,19dbfb1c9e0600c3,2026-04-28 8:00:00,2026-05-08 8:00:00,2026-04-24 12:00:00,5%,SKIPPED
2026-04-24 9:33:05,PG.US,1-hour,Short,150.25,151.18623,143.67565,152.96249,4.38%,4.97%,1.81%,1.17%,143.82,New,19dbfb1c9e0600c3,2026-04-25 12:00:00,2026-04-27 10:00:00,2026-04-24 12:00:00,28%,SKIPPED
2026-04-24 9:33:05,MRK.US,4-hour,Long,113.48,99.31427,117.76739,95.87576,3.78%,18.58%,15.51%,3.46%,120.9,New,19dbfb1c9e0600c3,2026-04-28 8:00:00,2026-05-08 8:00:00,2026-04-24 12:00:00,5%,SKIPPED
2026-04-24 9:33:05,FAST.US,4-hour,Long,45.04022,37.91913,46.00261,36.29418,2.14%,21.32%,19.42%,4.29%,44.15,New,19dbfb1c9e0600c3,2026-04-28 8:00:00,2026-05-08 8:00:00,2026-04-24 12:00:00,5%,SKIPPED
2026-04-24 9:37:05,AMZN.US,4-hour,Short,260.36,269.35042,245.79783,283.73508,5.59%,8.74%,8.98%,5.34%,263.72,New,19dbfb5717fac5db,2026-04-28 8:00:00,2026-05-08 8:00:00,2026-04-24 12:00:00,50%,SKIPPED
2026-04-24 13:02:00,NVDA.US,4-hour,Short,209.67,216.52095,196.65783,227.48247,6.21%,9.17%,8.50%,5.06%,213.56,New,19dc07107c6a4c81,2026-04-27 20:00:00,2026-05-05 20:00:00,2026-04-24 16:00:00,25%,SKIPPED
2026-04-24 13:02:00,KLAC.US,1-hour,Short,1931.5,2016.93594,1822.42217,2064.77788,5.65%,9.64%,6.90%,2.37%,1977.22,New,19dc07107c6a4c81,2026-04-25 16:00:00,2026-04-27 14:00:00,2026-04-24 16:00:00,48%,SKIPPED
2026-04-24 13:02:00,LLY.US,1-hour,Long,880.12,837.7159,907.99783,822.4913,3.17%,8.39%,6.55%,1.82%,1078.43,New,19dc07107c6a4c81,2026-04-25 16:00:00,2026-04-27 14:00:00,2026-04-24 16:00:00,5%,SKIPPED
2026-04-24 14:02:00,SNPS.US,1-hour,Short,498.61,534.39176,472.79739,548.78427,5.18%,11.53%,10.06%,2.69%,535.38,New,19dc0a7f5a3ba143,2026-04-25 17:00:00,2026-04-26 22:00:00,2026-04-24 17:00:00,20%,SKIPPED
2026-04-24 14:02:00,COP.US,1-hour,Long,120.74,120.71481,122.32565,118.82236,1.31%,1.33%,1.59%,1.57%,118.45,New,19dc0a7f5a3ba143,2026-04-25 17:00:00,2026-04-26 22:00:00,2026-04-24 17:00:00,5%,SKIPPED
2026-04-24 15:02:05,AMZN.US,1-hour,Short,263.67,274.54375,255.98913,278.77779,2.91%,6.76%,5.73%,1.54%,263.72,New,19dc0def4002dc70,2026-04-25 18:00:00,2026-04-26 23:00:00,2026-04-24 18:00:00,40%,SKIPPED
2026-04-24 15:13:05,NAS100,1-hour,Short,27313.1748,27912.7393,27034.27391,28064.30223,1.02%,3.15%,2.75%,0.54%,#N/A,New,19dc0e909714e7b8,2026-04-25 1:00:00,2026-04-25 13:00:00,2026-04-24 18:00:00,42%,SKIPPED
2026-04-27 9:33:05,MU.US,Daily,Short,512.12,662.65075,413.28609,714.99657,19.30%,37.63%,39.62%,7.90%,877.87,New,19dcf24d104f288d,2026-05-07 20:00:00,2026-05-24 20:00:00,2026-04-26 20:00:00,40%,SKIPPED
2026-04-27 9:33:05,SNPS.US,Daily,Short,495,608.8813,421.57,643.68781,14.83%,30.76%,30.04%,5.72%,535.38,New,19dcf24d104f288d,2026-05-07 20:00:00,2026-05-24 20:00:00,2026-04-26 20:00:00,10%,SKIPPED
2026-04-27 9:33:05,ABT.US,Daily,Long,91.49,82.49982,99.87,77.91105,9.16%,21.05%,14.84%,5.56%,86.63,New,19dcf24d104f288d,2026-05-07 20:00:00,2026-05-24 20:00:00,2026-04-26 20:00:00,20%,SKIPPED
2026-04-27 9:33:05,DHR.US,4-hour,Long,177.93,155.97658,191.05348,148.75515,7.38%,22.49%,16.40%,4.63%,172,New,19dcf24d104f288d,2026-05-03 8:00:00,2026-05-11 8:00:00,2026-04-27 12:00:00,15%,SKIPPED
2026-04-27 9:33:05,UNP.US,4-hour,Short,268.83,292.39211,253.96783,300.1626,5.53%,13.14%,11.66%,2.66%,271.24,New,19dcf24d104f288d,2026-05-03 8:00:00,2026-05-11 8:00:00,2026-04-27 12:00:00,20%,SKIPPED
2026-04-27 9:37:00,NVDA.US,1-hour,Short,210.93531,220.83801,203.0613,224.70528,3.73%,8.05%,6.53%,1.75%,213.56,New,19dcf285f580bc1b,2026-04-30 12:00:00,2026-05-02 10:00:00,2026-04-27 12:00:00,47%,SKIPPED
2026-04-27 10:02:05,ORCL.US,1-hour,Long,168.62,152.33719,178.64043,145.95412,5.94%,17.27%,13.44%,4.19%,192.09,New,19dcf3f60d332109,2026-04-30 13:00:00,2026-05-02 11:00:00,2026-04-27 13:00:00,10%,SKIPPED
2026-04-27 13:02:05,GILD.US,4-hour,Long,128.22,118.61657,135.90739,114.73971,6.00%,14.58%,10.51%,3.27%,135.26,New,19dcfe42835915bb,2026-05-02 20:00:00,2026-05-10 20:00:00,2026-04-27 16:00:00,20%,SKIPPED
2026-04-27 13:02:05,GOOGL.US,4-hour,Short,351.59,360.57639,334.93304,374.95462,4.74%,7.11%,6.65%,3.99%,386.56,New,19dcfe42835915bb,2026-05-02 20:00:00,2026-05-10 20:00:00,2026-04-27 16:00:00,45%,SKIPPED
2026-04-27 13:02:05,GOOGL.US,1-hour,Short,351.59,363.16898,341.89435,368.0783,2.76%,5.86%,4.69%,1.35%,386.56,New,19dcfe42835915bb,2026-04-30 16:00:00,2026-05-02 14:00:00,2026-04-27 16:00:00,30%,SKIPPED
2026-04-27 13:02:05,GOOG.US,1-hour,Short,349.45,359.53208,340.20391,364.22816,2.65%,5.38%,4.23%,1.31%,382.55,New,19dcfe42835915bb,2026-04-30 16:00:00,2026-05-02 14:00:00,2026-04-27 16:00:00,20%,SKIPPED
2026-04-27 14:02:15,GILD.US,1-hour,Long,127.78,120.47509,131.20609,118.44182,2.68%,8.91%,7.31%,1.69%,135.26,New,19dd01b39d2fef43,2026-04-30 17:00:00,2026-05-01 22:00:00,2026-04-27 17:00:00,32%,SKIPPED
2026-04-27 14:45:00,BIIB.US,1-hour,Long,179.72824,167.85344,185.9187,164.74358,3.44%,10.76%,8.34%,1.85%,194.36,New,19dd0425aac26e32,2026-04-30 17:00:00,2026-05-01 22:00:00,2026-04-27 17:00:00,5%,SKIPPED
2026-04-28 9:33:03,PANW.US,4-hour,Short,184.28,210.44027,170.11522,218.32419,7.69%,19.16%,18.47%,3.75%,258.35,New,19dd44b27aec16fc,2026-05-04 8:00:00,2026-05-12 8:00:00,2026-04-28 12:00:00,20%,SKIPPED
2026-04-28 9:33:03,PANW.US,1-hour,Short,184.28,196.54128,177.53087,200.85757,3.66%,9.67%,9.00%,2.20%,258.35,New,19dd44b27aec16fc,2026-04-29 12:00:00,2026-05-03 10:00:00,2026-04-28 12:00:00,35%,SKIPPED
2026-04-28 9:33:03,GOOG.US,4-hour,Short,345.38,347.48596,334.31696,355.84864,3.20%,3.79%,3.03%,2.41%,382.55,New,19dd44b27aec16fc,2026-05-04 8:00:00,2026-05-12 8:00:00,2026-04-28 12:00:00,15%,SKIPPED
2026-04-28 9:37:13,CSCO.US,Daily,Short,87.68567,100.11505,83.30261,104.0334,5.00%,16.79%,18.64%,3.91%,118.06,New,19dd44ef4800d3f5,2026-05-08 20:00:00,2026-05-25 20:00:00,2026-04-27 20:00:00,10%,SKIPPED
2026-04-28 12:36:23,MDT.US,4-hour,Long,81.86816,75.81843,85.21565,73.7452,4.09%,12.39%,9.92%,2.73%,77.69,New,19dd4f2fecb63f88,2026-05-04 8:00:00,2026-05-12 8:00:00,2026-04-28 12:00:00,35%,SKIPPED
2026-04-28 13:02:03,AMAT.US,1-hour,Long,378.8,345.68282,403.76348,333.03621,6.59%,16.80%,12.08%,3.66%,448.93,New,19dd50a84b8701eb,2026-04-29 16:00:00,2026-05-03 14:00:00,2026-04-28 16:00:00,5%,SKIPPED
2026-04-28 13:02:03,ANET.US,1-hour,Long,163.15,150.35883,172.45043,145.29886,5.70%,14.69%,10.94%,3.37%,159.34,New,19dd50a84b8701eb,2026-04-29 16:00:00,2026-05-03 14:00:00,2026-04-28 16:00:00,5%,SKIPPED
2026-04-28 13:02:03,CRM.US,1-hour,Short,182.79,197.72348,178.20174,201.62298,2.51%,9.87%,10.30%,1.97%,181.53,New,19dd50a84b8701eb,2026-04-29 16:00:00,2026-05-03 14:00:00,2026-04-28 16:00:00,5%,SKIPPED
2026-04-28 15:31:58,ALGN.US,1-hour,Long,174.56,161.46814,184.33783,156.15283,5.60%,14.16%,10.54%,3.29%,164.05,New,19dd593bda896429,2026-04-29 18:00:00,2026-05-02 23:00:00,2026-04-28 18:00:00,10%,SKIPPED
2026-04-28 15:35:08,HD.US,1-hour,Long,327.46636,318.37231,334.46609,314.54273,2.14%,5.06%,3.95%,1.20%,309.75,New,19dd596a324e9e9b,2026-04-29 18:00:00,2026-05-02 23:00:00,2026-04-28 18:00:00,15%,SKIPPED
2026-04-28 15:52:43,MSFT.US,4-hour,Short,429.65693,438.07014,415.89087,452.09215,3.20%,5.06%,5.22%,3.20%,415.18,New,19dd5a6c1d5c46b6,2026-05-03 20:00:00,2026-05-11 20:00:00,2026-04-28 16:00:00,5%,SKIPPED
2026-04-29 9:33:02,NXPI.US,1-hour,Short,279.14,283.87942,236.07087,293.70049,15.43%,16.84%,5.22%,3.46%,327.75,New,19dd971802688558,2026-04-30 12:00:00,2026-05-04 10:00:00,2026-04-29 12:00:00,81%,SKIPPED
2026-04-29 9:33:02,ACN.US,4-hour,Long,176,148.96872,188.25739,140.74804,6.96%,26.37%,20.03%,5.52%,178.21,New,19dd971802688558,2026-05-05 8:00:00,2026-05-13 8:00:00,2026-04-29 12:00:00,15%,SKIPPED
2026-04-29 9:33:02,UNP.US,Daily,Short,266.9,294.53136,250.69261,304.28971,6.07%,14.88%,14.01%,3.31%,271.24,New,19dd971802688558,2026-05-07 20:00:00,2026-05-26 20:00:00,2026-04-28 20:00:00,5%,SKIPPED
2026-04-29 9:33:02,ASML.US,1-hour,Long,1386.4,1235.13678,1421.67,1203.32781,2.54%,15.10%,13.20%,2.58%,1608.97,New,19dd971802688558,2026-04-30 12:00:00,2026-05-04 10:00:00,2026-04-29 12:00:00,5%,SKIPPED
2026-04-29 9:37:27,OKTA.US,4-hour,Short,75,76.58144,73.28826,80.97195,2.28%,4.30%,7.96%,5.73%,96.05,New,19dd975886daf4f0,2026-05-05 8:00:00,2026-05-13 8:00:00,2026-04-29 12:00:00,5%,SKIPPED
2026-04-29 10:02:02,SBUX.US,1-hour,Short,103.58295,107.09645,98.34783,108.80118,5.05%,8.17%,5.04%,1.59%,101.63,New,19dd98c0e1ba908d,2026-04-30 13:00:00,2026-05-04 11:00:00,2026-04-29 13:00:00,45%,SKIPPED
2026-04-29 10:02:02,ISRG.US,1-hour,Long,451.58,421.60884,471.74783,413.4334,4.47%,11.89%,8.45%,1.94%,436.45,New,19dd98c0e1ba908d,2026-04-30 13:00:00,2026-05-04 11:00:00,2026-04-29 13:00:00,5%,SKIPPED
2026-04-29 10:02:02,MDT.US,1-hour,Long,79.86117,77.05081,82.74739,76.04265,3.61%,7.39%,4.78%,1.31%,77.69,New,19dd98c0e1ba908d,2026-04-30 13:00:00,2026-05-04 11:00:00,2026-04-29 13:00:00,60%,SKIPPED
2026-04-29 10:10:47,AVGO.US,1-hour,Long,398.38292,366.47352,411.67826,356.92263,3.34%,12.34%,10.41%,2.61%,423.21,New,19dd9940f4e6ffc5,2026-04-30 13:00:00,2026-05-04 11:00:00,2026-04-29 13:00:00,5%,SKIPPED
2026-04-29 10:21:47,REGN.US,1-hour,Long,684,662.54282,742.80304,645.41166,8.60%,12.11%,5.64%,2.59%,641.79,New,19dd99e21bd2ac3b,2026-04-30 13:00:00,2026-05-04 11:00:00,2026-04-29 13:00:00,64%,SKIPPED
2026-04-29 10:39:47,LOW.US,1-hour,Long,232.98774,226.2169,242.74391,222.92181,4.19%,7.31%,4.32%,1.46%,212.06,New,19dd9ae9a7ea3f9a,2026-04-30 13:00:00,2026-05-04 11:00:00,2026-04-29 13:00:00,23%,SKIPPED
2026-04-29 11:02:02,DXCM.US,1-hour,Long,57.16,55.14586,60.55739,53.80498,5.94%,9.81%,5.87%,2.43%,72.64,New,19dd9c2ff49525e7,2026-04-30 14:00:00,2026-05-04 12:00:00,2026-04-29 14:00:00,60%,SKIPPED
2026-04-29 11:02:02,LRCX.US,1-hour,Long,248.23,211.0766,258.70174,201.60509,4.22%,22.56%,18.78%,4.49%,315.08,New,19dd9c2ff49525e7,2026-04-30 14:00:00,2026-05-04 12:00:00,2026-04-29 14:00:00,5%,SKIPPED
2026-04-29 11:02:02,SYK.US,1-hour,Long,311.65,301.23914,324.71739,296.0326,4.19%,7.79%,5.01%,1.73%,311.44,New,19dd9c2ff49525e7,2026-04-30 14:00:00,2026-05-04 12:00:00,2026-04-29 14:00:00,49%,SKIPPED
2026-04-29 12:39:07,LULU.US,1-hour,Long,137.13096,118.28004,144.21652,115.35011,5.17%,21.93%,15.88%,2.48%,127.25,New,19dda1bdcd44b1d7,2026-04-30 15:00:00,2026-05-04 13:00:00,2026-04-29 15:00:00,50%,SKIPPED
2026-04-29 13:02:03,COP.US,1-hour,Short,126.94,131.69046,122.72565,133.78246,3.32%,6.81%,5.39%,1.59%,118.45,New,19dda30e3e5d4a99,2026-04-30 16:00:00,2026-05-04 14:00:00,2026-04-29 16:00:00,10%,SKIPPED
2026-04-29 13:02:03,SNPS.US,1-hour,Long,474,431.45208,489.39391,421.56636,3.25%,13.43%,11.06%,2.29%,535.38,New,19dda30e3e5d4a99,2026-04-30 16:00:00,2026-05-04 14:00:00,2026-04-29 16:00:00,5%,SKIPPED
2026-04-29 13:02:03,ANET.US,4-hour,Long,164.95356,160.17242,166.64696,152.20387,1.03%,4.04%,7.73%,4.97%,159.34,New,19dda30e3e5d4a99,2026-05-04 20:00:00,2026-05-12 20:00:00,2026-04-29 16:00:00,5%,SKIPPED
2026-04-30 9:33:10,META.US,1-hour,Long,605.37,597.29947,672.8087,583.26155,11.14%,12.64%,3.65%,2.35%,607.92,New,19dde97fe996a677,2026-05-01 12:00:00,2026-05-03 10:00:00,2026-04-30 12:00:00,22%,SKIPPED
2026-04-30 9:33:10,BSX.US,4-hour,Long,57.16,48.27002,62.13391,45.37624,8.70%,28.72%,20.62%,5.99%,57.69,New,19dde97fe996a677,2026-05-06 8:00:00,2026-05-14 8:00:00,2026-04-30 12:00:00,30%,SKIPPED
2026-04-30 9:39:45,KLAC.US,1-hour,Long,1645.057,1610.45051,1843.45304,1552.77303,12.06%,14.47%,5.61%,3.58%,1977.22,New,19dde9e0561ca343,2026-05-01 12:00:00,2026-05-03 10:00:00,2026-04-30 12:00:00,19%,SKIPPED
2026-04-30 9:39:45,ORLY.US,1-hour,Short,98.54,101.70891,91.99522,103.32352,6.64%,9.55%,4.85%,1.59%,88.09,New,19dde9e0561ca343,2026-05-01 12:00:00,2026-05-03 10:00:00,2026-04-30 12:00:00,56%,SKIPPED
2026-04-30 10:13:26,LLY.US,1-hour,Short,922.63,956.9874,870.15696,974.48536,5.69%,9.07%,5.62%,1.83%,1078.43,New,19ddebcd434a93f0,2026-05-01 13:00:00,2026-05-03 11:00:00,2026-04-30 13:00:00,5%,SKIPPED
2026-04-30 11:02:06,ABBV.US,1-hour,Short,213.58,220.90807,200.95391,225.86276,5.91%,9.03%,5.75%,2.24%,213.94,New,19ddee970e709959,2026-05-01 14:00:00,2026-05-03 12:00:00,2026-04-30 14:00:00,17%,SKIPPED
2026-04-30 11:16:25,GOOGL.US,1-hour,Short,377.74008,390.2715,352.14957,398.07285,6.77%,9.77%,5.38%,2.00%,386.56,New,19ddef682fda0367,2026-05-01 14:00:00,2026-05-03 12:00:00,2026-04-30 14:00:00,68%,SKIPPED
2026-04-30 11:18:50,GOOG.US,1-hour,Short,375.06072,385.23123,349.92435,392.79042,6.70%,9.17%,4.73%,1.96%,382.55,New,19ddef8b85564b7a,2026-05-01 14:00:00,2026-05-03 12:00:00,2026-04-30 14:00:00,68%,SKIPPED
2026-04-30 12:02:01,SWKS.US,1-hour,Short,67.15,70.48559,62.02,72.21996,7.64%,12.01%,7.55%,2.46%,81.81,New,19ddf204a9d085c1,2026-05-01 15:00:00,2026-05-03 13:00:00,2026-04-30 15:00:00,45%,SKIPPED
2026-04-30 12:02:01,MSFT.US,1-hour,Long,402.73,382.26691,422.72957,374.09081,4.97%,10.58%,7.11%,2.14%,415.18,New,19ddf204a9d085c1,2026-05-01 15:00:00,2026-05-03 13:00:00,2026-04-30 15:00:00,10%,SKIPPED
2026-04-30 12:02:01,MCHP.US,1-hour,Short,91.8,102.48229,87.25522,104.95375,4.95%,14.86%,14.33%,2.41%,97.33,New,19ddf204a9d085c1,2026-05-01 15:00:00,2026-05-03 13:00:00,2026-04-30 15:00:00,5%,SKIPPED
2026-04-30 12:02:01,CSCO.US,1-hour,Short,90.86,96.09249,88.22043,97.38655,2.91%,8.19%,7.18%,1.35%,118.06,New,19ddf204a9d085c1,2026-05-01 15:00:00,2026-05-03 13:00:00,2026-04-30 15:00:00,45%,SKIPPED
2026-04-30 12:09:30,SWKS.US,Daily,Short,67.83548,75.58585,57.74783,79.30638,14.87%,23.60%,16.91%,4.92%,81.81,New,19ddf271baed9b50,2026-05-08 20:00:00,2026-05-27 20:00:00,2026-04-29 20:00:00,12%,SKIPPED
2026-04-30 13:02:01,XOM.US,1-hour,Short,155.29,161.66758,151.81522,164.05382,2.24%,6.09%,5.64%,1.48%,151.66,New,19ddf574851a0ed8,2026-05-01 16:00:00,2026-05-03 14:00:00,2026-04-30 16:00:00,10%,SKIPPED
2026-04-30 15:02:01,NVDA.US,1-hour,Long,201.83,183.7933,208.96783,178.77758,3.54%,13.70%,11.42%,2.73%,213.56,New,19ddfc50bc257574,2026-05-01 18:00:00,2026-05-02 23:00:00,2026-04-30 18:00:00,5%,SKIPPED
2026-04-30 15:02:01,ABT.US,1-hour,Long,90.7,85.4018,92.26565,84.17436,1.73%,8.04%,7.19%,1.44%,86.63,New,19ddfc50bc257574,2026-05-01 18:00:00,2026-05-02 23:00:00,2026-04-30 18:00:00,30%,SKIPPED
2026-05-01 9:33:15,SYK.US,4-hour,Long,304.85,288.55055,329.09087,278.5288,7.95%,14.05%,8.63%,3.47%,311.44,New,19de3be6b3f87543,2026-05-05 8:00:00,2026-05-15 8:00:00,2026-05-01 12:00:00,47%,SKIPPED
2026-05-01 9:37:51,SBUX.US,Daily,Short,107.26916,119.38253,96.95522,124.10891,9.62%,18.79%,15.70%,3.96%,101.63,New,19de3c29d5bbdd7f,2026-05-09 20:00:00,2026-05-25 20:00:00,2026-04-30 20:00:00,27%,SKIPPED
2026-05-01 10:02:00,AMD.US,1-hour,Short,356.28,400.92751,335.48261,413.34881,5.84%,16.32%,16.02%,3.10%,488.34,New,19de3d8e3b264c02,2026-05-02 13:00:00,2026-05-04 11:00:00,2026-05-01 13:00:00,45%,SKIPPED
2026-05-01 12:02:02,AAPL.US,1-hour,Short,284.66,293.93984,272.34957,299.03978,4.32%,7.35%,5.05%,1.74%,310.38,New,19de447d539ce6f6,2026-05-02 15:00:00,2026-05-04 13:00:00,2026-05-01 15:00:00,40%,SKIPPED
2026-05-01 12:02:02,AVGO.US,1-hour,Short,421.78,445.43246,406.61913,454.45346,3.59%,8.71%,7.75%,2.03%,423.21,New,19de447d539ce6f6,2026-05-02 15:00:00,2026-05-04 13:00:00,2026-05-01 15:00:00,5%,SKIPPED
2026-05-01 12:02:02,TXN.US,1-hour,Short,279.93,328.55158,272.42609,334.27446,2.68%,17.08%,19.41%,1.74%,322.31,New,19de447d539ce6f6,2026-05-02 15:00:00,2026-05-04 13:00:00,2026-05-01 15:00:00,5%,SKIPPED
2026-05-01 12:17:45,MRVL.US,1-hour,Short,165.84015,197.94071,157.94957,203.17292,4.76%,20.20%,22.51%,2.64%,201.81,New,19de45505b1d8b8e,2026-05-02 15:00:00,2026-05-04 13:00:00,2026-05-01 15:00:00,5%,SKIPPED
2026-05-01 13:02:30,ILMN.US,1-hour,Short,133.53,145.8378,125.83478,149.73378,5.76%,13.72%,12.13%,2.67%,145.37,New,19de47dfcabc59f1,2026-05-02 16:00:00,2026-05-04 14:00:00,2026-05-01 16:00:00,10%,SKIPPED
2026-05-01 13:06:25,META.US,4-hour,Long,612.00765,541.90819,665.11696,518.00664,8.68%,22.74%,15.36%,4.41%,607.92,New,19de48192696cf85,2026-05-04 20:00:00,2026-05-12 20:00:00,2026-05-01 16:00:00,5%,SKIPPED
2026-05-01 13:41:15,TSLA.US,1-hour,Short,395.83774,429.34148,378.26739,436.84986,4.44%,11.90%,10.36%,1.75%,429.35,New,19de4a179d3b718a,2026-05-02 16:00:00,2026-05-04 14:00:00,2026-05-01 16:00:00,10%,SKIPPED
2026-05-01 14:02:05,SYK.US,1-hour,Long,300.89,289.91032,313.38087,283.41595,4.15%,8.10%,5.81%,2.24%,311.44,New,19de4b4894f860b1,2026-05-02 17:00:00,2026-05-03 22:00:00,2026-05-01 17:00:00,34%,SKIPPED
2026-05-01 14:02:05,LULU.US,1-hour,Long,135.27,134.94141,138.5387,132.33489,2.42%,2.67%,2.17%,1.93%,127.25,New,19de4b4894f860b1,2026-05-02 17:00:00,2026-05-03 22:00:00,2026-05-01 17:00:00,30%,SKIPPED
2026-05-04 1:02:00,NAS100,1-hour,Short,27841.36645,28197.50131,27663.92609,28343.9371,0.64%,1.89%,1.81%,0.52%,#N/A,New,19df15d70493a49f,2026-05-04 11:00:00,2026-05-07 0:00:00,2026-05-04 4:00:00,30%,SKIPPED
2026-05-04 9:33:05,SWKS.US,4-hour,Short,69.31035,75.90631,62.2513,79.29836,10.18%,17.99%,14.41%,4.47%,81.81,New,19df3315b078a288,2026-05-10 8:00:00,2026-05-18 8:00:00,2026-05-04 12:00:00,12%,SKIPPED
2026-05-04 9:33:05,ORCL.US,1-hour,Short,177.18433,195.63984,165.66609,200.38842,6.50%,15.32%,13.10%,2.43%,192.09,New,19df3315b078a288,2026-05-07 12:00:00,2026-05-09 10:00:00,2026-05-04 12:00:00,5%,SKIPPED
2026-05-04 9:33:05,BKNG.US,4-hour,Long,169.55655,137.10479,179.97957,129.0501,6.15%,31.27%,23.89%,5.87%,164.23,New,19df3315b078a288,2026-05-10 8:00:00,2026-05-18 8:00:00,2026-05-04 12:00:00,5%,SKIPPED
2026-05-04 9:33:05,META.US,Daily,Long,605.08,603.59448,637.45087,563.81924,5.35%,5.61%,6.82%,6.59%,607.92,New,19df3315b078a288,2026-05-14 20:00:00,2026-05-30 20:00:00,2026-05-03 20:00:00,5%,SKIPPED
2026-05-04 9:33:05,HD.US,4-hour,Long,319.76,285.82047,336.10391,276.46124,5.11%,17.59%,13.54%,3.27%,309.75,New,19df3315b078a288,2026-05-10 8:00:00,2026-05-18 8:00:00,2026-05-04 12:00:00,5%,SKIPPED
2026-05-04 13:02:06,LOW.US,4-hour,Long,225.56,202.96708,242.86913,194.85796,7.67%,19.66%,13.61%,4.00%,212.06,New,19df3f0b8d930513,2026-05-09 20:00:00,2026-05-17 20:00:00,2026-05-04 16:00:00,10%,SKIPPED
2026-05-04 13:02:06,LOW.US,1-hour,Long,225.35906,215.98086,233.87087,212.39934,3.78%,8.28%,5.75%,1.66%,212.06,New,19df3f0b8d930513,2026-05-07 16:00:00,2026-05-09 14:00:00,2026-05-04 16:00:00,27%,SKIPPED
2026-05-04 13:02:06,CTAS.US,1-hour,Long,165.81,157.99659,171.64739,155.12046,3.52%,8.64%,6.45%,1.82%,171.17,New,19df3f0b8d930513,2026-05-07 16:00:00,2026-05-09 14:00:00,2026-05-04 16:00:00,15%,SKIPPED
2026-05-04 13:02:06,HD.US,1-hour,Long,313.45801,302.30693,323.83696,297.85369,3.31%,7.12%,4.98%,1.47%,309.75,New,19df3f0b8d930513,2026-05-07 16:00:00,2026-05-09 14:00:00,2026-05-04 16:00:00,52%,SKIPPED
2026-05-04 14:02:06,ODFL.US,1-hour,Long,191.29,167.54627,205.71174,160.49015,7.54%,22.78%,16.10%,4.21%,214.99,New,19df4279f2964fe6,2026-05-07 17:00:00,2026-05-08 22:00:00,2026-05-04 17:00:00,15%,SKIPPED
2026-05-04 15:05:20,MCHP.US,1-hour,Short,95.33576,96.39805,92.87043,98.16852,2.59%,3.66%,2.97%,1.84%,97.33,New,19df4618617bdd33,2026-05-07 18:00:00,2026-05-08 23:00:00,2026-05-04 18:00:00,30%,SKIPPED
2026-05-05 9:33:04,MU.US,4-hour,Short,610.12,648.69088,500.38783,690.64859,17.99%,22.86%,13.20%,6.47%,877.87,New,19df857b0bc15c8f,2026-05-11 8:00:00,2026-05-19 8:00:00,2026-05-05 12:00:00,64%,SKIPPED
2026-05-05 9:33:04,LULU.US,Daily,Long,130.8,93.92469,153.75217,81.62583,17.55%,63.70%,37.59%,13.09%,127.25,New,19df857b0bc15c8f,2026-05-15 20:00:00,2026-05-31 20:00:00,2026-05-04 20:00:00,35%,SKIPPED
2026-05-05 9:33:04,SYK.US,Daily,Long,290,249.08212,329.24478,233.52827,13.53%,32.18%,19.47%,6.24%,311.44,New,19df857b0bc15c8f,2026-05-15 20:00:00,2026-05-31 20:00:00,2026-05-04 20:00:00,36%,SKIPPED
2026-05-05 9:33:04,SBUX.US,4-hour,Short,105.73,116.09615,100.96261,119.51735,4.51%,13.04%,13.04%,2.95%,101.63,New,19df857b0bc15c8f,2026-05-11 8:00:00,2026-05-19 8:00:00,2026-05-05 12:00:00,10%,SKIPPED
2026-05-05 9:35:54,ABT.US,4-hour,Long,86.91988,78.92898,92.12522,76.46221,5.99%,16.72%,12.03%,3.13%,86.63,New,19df85a3f723cc6d,2026-05-11 8:00:00,2026-05-19 8:00:00,2026-05-05 12:00:00,50%,SKIPPED
2026-05-05 10:02:05,ABT.US,1-hour,Long,86.55,85.01227,89.49826,83.63029,3.41%,5.28%,3.37%,1.63%,86.63,New,19df872517c9d5d2,2026-05-06 13:00:00,2026-05-10 11:00:00,2026-05-05 13:00:00,47%,SKIPPED
2026-05-05 10:19:09,FTNT.US,1-hour,Short,89.59544,95.72051,86.36783,97.74035,3.60%,9.77%,9.09%,2.11%,134.57,New,19df881da460370f,2026-05-06 13:00:00,2026-05-10 11:00:00,2026-05-05 13:00:00,30%,SKIPPED
2026-05-05 10:52:59,LLY.US,4-hour,Short,982.8947,1112.18713,909.61043,1149.34903,7.46%,18.21%,16.94%,3.34%,1078.43,New,19df8a0d802d6581,2026-05-11 8:00:00,2026-05-19 8:00:00,2026-05-05 12:00:00,5%,SKIPPED
2026-05-05 12:02:04,CRWD.US,1-hour,Short,477.39,509.59079,458.00696,521.43481,4.06%,10.12%,9.23%,2.32%,673.96,New,19df8e0230a5bf11,2026-05-06 15:00:00,2026-05-10 13:00:00,2026-05-05 15:00:00,25%,SKIPPED
2026-05-05 12:02:04,NAS100,1-hour,Short,28031.2,28620.36114,27772.22609,28744.57544,0.92%,2.96%,2.54%,0.43%,#N/A,New,19df8e0230a5bf11,2026-05-05 22:00:00,2026-05-06 11:00:00,2026-05-05 15:00:00,40%,SKIPPED
2026-05-05 13:02:04,LRCX.US,1-hour,Short,277.25,296.95453,260.75261,304.8454,5.95%,12.19%,9.95%,2.66%,315.08,New,19df917008e4976d,2026-05-06 16:00:00,2026-05-10 14:00:00,2026-05-05 16:00:00,35%,SKIPPED
2026-05-06 7:08:46,NAS100,4-hour,Short,28530.31162,29249.04284,27766.88261,29554.80792,2.68%,5.07%,3.59%,1.05%,#N/A,New,19dfcf9e6148e9b5,2026-05-07 12:00:00,2026-05-11 12:00:00,2026-05-06 8:00:00,56%,SKIPPED
2026-05-06 8:02:06,NAS100,1-hour,Short,28440.3,28476.65328,28186.2913,28637.88266,0.89%,1.02%,0.69%,0.57%,#N/A,New,19dfd2adbb2bca41,2026-05-06 18:00:00,2026-05-07 7:00:00,2026-05-06 11:00:00,40%,SKIPPED
2026-05-06 9:33:06,AMD.US,4-hour,Short,408.03,437.78102,328.23304,485.38264,19.56%,25.02%,18.96%,10.87%,488.34,New,19dfd7e127af8fa8,2026-05-12 8:00:00,2026-05-20 8:00:00,2026-05-06 12:00:00,66%,SKIPPED
2026-05-06 9:33:06,AMD.US,1-hour,Short,421.91,430.90709,351.8913,446.08457,16.60%,18.34%,5.73%,3.52%,488.34,New,19dfd7e127af8fa8,2026-05-07 12:00:00,2026-05-11 10:00:00,2026-05-06 12:00:00,83%,SKIPPED
2026-05-06 9:33:06,MDT.US,Daily,Long,78.14,69.41326,84.20783,66.03027,7.77%,21.31%,15.50%,4.87%,77.69,New,19dfd7e127af8fa8,2026-05-14 20:00:00,2026-06-01 20:00:00,2026-05-05 20:00:00,20%,SKIPPED
2026-05-06 9:33:06,ALGN.US,4-hour,Long,169.44,142.59383,182.29391,133.34981,7.59%,27.84%,21.30%,6.48%,164.05,New,19dfd7e127af8fa8,2026-05-12 8:00:00,2026-05-20 8:00:00,2026-05-06 12:00:00,5%,SKIPPED
2026-05-06 10:02:06,ANET.US,1-hour,Long,146.75,141.4867,172.87391,133.75394,17.80%,22.18%,8.86%,5.47%,159.34,New,19dfd98a255dc055,2026-05-07 13:00:00,2026-05-11 11:00:00,2026-05-06 13:00:00,19%,SKIPPED
2026-05-06 11:02:06,ASML.US,1-hour,Short,1525.8,1592.55796,1430.43304,1633.47601,6.25%,10.18%,7.06%,2.57%,1608.97,New,19dfdd0270a4428d,2026-05-07 14:00:00,2026-05-11 12:00:00,2026-05-06 14:00:00,22%,SKIPPED
2026-05-06 11:02:06,AMAT.US,1-hour,Short,424.55,451.44628,400.62304,463.56798,5.64%,11.26%,9.19%,2.69%,448.93,New,19dfdd0270a4428d,2026-05-07 14:00:00,2026-05-11 12:00:00,2026-05-06 14:00:00,40%,SKIPPED
2026-05-06 11:02:06,MDT.US,1-hour,Long,77.9,76.78172,78.96609,74.99247,1.37%,2.84%,3.73%,2.33%,77.69,New,19dfdd0270a4428d,2026-05-07 14:00:00,2026-05-11 12:00:00,2026-05-06 14:00:00,20%,SKIPPED
2026-05-06 12:02:06,ORCL.US,1-hour,Short,191.85,197.2812,180.49435,203.19114,5.92%,8.51%,5.91%,3.00%,192.09,New,19dfe0682ae99160,2026-05-07 15:00:00,2026-05-11 13:00:00,2026-05-06 15:00:00,30%,SKIPPED
2026-05-06 13:02:06,ADI.US,1-hour,Short,413.57,435.86352,400.57304,442.4475,3.14%,8.10%,6.98%,1.51%,415.08,New,19dfe3d7279a9144,2026-05-07 16:00:00,2026-05-11 14:00:00,2026-05-06 16:00:00,35%,SKIPPED
2026-05-06 14:02:06,COP.US,1-hour,Long,118.99,110.61829,122.90609,108.34694,3.29%,11.11%,8.94%,2.05%,118.45,New,19dfe74532f7cd71,2026-05-07 17:00:00,2026-05-08 22:00:00,2026-05-06 17:00:00,5%,SKIPPED
2026-05-06 15:02:06,SWKS.US,1-hour,Long,64,55.63821,68.41435,52.72694,6.90%,22.96%,17.61%,5.23%,81.81,New,19dfeab54481fe3a,2026-05-07 18:00:00,2026-05-08 23:00:00,2026-05-06 18:00:00,5%,SKIPPED
2026-05-06 15:39:21,UBER.US,1-hour,Short,79.98165,84.47829,75.38609,86.57027,5.75%,10.76%,8.24%,2.48%,70.58,New,19dfecd59c5fda26,2026-05-07 18:00:00,2026-05-08 23:00:00,2026-05-06 18:00:00,35%,SKIPPED
2026-05-07 9:33:02,FTNT.US,4-hour,Short,107.72662,110.58855,86.22348,115.35842,19.96%,22.03%,7.08%,4.31%,134.57,New,19e02a45ec9e2e07,2026-05-13 8:00:00,2026-05-21 8:00:00,2026-05-07 12:00:00,60%,SKIPPED
2026-05-07 9:33:02,AAPL.US,1-hour,Short,288.71,306.9429,281.5587,311.11936,2.48%,8.27%,7.76%,1.36%,310.38,New,19e02a45ec9e2e07,2026-05-08 12:00:00,2026-05-10 10:00:00,2026-05-07 12:00:00,50%,SKIPPED
2026-05-07 10:02:02,NVDA.US,1-hour,Short,208.84,223.33049,200.47739,227.7658,4.00%,10.23%,9.06%,1.99%,213.56,New,19e02bef6c2c4fac,2026-05-08 13:00:00,2026-05-10 11:00:00,2026-05-07 13:00:00,5%,SKIPPED
2026-05-07 10:05:52,XOM.US,1-hour,Long,145.07416,136.09488,151.79391,132.94654,4.63%,11.54%,8.36%,2.31%,151.66,New,19e02c26debd1134,2026-05-08 13:00:00,2026-05-10 11:00:00,2026-05-07 13:00:00,10%,SKIPPED
2026-05-07 11:02:02,MU.US,1-hour,Short,668.1,672.24501,628.68435,705.37828,5.90%,6.48%,5.58%,4.93%,877.87,New,19e02f5e40423b61,2026-05-08 14:00:00,2026-05-10 12:00:00,2026-05-07 14:00:00,45%,SKIPPED
2026-05-07 11:02:02,GOOG.US,1-hour,Short,394,426.27443,386.43522,432.49186,1.92%,9.35%,9.77%,1.46%,382.55,New,19e02f5e40423b61,2026-05-08 14:00:00,2026-05-10 12:00:00,2026-05-07 14:00:00,20%,SKIPPED
2026-05-07 14:02:08,PANW.US,1-hour,Short,193.4,212.83511,185.90957,218.06759,3.87%,12.65%,12.75%,2.46%,258.35,New,19e039ac60f7fcf5,2026-05-08 17:00:00,2026-05-09 22:00:00,2026-05-07 17:00:00,24%,SKIPPED
2026-05-07 15:02:07,CRWD.US,1-hour,Short,501.76,540.22688,478.25043,553.89077,4.69%,11.47%,10.39%,2.53%,673.96,New,19e03d1a4b48a467,2026-05-08 18:00:00,2026-05-09 23:00:00,2026-05-07 18:00:00,26%,SKIPPED
2026-05-08 9:33:06,FTNT.US,Daily,Short,108.43,120.25853,84.88826,127.79562,21.71%,29.41%,17.86%,6.27%,134.57,New,19e07cacb6a661f9,2026-05-16 20:00:00,2026-06-01 20:00:00,2026-05-07 20:00:00,23%,SKIPPED
2026-05-08 9:47:41,ORCL.US,4-hour,Short,194.92619,227.89877,176.60696,238.90231,9.40%,22.51%,22.56%,4.83%,192.09,New,19e07d8254144dc9,2026-05-12 8:00:00,2026-05-22 8:00:00,2026-05-08 12:00:00,15%,SKIPPED
2026-05-08 11:02:01,TSLA.US,1-hour,Short,427.55,448.87846,401.46739,460.83851,6.10%,10.56%,7.79%,2.66%,429.35,New,19e081e775031b06,2026-05-09 14:00:00,2026-05-11 12:00:00,2026-05-08 14:00:00,27%,SKIPPED
2026-05-08 12:02:01,NAS100,1-hour,Short,29101.3,29574.39882,28725.51304,29743.39527,1.29%,2.87%,2.21%,0.57%,#N/A,New,19e0853283135396,2026-05-08 22:00:00,2026-05-09 11:00:00,2026-05-08 15:00:00,45%,SKIPPED
2026-05-08 12:50:56,CSCO.US,1-hour,Short,96.2143,100.25734,92.91652,101.81746,3.43%,7.32%,5.82%,1.56%,118.06,New,19e087fe9a669214,2026-05-09 15:00:00,2026-05-11 13:00:00,2026-05-08 15:00:00,50%,SKIPPED
2026-05-08 14:02:16,ASML.US,1-hour,Short,1578.96,1599.99729,1518.63348,1638.36658,3.82%,5.09%,3.76%,2.40%,1608.97,New,19e08c13abdd7f17,2026-05-09 17:00:00,2026-05-10 22:00:00,2026-05-08 17:00:00,45%,SKIPPED
2026-05-08 15:45:11,AAPL.US,4-hour,Short,293.843,313.99929,277.02348,322.16994,5.72%,11.78%,9.64%,2.60%,310.38,New,19e091f710168a63,2026-05-11 20:00:00,2026-05-19 20:00:00,2026-05-08 16:00:00,45%,SKIPPED
2026-05-11 6:09:55,NAS100,1-hour,Short,29231.5,29296.91505,29146.42609,29442.44902,0.29%,0.51%,0.72%,0.50%,#N/A,New,19e1683d228f364c,2026-05-11 16:00:00,2026-05-14 5:00:00,2026-05-11 9:00:00,15%,SKIPPED
2026-05-11 9:33:05,PANW.US,4-hour,Short,207.1,230.25485,184.45435,239.38852,10.93%,19.89%,15.59%,3.97%,258.35,New,19e173dd2ece6f1a,2026-05-17 8:00:00,2026-05-25 8:00:00,2026-05-11 12:00:00,34%,SKIPPED
2026-05-11 9:33:05,LRCX.US,4-hour,Short,296.02,343.20864,267.5487,360.2742,9.62%,22.04%,21.71%,4.97%,315.08,New,19e173dd2ece6f1a,2026-05-17 8:00:00,2026-05-25 8:00:00,2026-05-11 12:00:00,15%,SKIPPED
2026-05-11 9:33:05,DHR.US,Daily,Long,170.69,137.21831,184.87696,127.64707,8.31%,34.73%,25.22%,6.98%,172,New,19e173dd2ece6f1a,2026-05-21 20:00:00,2026-06-06 20:00:00,2026-05-10 20:00:00,25%,SKIPPED
2026-05-11 10:02:05,AMD.US,1-hour,Short,454.56,466.52218,420.48087,488.25013,7.50%,9.87%,7.41%,4.66%,488.34,New,19e17586a6805851,2026-05-14 13:00:00,2026-05-16 11:00:00,2026-05-11 13:00:00,45%,SKIPPED
2026-05-11 10:02:05,BSX.US,1-hour,Long,53.58,50.39544,55.70783,49.18524,3.97%,10.54%,8.20%,2.40%,57.69,New,19e17586a6805851,2026-05-14 13:00:00,2026-05-16 11:00:00,2026-05-11 13:00:00,45%,SKIPPED
2026-05-11 10:02:05,AMD.US,1-hour,Short,454.56,466.52218,420.48087,488.25013,7.50%,9.87%,7.41%,4.66%,488.34,New,19e17586a6805851,2026-05-14 13:00:00,2026-05-16 11:00:00,2026-05-11 13:00:00,45%,SKIPPED
2026-05-11 10:02:05,BSX.US,1-hour,Long,53.58,50.39544,55.70783,49.18524,3.97%,10.54%,8.20%,2.40%,,New,19e17586a6805851,2026-05-14 13:00:00,2026-05-16 11:00:00,2026-05-11 13:00:00,45%,SKIPPED
2026-05-11 10:36:50,CSCO.US,4-hour,Short,97.11737,102.25239,91.10217,105.12242,6.19%,10.90%,8.24%,2.81%,118.06,New,19e17782edd00fef,2026-05-17 8:00:00,2026-05-25 8:00:00,2026-05-11 12:00:00,52%,SKIPPED
2026-05-11 10:50:50,CRWD.US,4-hour,Short,527.56,574.458,466.3913,600.52195,11.59%,18.81%,13.83%,4.54%,673.96,New,19e178501f892ffb,2026-05-17 8:00:00,2026-05-25 8:00:00,2026-05-11 12:00:00,27%,SKIPPED
2026-05-11 11:02:05,ISRG.US,1-hour,Long,428.24,410.01413,450.1587,402.29805,5.12%,9.79%,6.06%,1.88%,436.45,New,19e178f548515d3c,2026-05-14 14:00:00,2026-05-16 12:00:00,2026-05-11 14:00:00,56%,SKIPPED
2026-05-11 11:10:30,TSLA.US,4-hour,Short,426.21876,475.64058,389.34304,492.94599,8.65%,18.14%,15.66%,3.64%,429.35,New,19e1797027d6a0ae,2026-05-17 8:00:00,2026-05-25 8:00:00,2026-05-11 12:00:00,15%,SKIPPED
2026-05-11 11:15:00,MRVL.US,Daily,Short,173.21,180.34457,149.97739,197.32099,13.41%,16.84%,13.92%,9.41%,201.81,New,19e179b216b244ce,2026-05-21 20:00:00,2026-06-06 20:00:00,2026-05-10 20:00:00,38%,SKIPPED
2026-05-11 12:02:05,NVDA.US,1-hour,Short,222.07583,231.46239,212.4913,236.65821,4.32%,8.20%,6.57%,2.24%,213.56,New,19e17c6461d856f4,2026-05-14 15:00:00,2026-05-16 13:00:00,2026-05-11 15:00:00,40%,SKIPPED
2026-05-11 12:02:05,AMAT.US,1-hour,Short,445.47,480.779,426.55304,491.97693,4.25%,11.28%,10.44%,2.33%,448.93,New,19e17c6461d856f4,2026-05-14 15:00:00,2026-05-16 13:00:00,2026-05-11 15:00:00,40%,SKIPPED
2026-05-11 12:02:05,ABT.US,1-hour,Long,82.45,78.24221,85.92,76.64614,4.21%,9.81%,7.04%,2.04%,86.63,New,19e17c6461d856f4,2026-05-14 15:00:00,2026-05-16 13:00:00,2026-05-11 15:00:00,47%,SKIPPED
2026-05-11 12:02:05,MDT.US,1-hour,Long,74.64,71.97252,77.19652,70.82874,3.43%,7.26%,5.11%,1.59%,77.69,New,19e17c6461d856f4,2026-05-14 15:00:00,2026-05-16 13:00:00,2026-05-11 15:00:00,45%,SKIPPED
2026-05-11 12:45:15,BKNG.US,1-hour,Long,158.63467,146.06665,168.86696,142.13092,6.45%,15.61%,10.40%,2.69%,164.23,New,19e17edc1f046d6e,2026-05-14 15:00:00,2026-05-16 13:00:00,2026-05-11 15:00:00,35%,SKIPPED
2026-05-11 12:49:10,ROST.US,1-hour,Long,211.96265,205.70584,225.06652,201.43894,6.18%,9.41%,4.96%,2.07%,234.24,New,19e17f156970c641,2026-05-14 15:00:00,2026-05-16 13:00:00,2026-05-11 15:00:00,24%,SKIPPED
2026-05-11 13:02:05,DHR.US,1-hour,Long,165.97,155.70359,172.53174,152.60892,3.95%,10.81%,8.05%,1.99%,172,New,19e17fd2cc748b4f,2026-05-14 16:00:00,2026-05-16 14:00:00,2026-05-11 16:00:00,39%,SKIPPED
2026-05-11 13:02:05,TJX.US,1-hour,Long,147.91,141.52327,153.58391,139.25188,3.84%,8.52%,5.85%,1.60%,158.75,New,19e17fd2cc748b4f,2026-05-14 16:00:00,2026-05-16 14:00:00,2026-05-11 16:00:00,40%,SKIPPED
2026-05-11 13:02:05,ORLY.US,1-hour,Long,90.5,86.4637,93.7313,84.94823,3.57%,8.41%,6.13%,1.75%,88.09,New,19e17fd2cc748b4f,2026-05-14 16:00:00,2026-05-16 14:00:00,2026-05-11 16:00:00,10%,SKIPPED
2026-05-11 13:02:05,PG.US,1-hour,Long,142.01,135.9819,146.34348,134.0664,3.05%,7.62%,5.59%,1.41%,143.82,New,19e17fd2cc748b4f,2026-05-14 16:00:00,2026-05-16 14:00:00,2026-05-11 16:00:00,15%,SKIPPED
2026-05-11 13:02:05,SYK.US,1-hour,Long,283.33,263.32456,290.18087,258.69782,2.42%,10.20%,8.69%,1.76%,311.44,New,19e17fd2cc748b4f,2026-05-14 16:00:00,2026-05-16 14:00:00,2026-05-11 16:00:00,30%,SKIPPED
2026-05-11 14:02:05,IDXX.US,1-hour,Long,531.38,464.24119,561.30174,449.5865,5.63%,20.91%,15.39%,3.16%,555.4,New,19e18341ff7ad9a3,2026-05-14 17:00:00,2026-05-15 22:00:00,2026-05-11 17:00:00,44%,SKIPPED
2026-05-11 14:02:05,LULU.US,1-hour,Long,126.9,118.88537,131.41739,116.41661,3.56%,10.54%,8.26%,2.08%,127.25,New,19e18341ff7ad9a3,2026-05-14 17:00:00,2026-05-15 22:00:00,2026-05-11 17:00:00,30%,SKIPPED
2026-05-11 14:02:05,HD.US,1-hour,Long,311.97,296.0684,320.01913,291.65726,2.58%,8.09%,6.51%,1.49%,309.75,New,19e18341ff7ad9a3,2026-05-14 17:00:00,2026-05-15 22:00:00,2026-05-11 17:00:00,5%,SKIPPED
2026-05-12 9:02:47,NAS100,4-hour,Short,29152.1,29456.96424,28952.03478,29747.30986,0.69%,1.71%,2.04%,0.99%,#N/A,New,19e1c4872717fadd,2026-05-13 16:00:00,2026-05-17 16:00:00,2026-05-12 12:00:00,22%,SKIPPED
2026-05-12 9:33:02,CRWD.US,Daily,Short,537.95,611.06006,448.44217,653.69852,16.64%,26.61%,21.52%,6.98%,673.96,New,19e1c642567b126d,2026-05-22 20:00:00,2026-06-07 20:00:00,2026-05-11 20:00:00,15%,SKIPPED
2026-05-12 9:33:02,PANW.US,Daily,Short,212.05,244.32479,178.02957,259.27029,16.04%,27.13%,22.27%,6.12%,258.35,New,19e1c642567b126d,2026-05-22 20:00:00,2026-06-07 20:00:00,2026-05-11 20:00:00,15%,SKIPPED
2026-05-12 10:02:47,ADSK.US,1-hour,Long,234.77541,211.44789,243.94565,205.12546,3.91%,15.37%,12.63%,2.99%,239.01,New,19e1c7f665b20aa9,2026-05-13 13:00:00,2026-05-17 11:00:00,2026-05-12 13:00:00,5%,SKIPPED
2026-05-12 11:02:12,CRM.US,1-hour,Long,174.67,159.45778,180.85391,155.12886,3.54%,13.42%,11.19%,2.71%,181.53,New,19e1cb5cb75a4d20,2026-05-13 14:00:00,2026-05-17 12:00:00,2026-05-12 14:00:00,10%,SKIPPED
2026-05-12 12:02:02,XOM.US,1-hour,Short,151.24,161.52892,146.93565,163.83269,2.85%,9.03%,8.33%,1.43%,151.66,New,19e1cec9cda6f679,2026-05-13 15:00:00,2026-05-17 13:00:00,2026-05-12 15:00:00,5%,SKIPPED
2026-05-12 13:02:02,KLAC.US,1-hour,Long,1743.8,1488.75479,1823.40739,1434.70208,4.57%,22.48%,17.73%,3.63%,1977.22,New,19e1d238265e5145,2026-05-13 16:00:00,2026-05-17 14:00:00,2026-05-12 16:00:00,5%,SKIPPED
2026-05-12 13:02:02,GOOG.US,1-hour,Long,380.21735,361.24437,391.3413,356.1423,2.93%,8.33%,6.33%,1.41%,382.55,New,19e1d238265e5145,2026-05-13 16:00:00,2026-05-17 14:00:00,2026-05-12 16:00:00,5%,SKIPPED
2026-05-12 13:02:02,ADBE.US,1-hour,Long,242.41,221.01149,249.40391,215.99558,2.89%,12.85%,10.90%,2.27%,242.3,New,19e1d238265e5145,2026-05-13 16:00:00,2026-05-17 14:00:00,2026-05-12 16:00:00,5%,SKIPPED
2026-05-12 13:02:02,NAS100,1-hour,Long,28668.1,28365.86159,29164.04348,28167.00282,1.73%,2.81%,1.75%,0.70%,#N/A,New,19e1d238265e5145,2026-05-12 23:00:00,2026-05-13 11:00:00,2026-05-12 16:00:00,10%,SKIPPED
2026-05-12 14:02:02,AMZN.US,1-hour,Long,263.91165,250.31512,270.2587,246.7489,2.40%,7.97%,6.50%,1.42%,263.72,New,19e1d5a6e15bb892,2026-05-13 17:00:00,2026-05-16 22:00:00,2026-05-12 17:00:00,5%,SKIPPED
2026-05-12 14:02:02,GOOGL.US,1-hour,Long,384.64,362.88807,393.8413,357.43293,2.39%,8.53%,7.07%,1.50%,386.56,New,19e1d5a6e15bb892,2026-05-13 17:00:00,2026-05-16 22:00:00,2026-05-12 17:00:00,5%,SKIPPED
2026-05-13 9:33:04,BSX.US,Daily,Long,53.07,39.28844,59.59913,35.33508,12.30%,51.70%,33.42%,10.06%,57.69,New,19e218a935fe6628,2026-05-21 20:00:00,2026-06-08 20:00:00,2026-05-12 20:00:00,30%,SKIPPED
2026-05-13 9:33:04,AAPL.US,Daily,Short,295.72982,323.87679,274.37348,335.24793,7.22%,15.28%,13.36%,3.51%,310.38,New,19e218a935fe6628,2026-05-21 20:00:00,2026-06-08 20:00:00,2026-05-12 20:00:00,50%,SKIPPED
2026-05-13 9:33:04,MDT.US,4-hour,Long,75.81875,74.49478,78.58565,72.28817,3.65%,5.49%,4.66%,2.96%,77.69,New,19e218a935fe6628,2026-05-19 8:00:00,2026-05-27 8:00:00,2026-05-13 12:00:00,20%,SKIPPED
2026-05-13 9:33:04,CSCO.US,1-hour,Short,99.6,100.3868,97.04826,102.31976,2.56%,3.33%,2.73%,1.93%,118.06,New,19e218a935fe6628,2026-05-14 12:00:00,2026-05-18 10:00:00,2026-05-13 12:00:00,50%,SKIPPED
2026-05-13 9:44:54,ACN.US,1-hour,Long,162.71837,149.01959,175.55609,144.94511,7.89%,17.81%,10.92%,2.73%,178.21,New,19e219563b94a969,2026-05-14 12:00:00,2026-05-18 10:00:00,2026-05-13 12:00:00,78%,SKIPPED
2026-05-13 9:49:04,CRWD.US,1-hour,Short,546.55,560.9631,529.59696,584.02407,3.10%,5.59%,6.86%,4.11%,673.96,New,19e21993283fa601,2026-05-14 12:00:00,2026-05-18 10:00:00,2026-05-13 12:00:00,20%,SKIPPED
2026-05-13 10:10:39,ILMN.US,4-hour,Short,148.55441,162.28771,135.24565,169.86129,8.96%,16.66%,14.34%,4.67%,145.37,New,19e21acf6c7a9c01,2026-05-19 8:00:00,2026-05-27 8:00:00,2026-05-13 12:00:00,20%,SKIPPED
2026-05-13 11:02:09,PANW.US,1-hour,Short,217.06,219.75068,210.42217,225.35271,3.06%,4.25%,3.82%,2.55%,258.35,New,19e21dc20dc503ca,2026-05-14 14:00:00,2026-05-18 12:00:00,2026-05-13 14:00:00,35%,SKIPPED
2026-05-13 13:41:29,LLY.US,1-hour,Short,1017.86189,1072.08852,979.41304,1091.34246,3.78%,8.64%,7.22%,1.80%,1078.43,New,19e226e00eeccdeb,2026-05-14 16:00:00,2026-05-18 14:00:00,2026-05-13 16:00:00,25%,SKIPPED
2026-05-13 14:02:04,JNJ.US,1-hour,Short,229.61,236.26064,224.16391,239.42349,2.37%,5.12%,4.27%,1.34%,231.19,New,19e2280d978b747a,2026-05-14 17:00:00,2026-05-15 22:00:00,2026-05-13 17:00:00,10%,SKIPPED
2026-05-14 13:02:22,MRVL.US,1-hour,Short,184.25,207.35135,172.49435,216.2669,6.38%,16.81%,17.38%,4.30%,201.81,New,19e277088c470058,2026-05-15 16:00:00,2026-05-17 14:00:00,2026-05-14 16:00:00,30%,SKIPPED
2026-05-14 13:02:22,NVDA.US,1-hour,Short,235.51,249.38955,223.84957,255.40678,4.95%,10.24%,8.45%,2.41%,213.56,New,19e277088c470058,2026-05-15 16:00:00,2026-05-17 14:00:00,2026-05-14 16:00:00,34%,SKIPPED
2026-05-14 13:02:22,ASML.US,1-hour,Short,1593.38086,1751.29281,1545.33087,1788.21531,3.02%,11.76%,12.23%,2.11%,1608.97,New,19e277088c470058,2026-05-15 16:00:00,2026-05-17 14:00:00,2026-05-14 16:00:00,5%,SKIPPED
2026-05-14 13:05:12,META.US,1-hour,Short,619.66442,656.81799,607.41391,665.01467,1.98%,7.52%,7.32%,1.25%,607.92,New,19e27731c153ee7c,2026-05-15 16:00:00,2026-05-17 14:00:00,2026-05-14 16:00:00,5%,SKIPPED
2026-05-14 14:02:02,FTNT.US,1-hour,Short,120.63,134.77671,115.80435,137.16778,4.00%,14.08%,13.71%,1.77%,134.57,New,19e27a732402d03f,2026-05-15 17:00:00,2026-05-16 22:00:00,2026-05-14 17:00:00,30%,SKIPPED
2026-05-14 14:02:02,HD.US,1-hour,Long,303.13,300.61238,306.98217,296.08054,1.27%,2.12%,2.33%,1.51%,309.75,New,19e27a732402d03f,2026-05-15 17:00:00,2026-05-16 22:00:00,2026-05-14 17:00:00,15%,SKIPPED
2026-05-14 15:02:32,ADBE.US,1-hour,Long,235.71131,233.11134,238.60565,228.77805,1.23%,2.36%,2.94%,1.86%,242.3,New,19e27de8872dbe33,2026-05-15 18:00:00,2026-05-16 23:00:00,2026-05-14 18:00:00,5%,SKIPPED
2026-05-14 15:14:52,KLAC.US,1-hour,Short,1899.99334,2031.11668,1828.78043,2081.40144,3.75%,9.96%,9.55%,2.48%,1977.22,New,19e27e9d617a45cd,2026-05-15 18:00:00,2026-05-16 23:00:00,2026-05-14 18:00:00,5%,SKIPPED
2026-05-15 9:33:08,HD.US,Daily,Long,301.23,244.94939,327.58957,230.41224,8.75%,33.74%,23.51%,5.93%,309.75,New,19e2bd75335293bc,2026-05-23 20:00:00,2026-06-08 20:00:00,2026-05-14 20:00:00,20%,SKIPPED
2026-05-15 9:33:08,TMO.US,Daily,Long,444.5,342.80897,482.19826,313.90374,8.48%,40.66%,29.38%,8.43%,447.3,New,19e2bd75335293bc,2026-05-23 20:00:00,2026-06-08 20:00:00,2026-05-14 20:00:00,10%,SKIPPED
2026-05-15 9:33:08,ADI.US,Daily,Short,414.29,423.13228,394.16304,446.51275,4.86%,6.85%,7.78%,5.53%,415.08,New,19e2bd75335293bc,2026-05-23 20:00:00,2026-06-08 20:00:00,2026-05-14 20:00:00,20%,SKIPPED
2026-05-15 9:33:08,TXN.US,1-hour,Long,300,296.12712,301.15261,288.50635,0.38%,1.70%,3.83%,2.57%,322.31,New,19e2bd75335293bc,2026-05-16 12:00:00,2026-05-18 10:00:00,2026-05-15 12:00:00,5%,SKIPPED
2026-05-15 10:02:03,SYK.US,1-hour,Short,308.37,315.10886,298.08522,325.89103,3.34%,5.40%,5.68%,3.42%,311.44,New,19e2bf1dac73140b,2026-05-16 13:00:00,2026-05-18 11:00:00,2026-05-15 13:00:00,10%,SKIPPED
2026-05-15 10:02:03,CRM.US,1-hour,Short,172.25,174.19263,169.40522,177.70737,1.65%,2.75%,3.17%,2.02%,181.53,New,19e2bf1dac73140b,2026-05-16 13:00:00,2026-05-18 11:00:00,2026-05-15 13:00:00,5%,SKIPPED
2026-05-15 12:02:03,COP.US,1-hour,Short,121.58,125.12759,118.04304,126.94229,2.91%,5.66%,4.41%,1.45%,118.45,New,19e2c5fabe59967a,2026-05-16 15:00:00,2026-05-18 13:00:00,2026-05-15 15:00:00,5%,SKIPPED
2026-05-15 12:38:20,NOW.US,1-hour,Short,96.08183,106.83721,89.47174,109.56373,6.88%,16.25%,14.03%,2.55%,101.73,New,19e2c80ddf9a247a,2026-05-16 15:00:00,2026-05-18 13:00:00,2026-05-15 15:00:00,15%,SKIPPED
2026-05-15 13:02:03,CRWD.US,1-hour,Short,590,611.09472,564.05565,627.71834,4.40%,7.70%,6.39%,2.72%,673.96,New,19e2c969bd2e3a82,2026-05-16 16:00:00,2026-05-18 14:00:00,2026-05-15 16:00:00,40%,SKIPPED
2026-05-15 13:02:03,MSFT.US,1-hour,Short,424.85,441.27708,409.35087,448.12839,3.65%,7.23%,5.48%,1.55%,415.18,New,19e2c969bd2e3a82,2026-05-16 16:00:00,2026-05-18 14:00:00,2026-05-15 16:00:00,5%,SKIPPED
2026-05-15 13:02:03,XOM.US,1-hour,Short,156.06,160.27399,152.27348,162.18365,2.43%,4.99%,3.92%,1.19%,151.66,New,19e2c969bd2e3a82,2026-05-16 16:00:00,2026-05-18 14:00:00,2026-05-15 16:00:00,5%,SKIPPED
2026-05-15 14:35:13,HD.US,4-hour,Long,297.72863,277.74595,315.01652,268.64798,5.81%,13.42%,9.77%,3.28%,309.75,New,19e2cebe1076e13d,2026-05-18 20:00:00,2026-05-26 20:00:00,2026-05-15 16:00:00,45%,SKIPPED
2026-05-18 9:33:09,REGN.US,1-hour,Long,619,617.18608,711.45478,596.55276,14.94%,15.27%,3.63%,3.34%,641.79,New,19e3b4a68d5c8627,2026-05-21 12:00:00,2026-05-23 10:00:00,2026-05-18 12:00:00,78%,SKIPPED
2026-05-18 9:33:09,BKNG.US,Daily,Long,154.48,108.48955,172.33,96.67405,11.55%,58.84%,37.42%,10.89%,164.23,New,19e3b4a68d5c8627,2026-05-28 20:00:00,2026-06-13 20:00:00,2026-05-17 20:00:00,10%,SKIPPED
2026-05-18 9:52:04,ODFL.US,1-hour,Short,205.28623,218.69718,195.00783,224.43814,5.01%,10.83%,9.33%,2.63%,214.99,New,19e3b5bb903dd339,2026-05-21 12:00:00,2026-05-23 10:00:00,2026-05-18 12:00:00,10%,SKIPPED
2026-05-18 9:52:04,CSX.US,1-hour,Short,46.1839,47.63632,45.14261,48.21615,2.25%,5.23%,4.40%,1.22%,46.33,New,19e3b5bb903dd339,2026-05-21 12:00:00,2026-05-23 10:00:00,2026-05-18 12:00:00,15%,SKIPPED
2026-05-18 10:50:24,TSLA.US,1-hour,Long,410.211,361.86867,437.36435,350.23311,6.62%,20.86%,14.62%,3.22%,429.35,New,19e3b9122e1eb96b,2026-05-21 13:00:00,2026-05-23 11:00:00,2026-05-18 13:00:00,5%,SKIPPED
2026-05-18 11:02:04,CTAS.US,1-hour,Short,172.97,180.57928,165.99522,183.81933,4.03%,8.08%,6.27%,1.79%,171.17,New,19e3b9bd5bffad01,2026-05-21 14:00:00,2026-05-23 12:00:00,2026-05-18 14:00:00,10%,SKIPPED
2026-05-18 12:02:04,MU.US,1-hour,Long,696.61,546.47165,763.57478,508.74974,9.61%,39.73%,26.97%,6.90%,877.87,New,19e3bd2c25e0dce5,2026-05-21 15:00:00,2026-05-23 13:00:00,2026-05-18 15:00:00,5%,SKIPPED
2026-05-18 12:02:04,ACN.US,1-hour,Short,175.04,184.86978,164.7413,190.25249,5.88%,10.89%,8.69%,2.91%,178.21,New,19e3bd2c25e0dce5,2026-05-21 15:00:00,2026-05-23 13:00:00,2026-05-18 15:00:00,5%,SKIPPED
2026-05-18 12:02:04,DOCU.US,1-hour,Short,48.78,53.51406,46.23826,54.93925,5.21%,13.60%,12.63%,2.66%,49.66,New,19e3bd2c25e0dce5,2026-05-21 15:00:00,2026-05-23 13:00:00,2026-05-18 15:00:00,5%,SKIPPED
2026-05-18 14:02:04,OKTA.US,1-hour,Short,86.92,92.59413,81.76087,95.38179,5.94%,11.70%,9.74%,3.01%,96.05,New,19e3c409ec02a5ed,2026-05-21 17:00:00,2026-05-22 22:00:00,2026-05-18 17:00:00,20%,SKIPPED
2026-05-18 14:02:04,DXCM.US,1-hour,Short,64.18,69.56977,60.72348,71.90485,5.39%,12.72%,12.04%,3.36%,72.64,New,19e3c409ec02a5ed,2026-05-21 17:00:00,2026-05-22 22:00:00,2026-05-18 17:00:00,5%,SKIPPED
2026-05-18 14:12:19,LRCX.US,1-hour,Long,274.9892,250.76748,289.56826,241.84608,5.30%,15.47%,12.05%,3.56%,315.08,New,19e3c49fc6fd6ec7,2026-05-21 17:00:00,2026-05-22 22:00:00,2026-05-18 17:00:00,10%,SKIPPED
2026-05-18 15:02:04,AMAT.US,1-hour,Long,409.5,371.48216,432.93435,358.55116,5.72%,16.54%,12.44%,3.48%,448.93,New,19e3c778a4836011,2026-05-21 18:00:00,2026-05-22 23:00:00,2026-05-18 18:00:00,5%,SKIPPED
2026-05-18 15:08:14,UNP.US,1-hour,Short,275.73518,286.67202,269.16174,290.32148,2.38%,6.11%,5.29%,1.27%,271.24,New,19e3c7d3170ecc6c,2026-05-21 18:00:00,2026-05-22 23:00:00,2026-05-18 18:00:00,34%,SKIPPED
2026-05-19 10:14:51,BSX.US,1-hour,Short,57.3,59.6487,53.94435,61.06057,5.86%,9.56%,6.56%,2.37%,57.69,New,19e4096f2f93bcea,2026-05-20 13:00:00,2026-05-24 11:00:00,2026-05-19 13:00:00,10%,SKIPPED
2026-05-19 10:14:51,ABT.US,1-hour,Short,88.65,92.25347,85.5487,93.71502,3.50%,7.27%,5.71%,1.58%,86.63,New,19e4096f2f93bcea,2026-05-20 13:00:00,2026-05-24 11:00:00,2026-05-19 13:00:00,10%,SKIPPED
2026-05-19 13:02:06,REGN.US,4-hour,Long,633.05,554.00518,700.24522,523.01013,10.61%,26.40%,17.38%,5.59%,641.79,New,19e41301265067d8,2026-05-24 20:00:00,2026-06-01 20:00:00,2026-05-19 16:00:00,19%,SKIPPED
2026-05-19 13:02:06,XOM.US,4-hour,Short,161.96,177.82762,152.16739,182.93221,6.05%,14.43%,12.95%,2.87%,151.66,New,19e41301265067d8,2026-05-24 20:00:00,2026-06-01 20:00:00,2026-05-19 16:00:00,10%,SKIPPED
2026-05-19 14:32:41,COP.US,4-hour,Short,125.51665,131.63531,119.50957,135.53743,4.79%,9.21%,7.98%,2.96%,118.45,New,19e4182fc3310f52,2026-05-24 20:00:00,2026-06-01 20:00:00,2026-05-19 16:00:00,5%,SKIPPED
2026-05-19 15:02:06,CRM.US,1-hour,Short,180.35,182.37111,176.61261,187.26757,2.07%,3.16%,3.84%,2.68%,181.53,New,19e419df0cfcf65f,2026-05-20 18:00:00,2026-05-23 23:00:00,2026-05-19 18:00:00,5%,SKIPPED
2026-05-20 9:33:06,ALGN.US,Daily,Long,152.9,96.54433,174.65565,83.57192,14.23%,80.91%,45.34%,13.44%,164.05,New,19e4597120ebbd12,2026-05-28 20:00:00,2026-06-15 20:00:00,2026-05-19 20:00:00,15%,SKIPPED
2026-05-20 9:33:06,LOW.US,Daily,Long,211.57488,170.97918,233.47435,159.14554,10.35%,36.55%,24.78%,6.92%,212.06,New,19e4597120ebbd12,2026-05-28 20:00:00,2026-06-15 20:00:00,2026-05-19 20:00:00,20%,SKIPPED
2026-05-20 9:33:06,TJX.US,1-hour,Short,156.17,159.02366,149.43087,161.16931,4.32%,6.03%,3.20%,1.35%,158.75,New,19e4597120ebbd12,2026-05-21 12:00:00,2026-05-25 10:00:00,2026-05-20 12:00:00,10%,SKIPPED
2026-05-20 9:54:11,SYK.US,4-hour,Short,318.40509,347.37027,298.40435,357.94619,6.28%,14.10%,12.42%,3.04%,311.44,New,19e45aa6009779e4,2026-05-26 8:00:00,2026-06-03 8:00:00,2026-05-20 12:00:00,5%,SKIPPED
2026-05-20 13:38:26,DXCM.US,4-hour,Short,69.68728,77.87999,61.37435,81.16048,11.93%,21.19%,16.46%,4.21%,72.64,New,19e4677ae1ba8d4f,2026-05-25 20:00:00,2026-06-02 20:00:00,2026-05-20 16:00:00,20%,SKIPPED
2026-05-20 14:02:06,ADI.US,1-hour,Long,388.92,355.30298,411.77696,342.88074,5.88%,15.89%,11.84%,3.50%,415.08,New,19e468d5cc6eed6f,2026-05-21 17:00:00,2026-05-22 22:00:00,2026-05-20 17:00:00,5%,SKIPPED
2026-05-21 9:38:34,ANET.US,Daily,Long,145.38,107.79227,157.53652,92.77227,8.36%,46.15%,36.19%,13.93%,159.34,New,19e4ac273c49ad96,2026-05-29 20:00:00,2026-06-16 20:00:00,2026-05-20 20:00:00,5%,SKIPPED
2026-05-21 10:02:04,ASML.US,1-hour,Short,1574.8,1717.5065,1494.15522,1758.87354,5.12%,13.00%,11.69%,2.41%,1608.97,New,19e4ad7fb78d208f,2026-05-22 13:00:00,2026-05-24 11:00:00,2026-05-21 13:00:00,5%,SKIPPED
2026-05-21 13:51:49,KLAC.US,1-hour,Short,1873.53,2026.01607,1779.1587,2072.23031,5.04%,12.18%,10.61%,2.28%,1977.22,New,19e4baa4ed03d1eb,2026-05-22 16:00:00,2026-05-24 14:00:00,2026-05-21 16:00:00,5%,SKIPPED
2026-05-22 9:33:08,LULU.US,4-hour,Short,127.16,128.94448,124.63435,133.66446,1.99%,3.34%,5.12%,3.66%,127.25,New,19e4fe3dd4506f16,2026-05-26 8:00:00,2026-06-05 8:00:00,2026-05-22 12:00:00,5%,SKIPPED
2026-05-22 10:02:03,MRK.US,1-hour,Short,121.31,124.36304,114.45348,126.52433,5.65%,7.97%,4.30%,1.74%,120.9,New,19e4ffe4f7fd4386,2026-05-23 13:00:00,2026-05-25 11:00:00,2026-05-22 13:00:00,30%,SKIPPED
2026-05-22 11:02:03,ANET.US,1-hour,Short,153.04,163.33456,143.03348,167.78298,6.54%,12.43%,9.63%,2.72%,159.34,New,19e503545bf36c0a,2026-05-23 14:00:00,2026-05-25 12:00:00,2026-05-22 14:00:00,10%,SKIPPED
2026-05-22 11:02:03,AAPL.US,1-hour,Short,310.33,318.82274,301.64348,322.54768,2.80%,5.39%,3.94%,1.17%,310.38,New,19e503545bf36c0a,2026-05-23 14:00:00,2026-05-25 12:00:00,2026-05-22 14:00:00,51%,SKIPPED
2026-05-22 11:13:33,AMD.US,1-hour,Short,473.25,521.82779,435.8613,540.51192,7.90%,16.47%,14.21%,3.58%,488.34,New,19e503fc04c51a93,2026-05-23 14:00:00,2026-05-25 12:00:00,2026-05-22 14:00:00,42%,SKIPPED
2026-05-22 12:02:03,SNPS.US,1-hour,Short,532.83,566.87017,499.31609,581.23216,6.29%,11.92%,9.08%,2.53%,535.38,New,19e506c2d7ba70d0,2026-05-23 15:00:00,2026-05-25 13:00:00,2026-05-22 15:00:00,29%,SKIPPED
2026-05-22 12:02:03,ROST.US,1-hour,Short,230.65119,243.06796,218.28739,249.108,5.36%,10.19%,8.00%,2.48%,234.24,New,19e506c2d7ba70d0,2026-05-23 15:00:00,2026-05-25 13:00:00,2026-05-22 15:00:00,5%,SKIPPED
2026-05-22 12:02:03,CRWD.US,1-hour,Short,672.2,704.06002,640.92087,721.71247,4.65%,8.97%,7.37%,2.51%,673.96,New,19e506c2d7ba70d0,2026-05-23 15:00:00,2026-05-25 13:00:00,2026-05-22 15:00:00,40%,SKIPPED
2026-05-22 12:09:08,SWKS.US,1-hour,Short,79.47587,84.48695,73.01826,87.18938,8.13%,13.57%,9.71%,3.20%,81.81,New,19e5072a57f7cdbd,2026-05-23 15:00:00,2026-05-25 13:00:00,2026-05-22 15:00:00,45%,SKIPPED
2026-05-22 13:02:03,FTNT.US,4-hour,Short,133.51,141.09832,120.56348,153.23963,9.70%,14.55%,14.78%,8.60%,134.57,New,19e50a31970c36b0,2026-05-25 20:00:00,2026-06-02 20:00:00,2026-05-22 16:00:00,51%,SKIPPED
2026-05-22 13:02:03,LLY.US,1-hour,Short,1060.78,1102.6532,1028.88174,1122.16224,3.01%,6.69%,5.79%,1.77%,1078.43,New,19e50a31970c36b0,2026-05-23 16:00:00,2026-05-25 14:00:00,2026-05-22 16:00:00,20%,SKIPPED
2026-05-22 13:05:38,SBUX.US,1-hour,Long,102.33914,96.42647,105.40348,94.76405,2.99%,9.31%,7.40%,1.72%,101.63,New,19e50a66746d1196,2026-05-23 16:00:00,2026-05-25 14:00:00,2026-05-22 16:00:00,15%,SKIPPED